customer_code,first_name,last_name,email,phone,date_of_birth,gender,acquisition_date,customer_status
C00001,Mason,Smith,mason.smith760@email.com,+1-481-350-4657,2002-05-29,Other,2024-08-11,Active
C00002,Grace,Williams,grace.williams605@email.com,+1-632-132-1488,1994-05-31,Male,2024-09-27,Active
C00003,Scarlett,Martin,scarlett.martin28@email.com,+1-774-303-9928,1980-06-03,Male,2023-10-29,Active
C00004,John,Rodriguez,john.rodriguez829@email.com,+1-206-877-3615,1987-06-02,Female,2023-01-17,Active
C00005,Henry,Jones,henry.jones221@email.com,+1-981-444-2674,2002-05-29,Female,2024-09-28,Active
C00006,Emily,Ramirez,emily.ramirez353@email.com,+1-818-370-1711,2001-05-29,Other,2023-09-18,Active
C00007,Elizabeth,Williams,elizabeth.williams566@email.com,+1-500-949-6925,1963-06-08,Male,2023-05-20,Active
C00008,Ava,Johnson,ava.johnson678@email.com,+1-433-891-5741,1953-06-10,Male,2024-10-11,Active
C00009,Sophia,Gonzalez,sophia.gonzalez285@email.com,+1-664-750-6977,1986-06-02,Female,2024-07-18,Active
C00010,Benjamin,Perez,benjamin.perez274@email.com,+1-918-799-2169,1998-05-30,Other,2023-04-18,Active
C00011,Grace,White,grace.white251@email.com,+1-367-573-7216,1964-06-07,Other,2024-03-30,Active
C00012,Sebastian,Davis,sebastian.davis702@email.com,+1-532-963-1916,1957-06-09,Male,2024-05-11,Active
C00013,Abigail,Gonzalez,abigail.gonzalez275@email.com,+1-267-316-6155,1977-06-04,Other,2024-05-28,Active
C00014,Matthew,Lewis,matthew.lewis937@email.com,+1-858-569-3340,1993-05-31,Male,2024-04-04,Active
C00015,Sebastian,Moore,sebastian.moore270@email.com,+1-964-698-8019,1985-06-02,Female,2023-05-14,Active
C00016,Amelia,Jones,amelia.jones522@email.com,+1-705-193-1771,1968-06-06,Male,2024-09-10,Active
C00017,Mia,Sanchez,mia.sanchez697@email.com,+1-632-710-2040,1970-06-06,Female,2023-12-03,Active
C00018,David,Taylor,david.taylor258@email.com,+1-766-981-1188,2001-05-29,Other,2023-02-04,Active
C00019,Grace,Harris,grace.harris274@email.com,+1-987-756-6573,1981-06-03,Female,2024-09-08,Active
C00020,Mia,Anderson,mia.anderson4@email.com,+1-939-996-5315,1976-06-04,Male,2023-08-07,Active
C00021,Sophia,Ramirez,sophia.ramirez641@email.com,+1-505-961-9317,1999-05-30,Male,2023-04-18,Active
C00022,Daniel,Harris,daniel.harris166@email.com,+1-752-897-9689,1988-06-01,Other,2024-12-31,Active
C00023,Joseph,Smith,joseph.smith115@email.com,+1-571-999-6038,1993-05-31,Male,2024-04-30,Active
C00024,Chloe,Williams,chloe.williams88@email.com,+1-949-597-2133,2000-05-29,Male,2023-07-05,Active
C00025,Ella,Moore,ella.moore170@email.com,+1-471-640-7932,1960-06-08,Other,2024-05-29,Active
C00026,Charlotte,Thompson,charlotte.thompson320@email.com,+1-608-787-7118,1980-06-03,Other,2023-10-10,Active
C00027,Mason,Davis,mason.davis231@email.com,+1-265-446-1344,1994-05-31,Other,2023-05-09,Active
C00028,John,Davis,john.davis8@email.com,+1-272-824-1964,1951-06-11,Male,2024-05-11,Active
C00029,Olivia,Ramirez,olivia.ramirez339@email.com,+1-272-626-4899,1977-06-04,Other,2024-03-21,Active
C00030,Benjamin,Moore,benjamin.moore136@email.com,+1-940-684-8744,1957-06-09,Female,2024-04-27,Active
C00031,Sofia,Miller,sofia.miller97@email.com,+1-299-774-8062,1982-06-03,Female,2024-01-04,Active
C00032,David,Ramirez,david.ramirez747@email.com,+1-255-789-2612,1962-06-08,Female,2024-10-30,Active
C00033,Michael,Sanchez,michael.sanchez883@email.com,+1-311-354-4139,1980-06-03,Other,2024-06-20,Active
C00034,Isabella,Wilson,isabella.wilson188@email.com,+1-485-573-5092,1957-06-09,Female,2024-10-15,Active
C00035,Sebastian,Brown,sebastian.brown52@email.com,+1-867-653-1241,1998-05-30,Male,2024-09-27,Active
C00036,Sofia,Thomas,sofia.thomas493@email.com,+1-418-985-7570,1984-06-02,Male,2024-11-01,Active
C00037,Emma,Gonzalez,emma.gonzalez272@email.com,+1-665-392-7930,1958-06-09,Other,2023-01-18,Active
C00038,Sebastian,Perez,sebastian.perez736@email.com,+1-698-258-4111,2005-05-28,Male,2024-03-03,Active
C00039,John,White,john.white556@email.com,+1-262-865-6138,1971-06-06,Male,2024-11-03,Active
C00040,Ella,Taylor,ella.taylor942@email.com,+1-743-261-1931,1954-06-10,Male,2023-07-30,Active
C00041,James,Williams,james.williams610@email.com,+1-269-791-4853,1952-06-10,Male,2023-11-14,Active
C00042,Chloe,Davis,chloe.davis593@email.com,+1-808-140-2343,1971-06-06,Other,2023-10-29,Active
C00043,Chloe,Taylor,chloe.taylor324@email.com,+1-467-309-6147,1983-06-03,Female,2024-05-01,Active
C00044,Isabella,Perez,isabella.perez661@email.com,+1-507-568-6180,1979-06-04,Male,2024-10-18,Active
C00045,Andrew,Jackson,andrew.jackson103@email.com,+1-275-650-4492,2000-05-29,Female,2023-08-01,Active
C00046,Emily,Lewis,emily.lewis71@email.com,+1-450-478-5669,1955-06-10,Female,2024-07-23,Active
C00047,Grace,Thompson,grace.thompson310@email.com,+1-826-926-9666,1956-06-09,Other,2024-12-23,Active
C00048,Sebastian,Martinez,sebastian.martinez955@email.com,+1-879-206-3200,1952-06-10,Male,2024-04-05,Active
C00049,Sophia,White,sophia.white567@email.com,+1-359-378-5616,1963-06-08,Male,2023-04-22,Active
C00050,Michael,Miller,michael.miller704@email.com,+1-849-973-5325,1992-05-31,Female,2023-08-02,Active
C00051,Noah,Williams,noah.williams650@email.com,+1-633-949-5533,1987-06-02,Male,2024-11-16,Active
C00052,Isabella,Lee,isabella.lee269@email.com,+1-365-859-8239,1981-06-03,Other,2023-06-16,Active
C00053,Sebastian,Smith,sebastian.smith115@email.com,+1-277-807-3442,1955-06-10,Male,2023-06-22,Active
C00054,Daniel,Jackson,daniel.jackson566@email.com,+1-351-540-3088,1985-06-02,Female,2024-11-19,Active
C00055,Olivia,Lewis,olivia.lewis367@email.com,+1-415-798-5088,1986-06-02,Male,2023-02-18,Active
C00056,Sebastian,Lewis,sebastian.lewis896@email.com,+1-616-735-3532,1957-06-09,Male,2024-05-03,Active
C00057,James,Lewis,james.lewis423@email.com,+1-225-283-6442,1953-06-10,Other,2023-11-06,Active
C00058,Lucas,Rodriguez,lucas.rodriguez164@email.com,+1-918-210-7267,1994-05-31,Female,2024-11-22,Active
C00059,Charlotte,Clark,charlotte.clark941@email.com,+1-671-458-6000,2007-05-28,Male,2024-05-12,Active
C00060,Charlotte,Gonzalez,charlotte.gonzalez337@email.com,+1-485-985-2137,1967-06-07,Female,2024-03-21,Active
C00061,Scarlett,Gonzalez,scarlett.gonzalez696@email.com,+1-749-439-1452,1997-05-30,Female,2024-09-04,Active
C00062,John,Rodriguez,john.rodriguez40@email.com,+1-311-710-8119,1958-06-09,Other,2024-01-13,Active
C00063,Abigail,Wilson,abigail.wilson621@email.com,+1-723-218-7311,1992-05-31,Male,2023-05-21,Active
C00064,Olivia,Thompson,olivia.thompson447@email.com,+1-201-632-9821,1961-06-08,Other,2023-01-28,Active
C00065,Charlotte,Lopez,charlotte.lopez442@email.com,+1-271-780-6409,1966-06-07,Female,2023-04-03,Active
C00066,Mason,White,mason.white922@email.com,+1-507-619-6067,1988-06-01,Female,2023-02-18,Active
C00067,Matthew,Thompson,matthew.thompson303@email.com,+1-767-230-4143,1984-06-02,Other,2023-10-28,Active
C00068,James,Martin,james.martin583@email.com,+1-508-515-9977,1990-06-01,Female,2024-12-31,Active
C00069,Benjamin,Wilson,benjamin.wilson805@email.com,+1-793-721-6279,1980-06-03,Female,2023-09-12,Active
C00070,Benjamin,Taylor,benjamin.taylor485@email.com,+1-953-273-2389,1966-06-07,Other,2024-03-16,Active
C00071,Andrew,Hernandez,andrew.hernandez96@email.com,+1-969-340-6085,1999-05-30,Male,2024-05-15,Active
C00072,Liam,Johnson,liam.johnson251@email.com,+1-686-725-2193,1952-06-10,Female,2023-09-22,Active
C00073,Chloe,Miller,chloe.miller736@email.com,+1-913-493-9099,1999-05-30,Male,2023-11-18,Active
C00074,Emma,Lewis,emma.lewis769@email.com,+1-988-209-7965,1957-06-09,Male,2024-05-21,Active
C00075,Samuel,Anderson,samuel.anderson52@email.com,+1-770-355-2988,1957-06-09,Male,2023-09-21,Active
C00076,David,Perez,david.perez544@email.com,+1-772-709-6198,1956-06-09,Other,2023-10-05,Active
C00077,Scarlett,Wilson,scarlett.wilson851@email.com,+1-761-556-3607,1992-05-31,Female,2023-09-02,Active
C00078,Lucas,Clark,lucas.clark653@email.com,+1-483-884-9540,1993-05-31,Other,2023-08-23,Active
C00079,Henry,Anderson,henry.anderson80@email.com,+1-930-392-4841,1988-06-01,Female,2024-03-28,Active
C00080,Grace,Williams,grace.williams142@email.com,+1-354-336-7275,1963-06-08,Male,2023-01-21,Active
C00081,Benjamin,Williams,benjamin.williams425@email.com,+1-617-438-9890,2005-05-28,Female,2023-09-11,Active
C00082,Benjamin,Clark,benjamin.clark431@email.com,+1-598-888-1320,1978-06-04,Female,2023-05-22,Active
C00083,Emma,Lopez,emma.lopez306@email.com,+1-971-499-7865,1961-06-08,Other,2023-06-29,Active
C00084,Grace,Sanchez,grace.sanchez618@email.com,+1-425-599-4595,1977-06-04,Female,2024-03-27,Active
C00085,Liam,Gonzalez,liam.gonzalez345@email.com,+1-884-795-7624,2000-05-29,Female,2024-07-15,Active
C00086,Andrew,Moore,andrew.moore28@email.com,+1-603-706-1444,1981-06-03,Other,2024-10-07,Active
C00087,Isabella,Ramirez,isabella.ramirez473@email.com,+1-386-151-5262,1995-05-31,Female,2023-12-09,Active
C00088,David,Hernandez,david.hernandez346@email.com,+1-979-488-5558,1955-06-10,Female,2023-10-27,Active
C00089,Ethan,Thomas,ethan.thomas20@email.com,+1-967-652-1853,1967-06-07,Male,2024-01-08,Active
C00090,Ava,Harris,ava.harris981@email.com,+1-867-141-1508,1955-06-10,Male,2024-04-22,Active
C00091,Liam,Martin,liam.martin157@email.com,+1-444-229-8758,1972-06-05,Male,2023-02-15,Active
C00092,Benjamin,Anderson,benjamin.anderson717@email.com,+1-462-885-7043,1970-06-06,Other,2024-07-13,Active
C00093,Mason,Harris,mason.harris839@email.com,+1-367-418-2771,1989-06-01,Male,2023-05-19,Active
C00094,Chloe,Perez,chloe.perez930@email.com,+1-584-506-4249,1964-06-07,Other,2024-10-15,Active
C00095,Lucas,Brown,lucas.brown714@email.com,+1-991-408-2983,1986-06-02,Male,2023-06-01,Active
C00096,Grace,Wilson,grace.wilson678@email.com,+1-579-170-9289,2008-05-27,Female,2023-03-09,Active
C00097,Sofia,Clark,sofia.clark502@email.com,+1-308-543-6934,1963-06-08,Female,2023-03-22,Active
C00098,William,Wilson,william.wilson181@email.com,+1-951-634-5425,1959-06-09,Other,2023-04-11,Active
C00099,Ella,Anderson,ella.anderson447@email.com,+1-948-706-5397,1955-06-10,Male,2024-02-05,Active
C00100,Ethan,Rodriguez,ethan.rodriguez903@email.com,+1-661-349-8613,1966-06-07,Other,2023-05-28,Active
C00101,Elizabeth,Hernandez,elizabeth.hernandez30@email.com,+1-706-971-6325,1995-05-31,Female,2024-06-28,Active
C00102,Emily,Sanchez,emily.sanchez265@email.com,+1-548-386-5526,1975-06-05,Male,2023-06-11,Active
C00103,Charlotte,Williams,charlotte.williams248@email.com,+1-937-516-9004,1964-06-07,Male,2023-06-12,Active
C00104,Ella,Lee,ella.lee729@email.com,+1-702-558-1282,1994-05-31,Female,2024-09-27,Active
C00105,Matthew,Thompson,matthew.thompson250@email.com,+1-513-779-7046,1975-06-05,Other,2023-09-04,Active
C00106,Emily,Wilson,emily.wilson764@email.com,+1-763-438-6764,1991-06-01,Female,2023-01-12,Active
C00107,Alexander,Rodriguez,alexander.rodriguez237@email.com,+1-323-838-4155,1961-06-08,Male,2024-02-12,Active
C00108,Grace,Harris,grace.harris707@email.com,+1-389-296-4545,1962-06-08,Female,2023-08-24,Active
C00109,John,Harris,john.harris538@email.com,+1-811-389-2647,1994-05-31,Female,2024-06-16,Active
C00110,Daniel,Garcia,daniel.garcia310@email.com,+1-214-825-9751,2006-05-28,Female,2024-08-24,Active
C00111,Noah,Moore,noah.moore300@email.com,+1-914-229-9042,1972-06-05,Male,2024-09-17,Active
C00112,Evelyn,Thomas,evelyn.thomas491@email.com,+1-651-448-4020,1953-06-10,Female,2024-11-09,Active
C00113,Ella,Brown,ella.brown842@email.com,+1-266-510-9056,1968-06-06,Other,2024-10-17,Active
C00114,Noah,Jones,noah.jones153@email.com,+1-776-411-2395,1973-06-05,Male,2024-04-21,Active
C00115,Sofia,Martin,sofia.martin611@email.com,+1-833-331-9561,1980-06-03,Female,2023-12-08,Active
C00116,Alexander,Ramirez,alexander.ramirez603@email.com,+1-639-412-1986,2002-05-29,Other,2023-04-17,Active
C00117,Benjamin,Lee,benjamin.lee217@email.com,+1-470-776-2330,1997-05-30,Male,2024-07-24,Active
C00118,Sebastian,Williams,sebastian.williams161@email.com,+1-202-518-8381,1978-06-04,Other,2023-01-26,Active
C00119,Evelyn,Johnson,evelyn.johnson238@email.com,+1-495-823-5632,2004-05-28,Female,2023-01-12,Active
C00120,Amelia,Robinson,amelia.robinson271@email.com,+1-840-703-4241,1974-06-05,Male,2023-10-23,Active
C00121,Amelia,Lee,amelia.lee153@email.com,+1-472-946-3330,1998-05-30,Male,2024-10-19,Active
C00122,Alexander,Martin,alexander.martin767@email.com,+1-782-395-8195,1964-06-07,Female,2024-08-26,Active
C00123,Alexander,Thompson,alexander.thompson413@email.com,+1-478-612-9847,2003-05-29,Female,2023-08-14,Active
C00124,Victoria,Johnson,victoria.johnson911@email.com,+1-642-852-6280,2007-05-28,Female,2023-04-23,Active
C00125,Ethan,Davis,ethan.davis985@email.com,+1-890-956-1339,1972-06-05,Female,2023-02-12,Active
C00126,Olivia,Harris,olivia.harris775@email.com,+1-379-581-9502,1991-06-01,Female,2023-03-05,Active
C00127,James,Jackson,james.jackson447@email.com,+1-850-933-9056,1986-06-02,Female,2024-09-29,Active
C00128,Sofia,Hernandez,sofia.hernandez329@email.com,+1-886-207-3634,1964-06-07,Female,2024-01-29,Active
C00129,Joseph,Martinez,joseph.martinez679@email.com,+1-610-933-1601,1988-06-01,Male,2023-09-23,Active
C00130,Harper,Hernandez,harper.hernandez119@email.com,+1-991-513-9431,1953-06-10,Other,2024-12-30,Active
C00131,Grace,Anderson,grace.anderson424@email.com,+1-255-292-9494,1960-06-08,Other,2023-12-27,Active
C00132,Joseph,Lee,joseph.lee453@email.com,+1-978-152-4335,2000-05-29,Other,2024-04-02,Active
C00133,Evelyn,Anderson,evelyn.anderson902@email.com,+1-915-596-2989,1970-06-06,Other,2024-12-02,Active
C00134,Lucas,Thompson,lucas.thompson163@email.com,+1-518-664-1224,2003-05-29,Female,2023-06-15,Active
C00135,Amelia,Clark,amelia.clark935@email.com,+1-316-572-2924,1977-06-04,Male,2023-03-09,Active
C00136,Evelyn,Taylor,evelyn.taylor723@email.com,+1-479-525-8905,1979-06-04,Male,2023-09-05,Active
C00137,Sebastian,Jones,sebastian.jones393@email.com,+1-395-713-9327,1991-06-01,Male,2024-08-14,Active
C00138,Sofia,Hernandez,sofia.hernandez957@email.com,+1-719-373-1042,1989-06-01,Other,2024-03-17,Active
C00139,John,Jackson,john.jackson676@email.com,+1-701-986-3434,1978-06-04,Other,2023-10-01,Active
C00140,Emily,Hernandez,emily.hernandez566@email.com,+1-981-656-7180,1953-06-10,Female,2023-09-22,Active
C00141,Charlotte,Thompson,charlotte.thompson245@email.com,+1-785-492-4826,1988-06-01,Male,2023-11-07,Active
C00142,Ella,Thompson,ella.thompson936@email.com,+1-590-495-3492,2000-05-29,Male,2023-08-12,Active
C00143,Scarlett,Jackson,scarlett.jackson340@email.com,+1-302-995-8213,1979-06-04,Other,2024-09-20,Active
C00144,Emma,White,emma.white148@email.com,+1-619-991-3529,1958-06-09,Female,2024-10-16,Active
C00145,Harper,Hernandez,harper.hernandez639@email.com,+1-909-507-2315,1954-06-10,Other,2024-01-30,Active
C00146,Grace,Gonzalez,grace.gonzalez978@email.com,+1-524-741-8994,1969-06-06,Male,2023-06-26,Active
C00147,Ava,Davis,ava.davis647@email.com,+1-900-394-4727,2002-05-29,Female,2024-09-30,Active
C00148,Sophia,Anderson,sophia.anderson171@email.com,+1-910-406-1474,1958-06-09,Female,2024-11-14,Active
C00149,Noah,Martinez,noah.martinez368@email.com,+1-583-541-3385,1982-06-03,Other,2024-04-25,Active
C00150,Chloe,Perez,chloe.perez812@email.com,+1-384-274-3868,1953-06-10,Other,2024-10-12,Active
C00151,Elizabeth,Martin,elizabeth.martin700@email.com,+1-446-609-3344,1968-06-06,Female,2024-05-08,Active
C00152,Harper,Anderson,harper.anderson262@email.com,+1-882-109-8622,1974-06-05,Other,2024-03-12,Active
C00153,Mia,Williams,mia.williams453@email.com,+1-553-701-5901,1964-06-07,Female,2023-03-18,Active
C00154,Harper,Anderson,harper.anderson866@email.com,+1-509-303-7302,1993-05-31,Male,2023-08-25,Active
C00155,Elizabeth,Jackson,elizabeth.jackson368@email.com,+1-788-402-5837,1983-06-03,Other,2024-12-09,Active
C00156,Henry,Smith,henry.smith580@email.com,+1-902-896-1803,1977-06-04,Other,2023-04-21,Active
C00157,Evelyn,Harris,evelyn.harris819@email.com,+1-435-721-6772,1996-05-30,Other,2024-05-21,Active
C00158,Andrew,Rodriguez,andrew.rodriguez695@email.com,+1-973-838-3240,1951-06-11,Male,2023-03-29,Active
C00159,Olivia,Martinez,olivia.martinez808@email.com,+1-651-134-6977,1990-06-01,Male,2024-08-19,Active
C00160,Abigail,White,abigail.white426@email.com,+1-379-305-3165,1975-06-05,Female,2023-06-28,Active
C00161,Scarlett,Robinson,scarlett.robinson280@email.com,+1-368-363-8894,1953-06-10,Other,2024-03-04,Active
C00162,Michael,Sanchez,michael.sanchez118@email.com,+1-679-177-3306,1962-06-08,Other,2024-05-14,Active
C00163,Matthew,Ramirez,matthew.ramirez824@email.com,+1-770-474-2479,1992-05-31,Male,2023-11-23,Active
C00164,Grace,Brown,grace.brown466@email.com,+1-577-788-5295,1956-06-09,Female,2023-05-13,Active
C00165,Daniel,Brown,daniel.brown692@email.com,+1-439-582-1410,1988-06-01,Other,2023-04-07,Active
C00166,Andrew,Davis,andrew.davis664@email.com,+1-264-750-8606,1967-06-07,Female,2023-01-14,Active
C00167,Sofia,Brown,sofia.brown144@email.com,+1-246-138-5986,2002-05-29,Male,2023-08-15,Active
C00168,Lucas,Lewis,lucas.lewis551@email.com,+1-338-497-8432,1961-06-08,Other,2023-12-18,Active
C00169,Grace,Wilson,grace.wilson602@email.com,+1-960-844-3531,2002-05-29,Other,2023-11-03,Active
C00170,Joseph,Martin,joseph.martin418@email.com,+1-486-133-7070,1980-06-03,Female,2024-05-23,Active
C00171,Lucas,Ramirez,lucas.ramirez372@email.com,+1-301-802-7018,1986-06-02,Other,2023-06-23,Active
C00172,Noah,Gonzalez,noah.gonzalez283@email.com,+1-394-225-8450,1995-05-31,Other,2024-09-29,Active
C00173,Victoria,Smith,victoria.smith52@email.com,+1-541-349-3063,2004-05-28,Male,2023-06-02,Active
C00174,Sebastian,Miller,sebastian.miller601@email.com,+1-421-932-4817,1958-06-09,Male,2024-01-30,Active
C00175,Victoria,Smith,victoria.smith284@email.com,+1-348-233-9850,2001-05-29,Male,2024-04-19,Active
C00176,Liam,Jones,liam.jones16@email.com,+1-566-908-4898,2007-05-28,Female,2023-05-09,Active
C00177,James,Rodriguez,james.rodriguez54@email.com,+1-329-859-7897,1961-06-08,Male,2023-07-12,Active
C00178,Ava,Thomas,ava.thomas460@email.com,+1-996-470-9408,1980-06-03,Male,2023-05-04,Active
C00179,Scarlett,Davis,scarlett.davis969@email.com,+1-829-144-9543,1967-06-07,Female,2024-02-27,Active
C00180,Liam,Johnson,liam.johnson491@email.com,+1-611-536-2768,1980-06-03,Other,2023-08-17,Active
C00181,Ava,Lewis,ava.lewis83@email.com,+1-529-722-3430,1991-06-01,Male,2024-10-25,Active
C00182,Andrew,Lee,andrew.lee600@email.com,+1-761-829-6327,1975-06-05,Other,2023-12-07,Active
C00183,Evelyn,Anderson,evelyn.anderson518@email.com,+1-819-540-2624,1954-06-10,Male,2023-01-13,Active
C00184,Sebastian,White,sebastian.white887@email.com,+1-420-540-8398,1987-06-02,Female,2024-05-12,Active
C00185,David,Gonzalez,david.gonzalez426@email.com,+1-947-197-6120,1966-06-07,Female,2023-10-21,Active
C00186,Harper,Lopez,harper.lopez977@email.com,+1-356-803-8770,1955-06-10,Male,2024-10-24,Active
C00187,Ethan,Williams,ethan.williams443@email.com,+1-298-862-7105,2005-05-28,Other,2024-08-20,Active
C00188,John,Moore,john.moore576@email.com,+1-537-786-3002,1953-06-10,Female,2023-11-07,Active
C00189,Jackson,Ramirez,jackson.ramirez938@email.com,+1-938-152-5712,1986-06-02,Female,2023-04-27,Active
C00190,Sophia,Jackson,sophia.jackson520@email.com,+1-417-258-8900,1986-06-02,Male,2024-05-16,Active
C00191,Sebastian,Lopez,sebastian.lopez118@email.com,+1-980-385-4705,1959-06-09,Other,2023-10-19,Active
C00192,Andrew,Martin,andrew.martin692@email.com,+1-858-670-1430,1955-06-10,Other,2023-04-18,Active
C00193,Henry,Smith,henry.smith185@email.com,+1-479-819-6062,2008-05-27,Female,2024-01-19,Active
C00194,James,Ramirez,james.ramirez147@email.com,+1-779-773-7566,1961-06-08,Male,2024-10-21,Active
C00195,Liam,Williams,liam.williams765@email.com,+1-743-320-7163,1987-06-02,Female,2023-10-29,Active
C00196,Mia,Lopez,mia.lopez320@email.com,+1-938-432-2391,1998-05-30,Male,2024-11-08,Active
C00197,Andrew,Johnson,andrew.johnson691@email.com,+1-283-378-8259,1977-06-04,Female,2023-02-23,Active
C00198,Victoria,Anderson,victoria.anderson425@email.com,+1-479-320-9394,1981-06-03,Female,2024-09-06,Active
C00199,Mason,Martinez,mason.martinez695@email.com,+1-894-707-8972,1989-06-01,Other,2023-07-11,Active
C00200,Olivia,Davis,olivia.davis405@email.com,+1-813-156-1125,1995-05-31,Female,2024-06-05,Active
C00201,Isabella,Harris,isabella.harris262@email.com,+1-496-435-2965,1961-06-08,Female,2024-12-24,Active
C00202,Jackson,Garcia,jackson.garcia133@email.com,+1-589-645-4770,1955-06-10,Other,2023-08-07,Active
C00203,Emily,Williams,emily.williams407@email.com,+1-959-143-8147,2004-05-28,Female,2024-12-12,Active
C00204,Abigail,Jackson,abigail.jackson440@email.com,+1-787-514-7843,1983-06-03,Male,2024-03-10,Active
C00205,Liam,Hernandez,liam.hernandez176@email.com,+1-832-571-6928,1954-06-10,Female,2024-10-02,Active
C00206,Sophia,Davis,sophia.davis447@email.com,+1-803-510-9584,1953-06-10,Female,2024-10-12,Active
C00207,Alexander,White,alexander.white348@email.com,+1-426-441-3754,1968-06-06,Other,2024-10-14,Active
C00208,Mason,Taylor,mason.taylor523@email.com,+1-398-894-6724,1956-06-09,Other,2024-01-07,Active
C00209,William,Davis,william.davis106@email.com,+1-349-362-4232,1999-05-30,Other,2024-07-07,Active
C00210,Ava,Garcia,ava.garcia975@email.com,+1-991-743-9095,1960-06-08,Other,2023-09-13,Active
C00211,John,Anderson,john.anderson698@email.com,+1-778-758-6295,1999-05-30,Female,2023-03-30,Active
C00212,Avery,Williams,avery.williams481@email.com,+1-652-746-5961,2005-05-28,Other,2024-03-25,Active
C00213,Emily,Taylor,emily.taylor76@email.com,+1-517-572-8404,1985-06-02,Male,2024-11-23,Active
C00214,Evelyn,Williams,evelyn.williams661@email.com,+1-292-729-9307,1971-06-06,Female,2023-12-04,Active
C00215,Sebastian,Sanchez,sebastian.sanchez757@email.com,+1-242-560-4084,1978-06-04,Other,2024-02-06,Active
C00216,Scarlett,Jones,scarlett.jones981@email.com,+1-263-561-2695,2003-05-29,Other,2024-01-15,Active
C00217,Scarlett,Lee,scarlett.lee177@email.com,+1-240-353-8172,1975-06-05,Other,2023-10-09,Active
C00218,Andrew,Garcia,andrew.garcia373@email.com,+1-581-389-7347,1965-06-07,Female,2023-11-09,Active
C00219,Victoria,Johnson,victoria.johnson809@email.com,+1-846-762-6482,2002-05-29,Female,2024-10-25,Active
C00220,Sebastian,Perez,sebastian.perez396@email.com,+1-490-358-3463,1971-06-06,Male,2024-01-25,Active
C00221,William,Robinson,william.robinson359@email.com,+1-517-771-7421,1963-06-08,Other,2024-08-21,Active
C00222,Ethan,Martinez,ethan.martinez573@email.com,+1-585-758-6381,1964-06-07,Other,2024-08-23,Active
C00223,Samuel,Williams,samuel.williams662@email.com,+1-886-533-9331,1985-06-02,Male,2023-12-27,Active
C00224,Alexander,Garcia,alexander.garcia974@email.com,+1-419-449-8967,2000-05-29,Male,2024-06-18,Active
C00225,William,Williams,william.williams303@email.com,+1-303-619-9843,1966-06-07,Male,2023-07-11,Active
C00226,Michael,Lewis,michael.lewis785@email.com,+1-832-234-7172,1997-05-30,Male,2024-07-27,Active
C00227,Andrew,Sanchez,andrew.sanchez925@email.com,+1-369-838-8170,1985-06-02,Female,2024-11-17,Active
C00228,Lucas,Anderson,lucas.anderson626@email.com,+1-491-870-8355,1993-05-31,Other,2024-05-06,Active
C00229,Alexander,Sanchez,alexander.sanchez804@email.com,+1-680-955-4178,1972-06-05,Other,2023-12-21,Active
C00230,Avery,Anderson,avery.anderson788@email.com,+1-488-896-7256,1982-06-03,Other,2023-08-05,Active
C00231,Mia,Clark,mia.clark205@email.com,+1-819-241-5096,1978-06-04,Other,2024-11-08,Active
C00232,Daniel,Moore,daniel.moore957@email.com,+1-305-828-9452,2003-05-29,Female,2024-08-26,Active
C00233,Mia,Rodriguez,mia.rodriguez461@email.com,+1-725-250-8167,1956-06-09,Male,2024-09-29,Active
C00234,Avery,Lewis,avery.lewis358@email.com,+1-227-524-1872,1985-06-02,Other,2023-11-22,Active
C00235,Lucas,Gonzalez,lucas.gonzalez84@email.com,+1-583-329-1461,1955-06-10,Male,2024-02-09,Active
C00236,Michael,Sanchez,michael.sanchez150@email.com,+1-340-139-5700,1955-06-10,Other,2023-09-05,Active
C00237,Isabella,Harris,isabella.harris723@email.com,+1-680-559-1086,1992-05-31,Male,2024-10-11,Active
C00238,Benjamin,Clark,benjamin.clark154@email.com,+1-761-844-9647,1959-06-09,Male,2023-10-25,Active
C00239,Evelyn,Davis,evelyn.davis309@email.com,+1-324-148-4906,1958-06-09,Other,2023-10-29,Active
C00240,Andrew,Anderson,andrew.anderson65@email.com,+1-313-956-9189,2007-05-28,Other,2023-04-30,Active
C00241,Scarlett,Jackson,scarlett.jackson248@email.com,+1-935-247-5772,1969-06-06,Male,2023-10-19,Active
C00242,Emily,Davis,emily.davis585@email.com,+1-626-291-2402,2004-05-28,Female,2023-07-14,Active
C00243,Samuel,Moore,samuel.moore520@email.com,+1-719-667-1333,2006-05-28,Female,2023-11-28,Active
C00244,Elizabeth,Lopez,elizabeth.lopez260@email.com,+1-965-116-6850,1993-05-31,Female,2024-10-23,Active
C00245,Sophia,Harris,sophia.harris596@email.com,+1-952-874-6447,1986-06-02,Male,2024-08-17,Active
C00246,Grace,Hernandez,grace.hernandez834@email.com,+1-858-279-8612,1968-06-06,Female,2023-01-19,Active
C00247,James,Sanchez,james.sanchez139@email.com,+1-264-833-8498,1996-05-30,Female,2024-11-24,Active
C00248,Olivia,Sanchez,olivia.sanchez205@email.com,+1-242-423-6080,1956-06-09,Female,2023-07-23,Active
C00249,Grace,Thomas,grace.thomas260@email.com,+1-237-871-4131,1953-06-10,Female,2024-03-14,Active
C00250,Noah,Ramirez,noah.ramirez672@email.com,+1-539-379-3039,1952-06-10,Female,2023-12-21,Active
C00251,Matthew,White,matthew.white451@email.com,+1-595-447-4060,1977-06-04,Other,2023-08-11,Active
C00252,Daniel,Robinson,daniel.robinson817@email.com,+1-731-373-2353,1981-06-03,Male,2023-10-24,Active
C00253,Victoria,Clark,victoria.clark185@email.com,+1-758-400-6262,1988-06-01,Male,2024-09-17,Active
C00254,Evelyn,Martinez,evelyn.martinez457@email.com,+1-817-834-7981,1980-06-03,Other,2024-07-14,Active
C00255,Emily,Anderson,emily.anderson44@email.com,+1-944-990-6776,1991-06-01,Female,2023-04-12,Active
C00256,Noah,Williams,noah.williams688@email.com,+1-852-515-6952,1965-06-07,Other,2023-07-25,Active
C00257,Mia,Smith,mia.smith147@email.com,+1-822-794-8179,2004-05-28,Male,2024-11-26,Active
C00258,Lucas,Harris,lucas.harris661@email.com,+1-575-470-7272,1970-06-06,Male,2023-05-31,Active
C00259,William,Perez,william.perez461@email.com,+1-579-480-8273,2000-05-29,Other,2024-10-14,Active
C00260,Samuel,Lopez,samuel.lopez408@email.com,+1-521-765-5566,2007-05-28,Male,2024-04-20,Active
C00261,James,Thomas,james.thomas531@email.com,+1-596-675-2929,1963-06-08,Female,2024-04-07,Active
C00262,Avery,Miller,avery.miller627@email.com,+1-492-810-9047,2000-05-29,Male,2024-06-10,Active
C00263,Ava,Anderson,ava.anderson177@email.com,+1-930-555-2438,1966-06-07,Female,2023-02-02,Active
C00264,Emily,Thompson,emily.thompson67@email.com,+1-763-655-5757,1963-06-08,Male,2024-02-28,Active
C00265,James,Sanchez,james.sanchez371@email.com,+1-720-329-2988,1993-05-31,Male,2024-06-09,Active
C00266,Joseph,Smith,joseph.smith370@email.com,+1-767-686-7044,2000-05-29,Other,2023-09-10,Active
C00267,Andrew,Lewis,andrew.lewis89@email.com,+1-267-416-7523,1982-06-03,Other,2023-08-29,Active
C00268,Sofia,Clark,sofia.clark589@email.com,+1-275-228-6194,1980-06-03,Male,2023-03-15,Active
C00269,David,Perez,david.perez530@email.com,+1-552-231-3981,1976-06-04,Female,2024-08-21,Active
C00270,Noah,Clark,noah.clark128@email.com,+1-730-256-5982,1988-06-01,Male,2024-07-16,Active
C00271,Amelia,Lopez,amelia.lopez971@email.com,+1-731-390-2292,1968-06-06,Male,2024-04-19,Active
C00272,Sebastian,Rodriguez,sebastian.rodriguez129@email.com,+1-840-410-9740,1967-06-07,Other,2024-09-27,Active
C00273,Mia,Jackson,mia.jackson965@email.com,+1-794-257-3804,1962-06-08,Other,2023-02-26,Active
C00274,Victoria,Hernandez,victoria.hernandez863@email.com,+1-777-142-1464,1967-06-07,Male,2024-10-09,Active
C00275,Chloe,Rodriguez,chloe.rodriguez667@email.com,+1-415-885-7825,2007-05-28,Other,2023-04-09,Active
C00276,Joseph,Lewis,joseph.lewis643@email.com,+1-758-396-5949,1957-06-09,Male,2023-08-25,Active
C00277,Matthew,Martinez,matthew.martinez465@email.com,+1-274-805-1981,1982-06-03,Female,2024-07-23,Active
C00278,Ella,Anderson,ella.anderson209@email.com,+1-548-721-3353,1988-06-01,Other,2024-02-15,Active
C00279,Emily,Gonzalez,emily.gonzalez134@email.com,+1-978-479-9437,1988-06-01,Male,2023-06-05,Active
C00280,Lucas,Anderson,lucas.anderson126@email.com,+1-473-560-5061,2005-05-28,Male,2024-08-09,Active
C00281,Evelyn,Gonzalez,evelyn.gonzalez885@email.com,+1-830-528-5067,1972-06-05,Female,2024-07-21,Active
C00282,Abigail,Miller,abigail.miller782@email.com,+1-363-610-9433,1952-06-10,Female,2023-09-10,Active
C00283,Alexander,Thomas,alexander.thomas24@email.com,+1-292-502-9281,1995-05-31,Male,2023-09-20,Active
C00284,John,Lopez,john.lopez50@email.com,+1-251-388-9108,1965-06-07,Other,2023-04-30,Active
C00285,Ella,Martinez,ella.martinez550@email.com,+1-208-967-2761,1952-06-10,Male,2023-10-17,Active
C00286,Harper,White,harper.white375@email.com,+1-982-512-6995,2005-05-28,Female,2024-11-15,Active
C00287,Chloe,Moore,chloe.moore200@email.com,+1-571-666-5728,1976-06-04,Female,2024-10-17,Active
C00288,Avery,Harris,avery.harris564@email.com,+1-486-945-2946,1983-06-03,Male,2024-08-22,Active
C00289,Daniel,Sanchez,daniel.sanchez348@email.com,+1-771-474-3363,1976-06-04,Other,2024-06-11,Active
C00290,Matthew,Taylor,matthew.taylor42@email.com,+1-246-139-3245,1957-06-09,Female,2023-01-01,Active
C00291,Ella,Taylor,ella.taylor468@email.com,+1-352-720-9446,1969-06-06,Female,2024-08-10,Active
C00292,Abigail,Garcia,abigail.garcia403@email.com,+1-831-857-5902,1976-06-04,Female,2023-05-04,Active
C00293,Scarlett,Moore,scarlett.moore502@email.com,+1-925-676-5911,1985-06-02,Male,2023-09-02,Active
C00294,Michael,Perez,michael.perez113@email.com,+1-626-697-6040,2007-05-28,Other,2023-01-27,Active
C00295,Victoria,Thomas,victoria.thomas272@email.com,+1-871-901-4728,1978-06-04,Other,2024-11-09,Active
C00296,Mia,Taylor,mia.taylor645@email.com,+1-938-734-7229,1993-05-31,Other,2024-08-02,Active
C00297,Olivia,Jackson,olivia.jackson971@email.com,+1-917-212-4125,1988-06-01,Female,2024-12-12,Active
C00298,Sofia,Jones,sofia.jones423@email.com,+1-907-308-7723,1978-06-04,Other,2023-08-06,Active
C00299,Noah,Thompson,noah.thompson142@email.com,+1-731-312-6325,1975-06-05,Female,2023-02-22,Active
C00300,Elizabeth,Hernandez,elizabeth.hernandez980@email.com,+1-377-570-9734,1986-06-02,Other,2024-01-16,Active
C00301,Harper,Martin,harper.martin496@email.com,+1-396-352-5571,1994-05-31,Female,2023-06-09,Active
C00302,Alexander,Harris,alexander.harris296@email.com,+1-921-312-9011,1986-06-02,Female,2024-02-11,Active
C00303,Sebastian,Robinson,sebastian.robinson957@email.com,+1-938-380-5715,1965-06-07,Other,2024-08-29,Active
C00304,Grace,Gonzalez,grace.gonzalez918@email.com,+1-604-938-6654,2006-05-28,Female,2024-08-04,Active
C00305,Evelyn,Thompson,evelyn.thompson81@email.com,+1-554-552-5201,1996-05-30,Male,2023-08-29,Active
C00306,Grace,Rodriguez,grace.rodriguez956@email.com,+1-775-812-5450,1969-06-06,Male,2024-08-13,Active
C00307,John,Davis,john.davis249@email.com,+1-251-785-9700,1994-05-31,Other,2024-05-14,Active
C00308,Noah,Brown,noah.brown424@email.com,+1-538-834-8739,1959-06-09,Other,2024-09-20,Active
C00309,Isabella,Smith,isabella.smith988@email.com,+1-763-261-7666,1978-06-04,Female,2023-03-04,Active
C00310,Charlotte,Harris,charlotte.harris988@email.com,+1-494-428-5676,1959-06-09,Male,2023-03-11,Active
C00311,Ethan,Lee,ethan.lee588@email.com,+1-437-647-1611,1952-06-10,Female,2024-07-05,Active
C00312,James,Robinson,james.robinson942@email.com,+1-237-956-7504,1961-06-08,Male,2023-08-12,Active
C00313,Evelyn,Lewis,evelyn.lewis39@email.com,+1-209-405-2758,1979-06-04,Female,2024-01-23,Active
C00314,Grace,Taylor,grace.taylor506@email.com,+1-337-971-9261,1996-05-30,Female,2023-09-09,Active
C00315,Mason,Hernandez,mason.hernandez167@email.com,+1-948-569-5215,1961-06-08,Male,2024-06-24,Active
C00316,Michael,Sanchez,michael.sanchez303@email.com,+1-781-790-4164,1954-06-10,Other,2024-07-05,Active
C00317,Matthew,Clark,matthew.clark438@email.com,+1-727-435-2421,2002-05-29,Other,2023-11-17,Active
C00318,James,Jones,james.jones489@email.com,+1-531-354-1111,1993-05-31,Female,2024-04-08,Active
C00319,Avery,Harris,avery.harris274@email.com,+1-537-409-1187,1985-06-02,Other,2024-04-08,Active
C00320,Lucas,Johnson,lucas.johnson684@email.com,+1-321-576-6026,1965-06-07,Female,2024-07-21,Active
C00321,Scarlett,Robinson,scarlett.robinson917@email.com,+1-920-888-6095,1968-06-06,Male,2023-01-25,Active
C00322,Evelyn,Lopez,evelyn.lopez630@email.com,+1-426-324-3188,1979-06-04,Male,2023-08-30,Active
C00323,Victoria,Lopez,victoria.lopez426@email.com,+1-918-662-8714,1956-06-09,Other,2023-06-30,Active
C00324,Benjamin,Harris,benjamin.harris254@email.com,+1-896-872-2341,1975-06-05,Female,2023-07-12,Active
C00325,Daniel,Williams,daniel.williams940@email.com,+1-777-214-2011,1996-05-30,Other,2023-06-20,Active
C00326,Chloe,Moore,chloe.moore154@email.com,+1-368-435-9525,1965-06-07,Male,2023-10-06,Active
C00327,Benjamin,Thompson,benjamin.thompson598@email.com,+1-700-193-9361,1979-06-04,Male,2023-10-02,Active
C00328,Isabella,Taylor,isabella.taylor426@email.com,+1-667-677-1945,1965-06-07,Female,2023-06-08,Active
C00329,Alexander,White,alexander.white23@email.com,+1-605-360-1049,2004-05-28,Other,2024-05-22,Active
C00330,Olivia,Wilson,olivia.wilson353@email.com,+1-917-165-9866,1978-06-04,Male,2024-10-31,Active
C00331,Olivia,Martinez,olivia.martinez419@email.com,+1-384-887-3218,1967-06-07,Other,2023-03-16,Active
C00332,Sofia,Lopez,sofia.lopez913@email.com,+1-591-559-7184,1965-06-07,Male,2023-12-13,Active
C00333,Grace,Jones,grace.jones670@email.com,+1-556-221-3924,1975-06-05,Female,2023-06-30,Active
C00334,Isabella,White,isabella.white229@email.com,+1-203-874-1372,1965-06-07,Female,2024-03-01,Active
C00335,Grace,Wilson,grace.wilson545@email.com,+1-588-943-4762,1986-06-02,Female,2024-04-22,Active
C00336,William,Rodriguez,william.rodriguez194@email.com,+1-942-883-2848,1982-06-03,Other,2024-11-29,Active
C00337,Andrew,Harris,andrew.harris959@email.com,+1-216-346-4376,1970-06-06,Male,2024-10-24,Active
C00338,Olivia,Anderson,olivia.anderson613@email.com,+1-888-820-1797,2006-05-28,Other,2024-04-25,Active
C00339,Matthew,Anderson,matthew.anderson240@email.com,+1-752-322-1924,1990-06-01,Other,2024-08-10,Active
C00340,Amelia,Clark,amelia.clark939@email.com,+1-949-689-6224,1959-06-09,Other,2023-05-20,Active
C00341,Abigail,Davis,abigail.davis310@email.com,+1-346-776-9540,1989-06-01,Female,2024-05-19,Active
C00342,Henry,Johnson,henry.johnson571@email.com,+1-805-852-3869,1981-06-03,Other,2023-03-31,Active
C00343,Sebastian,Thomas,sebastian.thomas49@email.com,+1-552-758-7244,1964-06-07,Female,2023-07-13,Active
C00344,Sofia,Wilson,sofia.wilson153@email.com,+1-507-485-4012,1993-05-31,Female,2023-06-30,Active
C00345,Amelia,Martinez,amelia.martinez879@email.com,+1-924-247-8586,1982-06-03,Other,2024-11-02,Active
C00346,Sofia,Moore,sofia.moore543@email.com,+1-337-497-4978,1987-06-02,Male,2024-04-14,Active
C00347,Ethan,Robinson,ethan.robinson461@email.com,+1-579-194-9775,1991-06-01,Male,2024-06-19,Active
C00348,Elizabeth,Perez,elizabeth.perez620@email.com,+1-817-140-2192,1962-06-08,Other,2024-06-22,Active
C00349,Sebastian,Miller,sebastian.miller491@email.com,+1-413-990-6455,1995-05-31,Male,2024-02-25,Active
C00350,Charlotte,White,charlotte.white121@email.com,+1-964-872-8846,1970-06-06,Other,2024-04-27,Active
C00351,Benjamin,Gonzalez,benjamin.gonzalez938@email.com,+1-445-665-6269,1979-06-04,Female,2024-03-17,Active
C00352,Grace,Lee,grace.lee368@email.com,+1-515-367-6892,1979-06-04,Female,2023-07-25,Active
C00353,Sophia,Sanchez,sophia.sanchez740@email.com,+1-680-879-6246,1988-06-01,Female,2024-06-06,Active
C00354,Sofia,Johnson,sofia.johnson577@email.com,+1-426-859-3390,1973-06-05,Female,2024-12-15,Active
C00355,John,Jackson,john.jackson738@email.com,+1-627-402-3497,1994-05-31,Female,2024-06-14,Active
C00356,Elizabeth,Jackson,elizabeth.jackson854@email.com,+1-451-611-6530,1962-06-08,Female,2024-04-12,Active
C00357,Joseph,Anderson,joseph.anderson173@email.com,+1-950-914-6770,1962-06-08,Male,2024-07-11,Active
C00358,Grace,Thomas,grace.thomas189@email.com,+1-755-757-1962,1955-06-10,Male,2023-07-14,Active
C00359,Ava,Clark,ava.clark685@email.com,+1-249-882-1104,1955-06-10,Male,2023-11-05,Active
C00360,Amelia,Williams,amelia.williams725@email.com,+1-354-109-4583,1985-06-02,Female,2023-08-02,Active
C00361,Noah,Martin,noah.martin654@email.com,+1-882-731-8916,2007-05-28,Female,2023-02-25,Active
C00362,Emma,Moore,emma.moore565@email.com,+1-621-112-1274,1991-06-01,Other,2023-07-08,Active
C00363,Grace,Martinez,grace.martinez18@email.com,+1-714-932-8054,2002-05-29,Male,2024-07-01,Active
C00364,Samuel,Jones,samuel.jones247@email.com,+1-396-734-9625,1991-06-01,Female,2024-04-17,Active
C00365,Matthew,Williams,matthew.williams383@email.com,+1-615-570-4984,1989-06-01,Male,2023-01-18,Active
C00366,Ethan,Lee,ethan.lee879@email.com,+1-865-877-1519,1984-06-02,Female,2024-09-27,Active
C00367,Elizabeth,Moore,elizabeth.moore488@email.com,+1-257-752-1154,2003-05-29,Male,2023-01-12,Active
C00368,Joseph,Ramirez,joseph.ramirez445@email.com,+1-860-903-6427,1951-06-11,Male,2023-06-01,Active
C00369,Samuel,Robinson,samuel.robinson44@email.com,+1-435-316-8790,2004-05-28,Male,2024-03-29,Active
C00370,Henry,Lewis,henry.lewis557@email.com,+1-777-773-1539,2007-05-28,Female,2024-07-01,Active
C00371,Benjamin,Jackson,benjamin.jackson148@email.com,+1-970-940-7525,1998-05-30,Female,2024-10-14,Active
C00372,Chloe,Davis,chloe.davis581@email.com,+1-598-793-9856,1960-06-08,Female,2024-01-27,Active
C00373,Isabella,Sanchez,isabella.sanchez706@email.com,+1-941-180-9204,2002-05-29,Male,2024-01-12,Active
C00374,Jackson,Davis,jackson.davis859@email.com,+1-277-448-7499,1968-06-06,Male,2024-02-01,Active
C00375,Henry,Sanchez,henry.sanchez462@email.com,+1-702-333-6829,1981-06-03,Female,2023-06-14,Active
C00376,James,Perez,james.perez600@email.com,+1-876-489-2404,1957-06-09,Female,2023-04-08,Active
C00377,Lucas,Thompson,lucas.thompson76@email.com,+1-284-374-3526,1958-06-09,Other,2023-12-08,Active
C00378,William,White,william.white399@email.com,+1-524-469-2745,1989-06-01,Male,2024-09-29,Active
C00379,Avery,Lopez,avery.lopez780@email.com,+1-476-204-3170,1981-06-03,Male,2024-10-03,Active
C00380,Avery,Moore,avery.moore569@email.com,+1-724-517-2692,1986-06-02,Male,2024-12-05,Active
C00381,Sebastian,Williams,sebastian.williams612@email.com,+1-812-903-6315,1990-06-01,Male,2023-12-03,Active
C00382,Sofia,Gonzalez,sofia.gonzalez798@email.com,+1-286-842-4977,1998-05-30,Other,2023-05-26,Active
C00383,Elizabeth,Garcia,elizabeth.garcia143@email.com,+1-475-408-5397,2004-05-28,Male,2023-08-15,Active
C00384,Mia,Wilson,mia.wilson283@email.com,+1-631-406-8933,1992-05-31,Female,2024-10-14,Active
C00385,Lucas,White,lucas.white641@email.com,+1-707-708-4203,2000-05-29,Male,2023-09-20,Active
C00386,Alexander,Smith,alexander.smith972@email.com,+1-605-440-7224,1987-06-02,Female,2024-01-29,Active
C00387,Jackson,Clark,jackson.clark844@email.com,+1-866-708-3230,1970-06-06,Female,2024-02-28,Active
C00388,Charlotte,Thomas,charlotte.thomas322@email.com,+1-381-507-6228,1964-06-07,Other,2024-03-08,Active
C00389,Joseph,Jackson,joseph.jackson801@email.com,+1-448-433-7161,1985-06-02,Female,2024-03-19,Active
C00390,Mason,Robinson,mason.robinson578@email.com,+1-404-706-9939,1959-06-09,Other,2024-06-30,Active
C00391,Sebastian,Smith,sebastian.smith976@email.com,+1-944-572-4434,1955-06-10,Female,2023-10-10,Active
C00392,Ava,Clark,ava.clark869@email.com,+1-618-789-9180,1989-06-01,Other,2024-08-11,Active
C00393,Lucas,Rodriguez,lucas.rodriguez675@email.com,+1-357-832-7932,1980-06-03,Male,2023-12-11,Active
C00394,Victoria,Thomas,victoria.thomas597@email.com,+1-610-647-9300,1974-06-05,Female,2023-01-23,Active
C00395,Olivia,Sanchez,olivia.sanchez992@email.com,+1-568-818-9796,2003-05-29,Other,2023-05-03,Active
C00396,Sophia,Harris,sophia.harris255@email.com,+1-873-780-6816,1969-06-06,Other,2024-07-14,Active
C00397,Olivia,Jackson,olivia.jackson661@email.com,+1-893-762-7547,2002-05-29,Female,2024-01-27,Active
C00398,Emma,Brown,emma.brown265@email.com,+1-427-622-9499,1964-06-07,Other,2023-06-09,Active
C00399,Chloe,Davis,chloe.davis457@email.com,+1-583-500-8586,1964-06-07,Other,2023-02-05,Active
C00400,Scarlett,Jones,scarlett.jones354@email.com,+1-225-594-2712,2003-05-29,Female,2024-03-04,Active
C00401,Mason,Clark,mason.clark964@email.com,+1-947-245-6707,1979-06-04,Female,2024-02-16,Active
C00402,Benjamin,Taylor,benjamin.taylor495@email.com,+1-556-587-2599,1964-06-07,Other,2023-10-10,Active
C00403,Avery,Hernandez,avery.hernandez69@email.com,+1-507-145-2885,1967-06-07,Female,2024-12-08,Active
C00404,Sophia,Perez,sophia.perez820@email.com,+1-368-858-4996,1973-06-05,Male,2023-07-22,Active
C00405,Mia,Hernandez,mia.hernandez574@email.com,+1-636-573-4798,1997-05-30,Other,2023-11-13,Active
C00406,James,Lee,james.lee674@email.com,+1-642-505-1478,1980-06-03,Male,2023-04-13,Active
C00407,John,Wilson,john.wilson399@email.com,+1-204-821-4519,1960-06-08,Female,2024-06-04,Active
C00408,Ava,Jackson,ava.jackson105@email.com,+1-749-291-6993,1979-06-04,Male,2024-02-02,Active
C00409,Mason,Rodriguez,mason.rodriguez687@email.com,+1-701-640-6134,1969-06-06,Female,2023-04-30,Active
C00410,Matthew,Jackson,matthew.jackson117@email.com,+1-556-460-8501,1956-06-09,Male,2023-04-09,Active
C00411,Alexander,Robinson,alexander.robinson630@email.com,+1-804-186-3194,1993-05-31,Male,2024-02-15,Active
C00412,Alexander,Brown,alexander.brown188@email.com,+1-582-810-3316,1982-06-03,Female,2023-07-27,Active
C00413,Victoria,Jones,victoria.jones589@email.com,+1-592-533-4043,1974-06-05,Other,2023-08-21,Active
C00414,James,Moore,james.moore171@email.com,+1-701-395-3298,1955-06-10,Female,2024-06-23,Active
C00415,Avery,Martin,avery.martin55@email.com,+1-567-109-8939,1956-06-09,Male,2024-08-14,Active
C00416,Elizabeth,Moore,elizabeth.moore518@email.com,+1-868-606-7703,1982-06-03,Female,2023-01-30,Active
C00417,Avery,Thomas,avery.thomas172@email.com,+1-284-678-1505,2006-05-28,Female,2024-05-20,Active
C00418,Henry,Davis,henry.davis551@email.com,+1-495-272-8492,1959-06-09,Other,2023-06-01,Active
C00419,Joseph,Moore,joseph.moore524@email.com,+1-315-686-2871,1956-06-09,Other,2024-04-01,Active
C00420,Daniel,Moore,daniel.moore843@email.com,+1-974-142-8231,1981-06-03,Male,2023-06-21,Active
C00421,Sophia,White,sophia.white850@email.com,+1-869-869-5055,1980-06-03,Male,2024-03-02,Active
C00422,Harper,Lopez,harper.lopez883@email.com,+1-289-549-2923,1957-06-09,Male,2024-05-03,Active
C00423,John,Thompson,john.thompson360@email.com,+1-927-724-8015,2000-05-29,Other,2024-07-15,Active
C00424,Benjamin,Clark,benjamin.clark212@email.com,+1-260-683-6747,1970-06-06,Female,2023-07-05,Active
C00425,Grace,Garcia,grace.garcia332@email.com,+1-920-399-5740,1954-06-10,Female,2023-05-25,Active
C00426,Scarlett,Lewis,scarlett.lewis696@email.com,+1-297-238-7743,1953-06-10,Female,2024-11-01,Active
C00427,Isabella,Thompson,isabella.thompson887@email.com,+1-335-355-3396,1955-06-10,Female,2023-01-03,Active
C00428,Lucas,Harris,lucas.harris864@email.com,+1-892-502-9019,1968-06-06,Other,2024-08-08,Active
C00429,Henry,Lee,henry.lee425@email.com,+1-584-562-2237,1983-06-03,Male,2023-03-24,Active
C00430,Scarlett,White,scarlett.white285@email.com,+1-911-998-7046,1988-06-01,Female,2023-09-23,Active
C00431,John,Smith,john.smith890@email.com,+1-992-967-2526,1966-06-07,Other,2023-09-19,Active
C00432,Emily,Ramirez,emily.ramirez65@email.com,+1-747-507-4568,1977-06-04,Male,2023-10-19,Active
C00433,Henry,Hernandez,henry.hernandez849@email.com,+1-490-445-9967,1972-06-05,Male,2023-05-20,Active
C00434,Joseph,Sanchez,joseph.sanchez352@email.com,+1-898-880-1793,1968-06-06,Male,2024-11-14,Active
C00435,David,Smith,david.smith128@email.com,+1-361-551-8479,1996-05-30,Female,2024-12-31,Active
C00436,Isabella,Lewis,isabella.lewis666@email.com,+1-509-262-5489,1985-06-02,Other,2024-09-27,Active
C00437,Harper,Williams,harper.williams381@email.com,+1-880-764-3711,1968-06-06,Female,2024-11-08,Active
C00438,Alexander,White,alexander.white717@email.com,+1-973-339-8032,1963-06-08,Male,2023-03-01,Active
C00439,Sophia,Smith,sophia.smith219@email.com,+1-688-179-3174,1975-06-05,Male,2023-05-04,Active
C00440,Avery,Smith,avery.smith9@email.com,+1-912-451-2975,2000-05-29,Other,2023-10-26,Active
C00441,Ella,Williams,ella.williams235@email.com,+1-592-191-2678,1985-06-02,Female,2024-09-17,Active
C00442,Alexander,Jones,alexander.jones392@email.com,+1-992-932-3181,1999-05-30,Other,2023-03-16,Active
C00443,Ava,Taylor,ava.taylor577@email.com,+1-208-724-3688,1962-06-08,Female,2023-10-08,Active
C00444,Benjamin,Lee,benjamin.lee767@email.com,+1-355-521-8248,1951-06-11,Male,2024-05-23,Active
C00445,Sophia,Jones,sophia.jones771@email.com,+1-326-703-7291,1988-06-01,Female,2024-01-07,Active
C00446,Isabella,Davis,isabella.davis284@email.com,+1-860-186-5065,1970-06-06,Other,2023-06-14,Active
C00447,Victoria,Martinez,victoria.martinez798@email.com,+1-907-127-5942,1970-06-06,Other,2024-06-04,Active
C00448,Scarlett,Miller,scarlett.miller766@email.com,+1-601-402-1894,1984-06-02,Female,2024-04-30,Active
C00449,Mason,Davis,mason.davis512@email.com,+1-853-708-2163,1985-06-02,Male,2023-07-10,Active
C00450,Abigail,Jones,abigail.jones397@email.com,+1-782-530-6986,1997-05-30,Other,2023-06-21,Active
C00451,Ella,Harris,ella.harris75@email.com,+1-217-701-2106,1995-05-31,Female,2024-12-17,Active
C00452,Olivia,Robinson,olivia.robinson62@email.com,+1-607-618-5693,1976-06-04,Other,2023-03-29,Active
C00453,Sofia,Wilson,sofia.wilson719@email.com,+1-611-184-9791,1999-05-30,Other,2023-06-30,Active
C00454,Henry,Williams,henry.williams318@email.com,+1-280-623-4329,1988-06-01,Other,2024-07-25,Active
C00455,Matthew,Jackson,matthew.jackson650@email.com,+1-981-954-2083,1981-06-03,Other,2024-02-18,Active
C00456,Lucas,Johnson,lucas.johnson251@email.com,+1-288-544-2900,1970-06-06,Other,2023-09-24,Active
C00457,Noah,Martinez,noah.martinez683@email.com,+1-959-773-3877,1963-06-08,Male,2024-08-31,Active
C00458,Isabella,Thompson,isabella.thompson12@email.com,+1-367-608-6680,1958-06-09,Other,2023-07-15,Active
C00459,Harper,Garcia,harper.garcia381@email.com,+1-329-867-5403,1987-06-02,Male,2024-09-02,Active
C00460,Jackson,Rodriguez,jackson.rodriguez537@email.com,+1-265-369-2262,1976-06-04,Female,2023-08-11,Active
C00461,Daniel,Johnson,daniel.johnson512@email.com,+1-780-270-7024,1959-06-09,Female,2024-07-23,Active
C00462,Sophia,Lewis,sophia.lewis588@email.com,+1-890-840-2889,1976-06-04,Other,2024-05-12,Active
C00463,Emma,Johnson,emma.johnson880@email.com,+1-212-350-1753,1984-06-02,Female,2023-09-05,Active
C00464,William,Garcia,william.garcia954@email.com,+1-236-666-7870,1993-05-31,Female,2024-05-16,Active
C00465,Sofia,Robinson,sofia.robinson738@email.com,+1-527-377-2276,2001-05-29,Female,2023-05-26,Active
C00466,Scarlett,Perez,scarlett.perez924@email.com,+1-253-283-4656,1983-06-03,Male,2023-07-22,Active
C00467,Ava,Lewis,ava.lewis477@email.com,+1-489-892-6090,1973-06-05,Male,2024-01-31,Active
C00468,David,Smith,david.smith378@email.com,+1-405-398-5979,1979-06-04,Male,2023-04-04,Active
C00469,Daniel,Jackson,daniel.jackson996@email.com,+1-705-891-4201,1999-05-30,Male,2023-06-21,Active
C00470,Emma,Robinson,emma.robinson420@email.com,+1-224-338-9872,1955-06-10,Other,2024-01-12,Active
C00471,Emma,Hernandez,emma.hernandez2@email.com,+1-977-773-7164,1995-05-31,Male,2024-02-21,Active
C00472,Samuel,Davis,samuel.davis430@email.com,+1-703-161-3332,2003-05-29,Female,2023-01-03,Active
C00473,Olivia,Robinson,olivia.robinson238@email.com,+1-732-522-7102,2003-05-29,Other,2023-09-19,Active
C00474,John,Brown,john.brown518@email.com,+1-336-752-7461,1972-06-05,Other,2024-10-16,Active
C00475,Noah,Wilson,noah.wilson679@email.com,+1-333-342-5778,1957-06-09,Female,2024-04-08,Active
C00476,Matthew,Thompson,matthew.thompson852@email.com,+1-953-434-6211,1994-05-31,Female,2023-09-25,Active
C00477,Ava,Miller,ava.miller140@email.com,+1-998-888-2785,1998-05-30,Male,2024-07-25,Active
C00478,Avery,Anderson,avery.anderson322@email.com,+1-616-223-9780,1980-06-03,Male,2023-12-31,Active
C00479,Alexander,Anderson,alexander.anderson272@email.com,+1-322-192-3582,1956-06-09,Female,2023-01-29,Active
C00480,Victoria,Johnson,victoria.johnson221@email.com,+1-535-251-2494,1986-06-02,Male,2023-01-03,Active
C00481,Matthew,Taylor,matthew.taylor51@email.com,+1-893-406-5262,1983-06-03,Male,2024-07-06,Active
C00482,Avery,Moore,avery.moore767@email.com,+1-763-355-2551,1957-06-09,Male,2023-09-15,Active
C00483,Isabella,Brown,isabella.brown13@email.com,+1-263-950-4641,1956-06-09,Male,2024-08-20,Active
C00484,Matthew,Lopez,matthew.lopez703@email.com,+1-845-760-2376,1992-05-31,Other,2023-05-15,Active
C00485,Ava,Smith,ava.smith67@email.com,+1-402-761-8265,1951-06-11,Male,2024-08-22,Active
C00486,Michael,Brown,michael.brown44@email.com,+1-672-151-3752,1956-06-09,Female,2023-05-24,Active
C00487,Matthew,Thomas,matthew.thomas31@email.com,+1-591-799-7990,1995-05-31,Female,2024-07-08,Active
C00488,James,Rodriguez,james.rodriguez287@email.com,+1-656-252-1567,1969-06-06,Other,2023-04-13,Active
C00489,Lucas,Lee,lucas.lee303@email.com,+1-710-521-8848,1991-06-01,Male,2024-10-30,Active
C00490,Elizabeth,Jones,elizabeth.jones430@email.com,+1-404-758-9614,1957-06-09,Other,2024-04-20,Active
C00491,Grace,Sanchez,grace.sanchez20@email.com,+1-591-900-6883,1958-06-09,Other,2023-08-28,Active
C00492,Joseph,Lopez,joseph.lopez935@email.com,+1-779-614-6269,1997-05-30,Female,2023-11-30,Active
C00493,Liam,Hernandez,liam.hernandez612@email.com,+1-424-130-5602,1975-06-05,Female,2024-11-02,Active
C00494,Emily,Harris,emily.harris599@email.com,+1-438-263-2640,1993-05-31,Other,2024-04-22,Active
C00495,Henry,Moore,henry.moore836@email.com,+1-954-157-4594,1986-06-02,Female,2023-05-22,Active
C00496,James,Garcia,james.garcia243@email.com,+1-806-425-6878,1963-06-08,Male,2023-05-06,Active
C00497,Emily,Jackson,emily.jackson578@email.com,+1-345-676-4084,1989-06-01,Other,2023-08-15,Active
C00498,James,Thomas,james.thomas39@email.com,+1-292-157-4811,2007-05-28,Male,2023-04-25,Active
C00499,Samuel,Thomas,samuel.thomas1@email.com,+1-539-728-4300,1963-06-08,Female,2024-08-20,Active
C00500,James,Robinson,james.robinson822@email.com,+1-531-160-1359,1963-06-08,Other,2024-08-02,Active
C00501,William,Harris,william.harris114@email.com,+1-738-981-6978,1963-06-08,Female,2024-10-18,Active
C00502,Matthew,Jackson,matthew.jackson104@email.com,+1-544-409-6285,1962-06-08,Male,2024-08-14,Active
C00503,Jackson,Sanchez,jackson.sanchez655@email.com,+1-698-764-6198,1973-06-05,Other,2024-07-06,Active
C00504,Andrew,Sanchez,andrew.sanchez366@email.com,+1-428-781-3872,1962-06-08,Female,2023-12-10,Active
C00505,Evelyn,Jones,evelyn.jones182@email.com,+1-946-101-7415,1997-05-30,Male,2023-05-30,Active
C00506,Victoria,Hernandez,victoria.hernandez944@email.com,+1-826-326-2705,1987-06-02,Male,2023-08-11,Active
C00507,Ava,Davis,ava.davis356@email.com,+1-527-271-2453,1968-06-06,Other,2023-01-06,Active
C00508,Michael,Anderson,michael.anderson12@email.com,+1-471-314-5088,1986-06-02,Male,2023-01-22,Active
C00509,Harper,Sanchez,harper.sanchez111@email.com,+1-937-101-1788,1962-06-08,Female,2023-12-02,Active
C00510,Sofia,Garcia,sofia.garcia906@email.com,+1-623-604-7204,1984-06-02,Other,2024-01-07,Active
C00511,Sophia,Clark,sophia.clark491@email.com,+1-791-766-4695,2004-05-28,Female,2024-07-18,Active
C00512,Olivia,Martinez,olivia.martinez21@email.com,+1-526-367-2715,1998-05-30,Female,2024-10-17,Active
C00513,Elizabeth,Garcia,elizabeth.garcia750@email.com,+1-276-660-2525,1969-06-06,Other,2024-01-20,Active
C00514,Ella,Thompson,ella.thompson32@email.com,+1-641-769-3703,1998-05-30,Female,2023-04-20,Active
C00515,Noah,Brown,noah.brown340@email.com,+1-410-294-7705,1962-06-08,Other,2023-01-18,Active
C00516,Grace,Rodriguez,grace.rodriguez677@email.com,+1-488-404-4891,1983-06-03,Male,2024-09-24,Active
C00517,Chloe,Moore,chloe.moore861@email.com,+1-702-257-1893,1981-06-03,Male,2023-12-28,Active
C00518,Ethan,Martinez,ethan.martinez844@email.com,+1-877-740-8869,2007-05-28,Male,2024-06-10,Active
C00519,Benjamin,Garcia,benjamin.garcia654@email.com,+1-498-183-8758,1958-06-09,Female,2024-09-04,Active
C00520,Matthew,Thomas,matthew.thomas501@email.com,+1-876-371-2493,1984-06-02,Other,2023-03-15,Active
C00521,James,Lopez,james.lopez907@email.com,+1-590-478-4056,1992-05-31,Male,2023-10-02,Active
C00522,Avery,Anderson,avery.anderson270@email.com,+1-431-957-5400,1999-05-30,Male,2023-06-03,Active
C00523,Sophia,Williams,sophia.williams685@email.com,+1-552-927-9871,1994-05-31,Other,2023-11-04,Active
C00524,Sebastian,Johnson,sebastian.johnson861@email.com,+1-596-938-9561,1965-06-07,Other,2023-10-30,Active
C00525,Ella,Jackson,ella.jackson903@email.com,+1-441-587-5896,1951-06-11,Female,2024-10-12,Active
C00526,Olivia,Taylor,olivia.taylor585@email.com,+1-729-919-3415,1997-05-30,Female,2024-08-30,Active
C00527,Mia,Miller,mia.miller828@email.com,+1-397-229-1699,1965-06-07,Male,2023-10-25,Active
C00528,Jackson,Miller,jackson.miller843@email.com,+1-842-251-5225,1957-06-09,Other,2024-02-08,Active
C00529,Ava,Williams,ava.williams398@email.com,+1-769-506-6343,1979-06-04,Other,2024-03-24,Active
C00530,Emma,Sanchez,emma.sanchez718@email.com,+1-838-701-9561,1982-06-03,Male,2023-10-29,Active
C00531,William,Jones,william.jones581@email.com,+1-802-696-2641,1959-06-09,Other,2024-09-14,Active
C00532,Sophia,Sanchez,sophia.sanchez293@email.com,+1-748-452-7732,1967-06-07,Female,2024-04-05,Active
C00533,Joseph,Jackson,joseph.jackson624@email.com,+1-684-138-3821,1999-05-30,Female,2024-03-24,Active
C00534,Andrew,Martin,andrew.martin698@email.com,+1-910-511-1635,1964-06-07,Female,2023-11-22,Active
C00535,Lucas,Johnson,lucas.johnson764@email.com,+1-686-375-7102,1956-06-09,Female,2024-12-11,Active
C00536,Alexander,Martinez,alexander.martinez288@email.com,+1-703-978-2609,1989-06-01,Male,2024-05-12,Active
C00537,Avery,Harris,avery.harris846@email.com,+1-528-375-7828,2003-05-29,Other,2023-04-22,Active
C00538,Charlotte,Anderson,charlotte.anderson217@email.com,+1-616-858-8937,1956-06-09,Female,2023-07-22,Active
C00539,Noah,Taylor,noah.taylor811@email.com,+1-362-167-6097,1983-06-03,Other,2023-01-05,Active
C00540,Isabella,Harris,isabella.harris872@email.com,+1-736-682-1474,1952-06-10,Male,2024-07-07,Active
C00541,Charlotte,Clark,charlotte.clark60@email.com,+1-455-133-8478,1963-06-08,Female,2024-11-10,Active
C00542,Charlotte,Rodriguez,charlotte.rodriguez378@email.com,+1-675-617-7503,1965-06-07,Male,2023-03-22,Active
C00543,Liam,Davis,liam.davis382@email.com,+1-700-708-8308,1971-06-06,Female,2024-07-03,Active
C00544,Sebastian,Lopez,sebastian.lopez353@email.com,+1-367-957-5237,1990-06-01,Male,2023-01-26,Active
C00545,Liam,Gonzalez,liam.gonzalez51@email.com,+1-366-974-4511,1994-05-31,Other,2024-05-19,Active
C00546,Benjamin,Rodriguez,benjamin.rodriguez668@email.com,+1-619-625-1328,1978-06-04,Male,2023-02-02,Active
C00547,Isabella,Lee,isabella.lee178@email.com,+1-815-920-1138,1970-06-06,Female,2024-05-16,Active
C00548,Alexander,Thompson,alexander.thompson991@email.com,+1-926-758-5511,1954-06-10,Female,2023-10-25,Active
C00549,Emily,Anderson,emily.anderson259@email.com,+1-423-577-5950,1956-06-09,Other,2023-02-07,Active
C00550,Andrew,Gonzalez,andrew.gonzalez599@email.com,+1-304-107-9380,1973-06-05,Female,2023-02-22,Active
C00551,Victoria,Martin,victoria.martin290@email.com,+1-505-800-2771,1987-06-02,Male,2023-08-26,Active
C00552,Henry,Lee,henry.lee333@email.com,+1-483-367-5895,1975-06-05,Male,2024-06-22,Active
C00553,Lucas,Lewis,lucas.lewis59@email.com,+1-814-513-6236,1962-06-08,Male,2023-02-03,Active
C00554,Liam,Lee,liam.lee510@email.com,+1-502-365-7857,1961-06-08,Female,2023-11-13,Active
C00555,Olivia,Jackson,olivia.jackson726@email.com,+1-785-935-4111,1963-06-08,Other,2024-01-15,Active
C00556,Amelia,Perez,amelia.perez548@email.com,+1-853-903-8794,1976-06-04,Female,2023-02-13,Active
C00557,Alexander,Ramirez,alexander.ramirez175@email.com,+1-873-997-3967,1978-06-04,Male,2024-03-06,Active
C00558,Isabella,White,isabella.white265@email.com,+1-942-927-3999,1967-06-07,Female,2023-02-04,Active
C00559,Ethan,Davis,ethan.davis364@email.com,+1-428-862-6031,1985-06-02,Female,2023-10-28,Active
C00560,Harper,Jackson,harper.jackson302@email.com,+1-674-971-2929,1953-06-10,Male,2023-09-07,Active
C00561,John,Jackson,john.jackson967@email.com,+1-835-172-8736,2001-05-29,Other,2024-06-15,Active
C00562,Elizabeth,Taylor,elizabeth.taylor306@email.com,+1-623-155-3470,1987-06-02,Male,2024-08-13,Active
C00563,Sofia,Jackson,sofia.jackson915@email.com,+1-668-246-6183,1977-06-04,Male,2024-06-30,Active
C00564,Michael,Lee,michael.lee182@email.com,+1-520-749-1950,1991-06-01,Female,2024-12-27,Active
C00565,Benjamin,Harris,benjamin.harris793@email.com,+1-372-690-3595,2000-05-29,Male,2023-08-18,Active
C00566,Andrew,Wilson,andrew.wilson649@email.com,+1-639-513-8029,2008-05-27,Female,2023-08-31,Active
C00567,Olivia,Moore,olivia.moore205@email.com,+1-948-482-1230,1996-05-30,Other,2024-02-06,Active
C00568,Liam,Perez,liam.perez5@email.com,+1-841-851-5076,1952-06-10,Other,2024-05-14,Active
C00569,Emily,Martinez,emily.martinez133@email.com,+1-305-492-9246,1998-05-30,Female,2023-05-09,Active
C00570,Ava,Clark,ava.clark47@email.com,+1-505-397-8469,1975-06-05,Other,2023-07-18,Active
C00571,Michael,Wilson,michael.wilson910@email.com,+1-903-237-6615,1960-06-08,Female,2023-08-18,Active
C00572,Charlotte,Garcia,charlotte.garcia971@email.com,+1-613-119-4742,2000-05-29,Other,2024-05-16,Active
C00573,Benjamin,White,benjamin.white23@email.com,+1-803-616-3768,1963-06-08,Female,2024-08-27,Active
C00574,Olivia,Gonzalez,olivia.gonzalez898@email.com,+1-855-361-9761,1970-06-06,Male,2023-04-03,Active
C00575,Noah,Perez,noah.perez111@email.com,+1-869-956-1323,2001-05-29,Other,2024-11-12,Active
C00576,Sofia,Anderson,sofia.anderson390@email.com,+1-326-660-5140,1999-05-30,Other,2023-09-03,Active
C00577,Benjamin,Thompson,benjamin.thompson703@email.com,+1-845-109-5933,2002-05-29,Other,2023-10-28,Active
C00578,Samuel,Rodriguez,samuel.rodriguez638@email.com,+1-820-817-3247,1976-06-04,Male,2023-10-30,Active
C00579,Andrew,Brown,andrew.brown290@email.com,+1-316-903-2741,1970-06-06,Male,2023-08-10,Active
C00580,Charlotte,Harris,charlotte.harris270@email.com,+1-735-306-6864,1990-06-01,Female,2023-01-11,Active
C00581,Mia,Johnson,mia.johnson562@email.com,+1-708-312-8875,2008-05-27,Male,2024-01-28,Active
C00582,Emma,Perez,emma.perez92@email.com,+1-313-955-9095,1959-06-09,Male,2024-08-01,Active
C00583,Scarlett,Williams,scarlett.williams741@email.com,+1-940-203-5192,1979-06-04,Male,2023-03-13,Active
C00584,Evelyn,Rodriguez,evelyn.rodriguez476@email.com,+1-251-202-3862,1985-06-02,Female,2024-11-21,Active
C00585,Abigail,Wilson,abigail.wilson757@email.com,+1-318-197-1751,1966-06-07,Male,2024-12-22,Active
C00586,Mia,Hernandez,mia.hernandez367@email.com,+1-648-736-5395,1956-06-09,Female,2024-09-27,Active
C00587,Michael,Garcia,michael.garcia117@email.com,+1-610-509-8479,1964-06-07,Female,2024-03-28,Active
C00588,Ella,Sanchez,ella.sanchez432@email.com,+1-864-916-3732,1964-06-07,Male,2024-09-07,Active
C00589,Noah,Ramirez,noah.ramirez164@email.com,+1-306-526-8908,1980-06-03,Other,2023-05-29,Active
C00590,James,Martin,james.martin389@email.com,+1-997-467-1472,1951-06-11,Other,2023-01-31,Active
C00591,Isabella,Thomas,isabella.thomas943@email.com,+1-699-215-7738,2004-05-28,Male,2023-10-07,Active
C00592,Harper,Lee,harper.lee322@email.com,+1-212-821-9598,1972-06-05,Other,2023-05-21,Active
C00593,Amelia,Perez,amelia.perez895@email.com,+1-546-631-9570,1969-06-06,Other,2023-01-27,Active
C00594,Sophia,Wilson,sophia.wilson678@email.com,+1-944-354-8895,1965-06-07,Other,2024-01-12,Active
C00595,Elizabeth,Jones,elizabeth.jones860@email.com,+1-771-727-1894,1998-05-30,Other,2024-12-20,Active
C00596,Scarlett,Ramirez,scarlett.ramirez481@email.com,+1-707-990-3709,1988-06-01,Female,2024-10-16,Active
C00597,Lucas,Hernandez,lucas.hernandez994@email.com,+1-484-151-9305,1967-06-07,Other,2024-05-17,Active
C00598,Elizabeth,Gonzalez,elizabeth.gonzalez837@email.com,+1-440-180-8521,1980-06-03,Other,2023-10-04,Active
C00599,Ethan,Ramirez,ethan.ramirez511@email.com,+1-657-423-2944,1967-06-07,Other,2023-08-10,Active
C00600,Liam,Brown,liam.brown414@email.com,+1-622-136-9996,1958-06-09,Male,2024-12-31,Active
C00601,Victoria,Martin,victoria.martin653@email.com,+1-511-620-4389,1979-06-04,Other,2023-03-02,Active
C00602,Michael,Lopez,michael.lopez846@email.com,+1-255-936-4652,1973-06-05,Female,2023-09-23,Active
C00603,Andrew,Martin,andrew.martin485@email.com,+1-933-772-6952,2002-05-29,Male,2023-09-25,Active
C00604,Amelia,Smith,amelia.smith350@email.com,+1-563-949-5783,1985-06-02,Other,2023-06-20,Active
C00605,Sophia,Johnson,sophia.johnson919@email.com,+1-368-604-3301,1992-05-31,Male,2023-11-08,Active
C00606,Andrew,Miller,andrew.miller193@email.com,+1-323-972-7437,1956-06-09,Female,2024-05-25,Active
C00607,Charlotte,Thompson,charlotte.thompson347@email.com,+1-310-875-7790,1955-06-10,Other,2024-11-14,Active
C00608,John,Brown,john.brown791@email.com,+1-661-568-9260,2008-05-27,Female,2024-08-16,Active
C00609,Samuel,White,samuel.white50@email.com,+1-766-543-8912,1964-06-07,Male,2023-07-30,Active
C00610,John,Garcia,john.garcia749@email.com,+1-331-206-7347,1970-06-06,Other,2023-02-27,Active
C00611,Abigail,Taylor,abigail.taylor903@email.com,+1-593-528-5067,1987-06-02,Female,2024-03-26,Active
C00612,Evelyn,Anderson,evelyn.anderson825@email.com,+1-336-241-7762,1952-06-10,Other,2023-04-25,Active
C00613,Scarlett,Martinez,scarlett.martinez864@email.com,+1-918-660-6143,1973-06-05,Other,2023-01-03,Active
C00614,Benjamin,Miller,benjamin.miller215@email.com,+1-839-831-5760,1965-06-07,Female,2023-01-28,Active
C00615,Isabella,Thompson,isabella.thompson666@email.com,+1-382-615-9888,1988-06-01,Other,2023-01-21,Active
C00616,Mason,Harris,mason.harris361@email.com,+1-775-591-7839,1951-06-11,Other,2023-02-10,Active
C00617,Grace,Martinez,grace.martinez899@email.com,+1-632-927-1209,2007-05-28,Male,2023-07-15,Active
C00618,Elizabeth,Jones,elizabeth.jones55@email.com,+1-886-157-4275,1990-06-01,Male,2024-04-02,Active
C00619,Harper,Jones,harper.jones860@email.com,+1-263-807-5835,2006-05-28,Other,2024-06-06,Active
C00620,Emily,Clark,emily.clark464@email.com,+1-304-730-4675,1984-06-02,Other,2023-03-10,Active
C00621,Lucas,Taylor,lucas.taylor804@email.com,+1-912-394-1769,1982-06-03,Female,2023-12-07,Active
C00622,Abigail,Moore,abigail.moore56@email.com,+1-213-861-5117,1953-06-10,Other,2024-06-07,Active
C00623,Avery,Clark,avery.clark231@email.com,+1-848-821-7025,1961-06-08,Other,2023-05-09,Active
C00624,Victoria,Miller,victoria.miller795@email.com,+1-942-298-5819,1965-06-07,Male,2023-09-29,Active
C00625,Ava,Garcia,ava.garcia986@email.com,+1-377-852-9418,2006-05-28,Female,2024-08-31,Active
C00626,Jackson,Rodriguez,jackson.rodriguez570@email.com,+1-470-233-3636,2008-05-27,Female,2023-05-13,Active
C00627,Michael,Anderson,michael.anderson727@email.com,+1-358-140-3518,2005-05-28,Other,2024-02-05,Active
C00628,Andrew,Clark,andrew.clark678@email.com,+1-508-602-6866,1988-06-01,Other,2024-10-18,Active
C00629,Samuel,Davis,samuel.davis980@email.com,+1-388-633-2117,1982-06-03,Male,2023-08-02,Active
C00630,Grace,Moore,grace.moore414@email.com,+1-294-457-4624,1987-06-02,Other,2024-05-27,Active
C00631,Michael,Lopez,michael.lopez301@email.com,+1-423-870-9691,1956-06-09,Other,2023-09-02,Active
C00632,Emma,Brown,emma.brown685@email.com,+1-554-556-4937,1969-06-06,Other,2023-03-15,Active
C00633,Lucas,Johnson,lucas.johnson699@email.com,+1-528-490-2857,1974-06-05,Female,2023-12-02,Active
C00634,Evelyn,Smith,evelyn.smith934@email.com,+1-729-941-7143,1980-06-03,Other,2023-07-24,Active
C00635,Joseph,Johnson,joseph.johnson304@email.com,+1-867-297-6248,2002-05-29,Male,2023-07-24,Active
C00636,Mia,Harris,mia.harris551@email.com,+1-746-107-2072,1968-06-06,Other,2024-05-30,Active
C00637,Benjamin,Ramirez,benjamin.ramirez702@email.com,+1-634-955-2702,1955-06-10,Other,2024-06-04,Active
C00638,Jackson,Lee,jackson.lee837@email.com,+1-273-864-3519,1963-06-08,Female,2024-12-07,Active
C00639,Michael,Johnson,michael.johnson90@email.com,+1-275-155-3916,2004-05-28,Other,2024-04-18,Active
C00640,Chloe,Clark,chloe.clark234@email.com,+1-464-517-7357,1983-06-03,Other,2023-09-27,Active
C00641,Jackson,Hernandez,jackson.hernandez18@email.com,+1-598-789-2938,1967-06-07,Male,2023-07-03,Active
C00642,Andrew,Williams,andrew.williams775@email.com,+1-963-699-1745,1986-06-02,Male,2023-01-14,Active
C00643,Scarlett,Brown,scarlett.brown297@email.com,+1-902-408-2417,1984-06-02,Female,2024-03-18,Active
C00644,Matthew,Clark,matthew.clark677@email.com,+1-231-585-3561,2000-05-29,Male,2023-07-04,Active
C00645,Matthew,Sanchez,matthew.sanchez817@email.com,+1-758-402-3360,1952-06-10,Other,2024-03-01,Active
C00646,Daniel,Smith,daniel.smith567@email.com,+1-768-244-3019,1972-06-05,Male,2024-11-19,Active
C00647,Victoria,Gonzalez,victoria.gonzalez551@email.com,+1-760-187-5992,1961-06-08,Other,2024-05-30,Active
C00648,Emily,Miller,emily.miller423@email.com,+1-861-971-9397,1997-05-30,Male,2024-08-08,Active
C00649,Amelia,Martin,amelia.martin855@email.com,+1-458-298-2877,1957-06-09,Other,2024-06-29,Active
C00650,Chloe,Ramirez,chloe.ramirez56@email.com,+1-969-662-8557,2004-05-28,Other,2023-03-12,Active
C00651,Evelyn,Perez,evelyn.perez69@email.com,+1-456-200-4234,1987-06-02,Female,2023-05-17,Active
C00652,Emily,Jones,emily.jones688@email.com,+1-871-340-2639,2004-05-28,Other,2024-03-15,Active
C00653,Charlotte,Hernandez,charlotte.hernandez498@email.com,+1-661-436-6008,1999-05-30,Other,2023-01-21,Active
C00654,Chloe,Jackson,chloe.jackson374@email.com,+1-523-538-3762,1993-05-31,Female,2024-12-27,Active
C00655,Amelia,Thompson,amelia.thompson758@email.com,+1-856-546-5533,1965-06-07,Male,2023-12-29,Active
C00656,Michael,Lewis,michael.lewis492@email.com,+1-673-556-6877,1973-06-05,Female,2024-02-23,Active
C00657,Sophia,Garcia,sophia.garcia662@email.com,+1-821-183-5597,1996-05-30,Other,2024-08-10,Active
C00658,Harper,White,harper.white908@email.com,+1-841-178-2235,1968-06-06,Other,2024-12-12,Active
C00659,Liam,Clark,liam.clark596@email.com,+1-792-514-4485,1992-05-31,Other,2024-11-24,Active
C00660,Grace,Lewis,grace.lewis553@email.com,+1-683-769-3435,1994-05-31,Female,2023-12-23,Active
C00661,John,White,john.white878@email.com,+1-497-237-8613,2003-05-29,Other,2023-08-06,Active
C00662,Matthew,Lopez,matthew.lopez515@email.com,+1-210-778-4913,1998-05-30,Other,2023-04-13,Active
C00663,Scarlett,Jones,scarlett.jones457@email.com,+1-363-283-3395,2006-05-28,Female,2023-08-24,Active
C00664,Amelia,Harris,amelia.harris500@email.com,+1-437-164-5331,2006-05-28,Male,2023-12-19,Active
C00665,Benjamin,Taylor,benjamin.taylor930@email.com,+1-569-497-8695,2006-05-28,Male,2023-09-23,Active
C00666,Abigail,Brown,abigail.brown721@email.com,+1-733-748-5480,1974-06-05,Other,2024-04-06,Active
C00667,Chloe,Garcia,chloe.garcia386@email.com,+1-869-487-6985,1951-06-11,Other,2023-05-10,Active
C00668,Ava,Taylor,ava.taylor258@email.com,+1-585-328-9460,1956-06-09,Female,2023-11-12,Active
C00669,Emily,Thomas,emily.thomas812@email.com,+1-693-718-1108,1980-06-03,Male,2023-08-06,Active
C00670,Mia,Davis,mia.davis79@email.com,+1-726-758-5600,1997-05-30,Male,2024-05-29,Active
C00671,Mia,Lopez,mia.lopez617@email.com,+1-934-936-2938,1982-06-03,Male,2023-02-24,Active
C00672,Michael,White,michael.white117@email.com,+1-693-791-8844,1971-06-06,Male,2023-08-29,Active
C00673,Mia,Lee,mia.lee854@email.com,+1-620-122-4992,1972-06-05,Male,2024-11-17,Active
C00674,John,Garcia,john.garcia138@email.com,+1-844-624-1642,2005-05-28,Male,2023-05-25,Active
C00675,Mia,Rodriguez,mia.rodriguez945@email.com,+1-384-629-7642,1968-06-06,Other,2023-04-28,Active
C00676,Liam,Lewis,liam.lewis737@email.com,+1-945-777-5644,1980-06-03,Male,2024-10-05,Active
C00677,Victoria,Thomas,victoria.thomas889@email.com,+1-693-274-4594,1999-05-30,Other,2023-11-07,Active
C00678,John,Clark,john.clark786@email.com,+1-386-738-9369,1962-06-08,Male,2024-04-05,Active
C00679,Michael,Robinson,michael.robinson465@email.com,+1-810-704-2127,1984-06-02,Female,2024-05-10,Active
C00680,Isabella,Brown,isabella.brown17@email.com,+1-407-635-9263,1956-06-09,Female,2023-01-31,Active
C00681,William,Martin,william.martin99@email.com,+1-381-587-1639,1960-06-08,Other,2023-07-06,Active
C00682,Mason,Williams,mason.williams494@email.com,+1-875-233-9835,1967-06-07,Other,2024-12-30,Active
C00683,Jackson,Taylor,jackson.taylor431@email.com,+1-579-995-1711,1981-06-03,Other,2023-01-17,Active
C00684,Amelia,Sanchez,amelia.sanchez494@email.com,+1-987-490-6742,1960-06-08,Other,2023-05-08,Active
C00685,Chloe,Brown,chloe.brown436@email.com,+1-337-360-8817,1990-06-01,Male,2024-05-07,Active
C00686,Victoria,Lewis,victoria.lewis557@email.com,+1-618-363-4096,1961-06-08,Other,2024-12-26,Active
C00687,Emma,Jackson,emma.jackson536@email.com,+1-320-632-1117,1995-05-31,Other,2023-12-13,Active
C00688,Abigail,Wilson,abigail.wilson371@email.com,+1-309-258-7980,1992-05-31,Other,2023-03-05,Active
C00689,Harper,Ramirez,harper.ramirez549@email.com,+1-633-678-6990,1965-06-07,Female,2023-04-15,Active
C00690,Matthew,Harris,matthew.harris209@email.com,+1-623-665-8904,1973-06-05,Female,2024-07-01,Active
C00691,Sebastian,Thomas,sebastian.thomas260@email.com,+1-514-691-6641,1961-06-08,Female,2023-01-09,Active
C00692,Isabella,Ramirez,isabella.ramirez885@email.com,+1-875-221-4764,1998-05-30,Other,2023-10-01,Active
C00693,Sophia,Miller,sophia.miller521@email.com,+1-610-904-6544,1964-06-07,Other,2023-06-17,Active
C00694,Noah,Garcia,noah.garcia399@email.com,+1-851-105-2492,1970-06-06,Female,2024-08-05,Active
C00695,Jackson,Williams,jackson.williams66@email.com,+1-469-327-7075,2006-05-28,Other,2024-10-11,Active
C00696,Elizabeth,Robinson,elizabeth.robinson411@email.com,+1-828-771-9536,1970-06-06,Other,2024-03-13,Active
C00697,Noah,Harris,noah.harris840@email.com,+1-379-755-9099,1996-05-30,Male,2023-10-09,Active
C00698,Samuel,Martinez,samuel.martinez200@email.com,+1-234-902-9364,1994-05-31,Other,2023-07-22,Active
C00699,Andrew,Garcia,andrew.garcia691@email.com,+1-236-468-4919,1998-05-30,Male,2023-03-02,Active
C00700,Ethan,Rodriguez,ethan.rodriguez799@email.com,+1-609-461-7474,1996-05-30,Other,2023-11-12,Active
C00701,Samuel,Smith,samuel.smith755@email.com,+1-920-170-2477,1962-06-08,Female,2023-06-18,Active
C00702,Sebastian,Robinson,sebastian.robinson597@email.com,+1-556-455-5530,1996-05-30,Other,2024-05-14,Active
C00703,David,Robinson,david.robinson414@email.com,+1-788-104-5277,1976-06-04,Female,2024-07-05,Active
C00704,Sophia,Moore,sophia.moore75@email.com,+1-715-401-6570,1992-05-31,Other,2024-09-03,Active
C00705,Grace,Clark,grace.clark813@email.com,+1-788-356-8254,1978-06-04,Other,2023-12-11,Active
C00706,Lucas,Harris,lucas.harris348@email.com,+1-994-569-8548,1978-06-04,Male,2023-05-11,Active
C00707,Mason,Rodriguez,mason.rodriguez70@email.com,+1-591-748-4610,1994-05-31,Other,2023-02-07,Active
C00708,Abigail,Wilson,abigail.wilson979@email.com,+1-561-628-9776,1955-06-10,Other,2024-12-22,Active
C00709,Harper,Davis,harper.davis295@email.com,+1-295-508-6603,1997-05-30,Other,2024-10-15,Active
C00710,Ella,Hernandez,ella.hernandez363@email.com,+1-423-687-5408,1965-06-07,Other,2024-06-27,Active
C00711,Charlotte,Thomas,charlotte.thomas755@email.com,+1-404-340-4965,1994-05-31,Male,2024-04-04,Active
C00712,Charlotte,Clark,charlotte.clark256@email.com,+1-833-464-3555,2003-05-29,Male,2024-09-13,Active
C00713,Joseph,Martin,joseph.martin7@email.com,+1-982-977-9871,1985-06-02,Female,2024-11-18,Active
C00714,Andrew,Hernandez,andrew.hernandez505@email.com,+1-788-989-5501,1960-06-08,Male,2023-08-17,Active
C00715,Scarlett,Rodriguez,scarlett.rodriguez408@email.com,+1-427-868-3101,1957-06-09,Other,2024-11-06,Active
C00716,Jackson,Thomas,jackson.thomas963@email.com,+1-753-133-9232,1953-06-10,Female,2024-01-11,Active
C00717,James,Anderson,james.anderson124@email.com,+1-915-630-8537,2008-05-27,Other,2024-02-12,Active
C00718,Emma,Perez,emma.perez216@email.com,+1-588-694-2650,1969-06-06,Female,2024-02-02,Active
C00719,Harper,Garcia,harper.garcia562@email.com,+1-469-342-5413,1987-06-02,Other,2023-09-06,Active
C00720,Daniel,Garcia,daniel.garcia511@email.com,+1-634-315-7866,1985-06-02,Female,2023-01-14,Active
C00721,Matthew,Rodriguez,matthew.rodriguez462@email.com,+1-384-685-3148,1994-05-31,Other,2023-05-22,Active
C00722,Sophia,White,sophia.white277@email.com,+1-441-668-8081,1999-05-30,Male,2023-12-07,Active
C00723,William,Thomas,william.thomas826@email.com,+1-209-280-7906,1951-06-11,Male,2023-08-08,Active
C00724,Samuel,Moore,samuel.moore738@email.com,+1-523-904-8972,1973-06-05,Female,2024-02-28,Active
C00725,Chloe,Johnson,chloe.johnson408@email.com,+1-301-807-3676,1956-06-09,Male,2024-10-31,Active
C00726,Harper,Thomas,harper.thomas860@email.com,+1-844-198-8370,1985-06-02,Female,2024-01-24,Active
C00727,Daniel,Moore,daniel.moore571@email.com,+1-463-452-1324,1986-06-02,Male,2023-11-06,Active
C00728,Victoria,Miller,victoria.miller591@email.com,+1-789-765-9821,1986-06-02,Female,2024-07-06,Active
C00729,Abigail,Perez,abigail.perez523@email.com,+1-699-893-8322,1969-06-06,Female,2024-10-12,Active
C00730,Evelyn,Anderson,evelyn.anderson647@email.com,+1-348-989-3745,1982-06-03,Female,2023-03-17,Active
C00731,Andrew,Jackson,andrew.jackson415@email.com,+1-273-181-3654,1988-06-01,Male,2024-01-15,Active
C00732,Abigail,Lee,abigail.lee299@email.com,+1-927-373-7479,1959-06-09,Female,2024-03-29,Active
C00733,Daniel,White,daniel.white602@email.com,+1-733-561-7782,1954-06-10,Male,2024-07-13,Active
C00734,Liam,Jones,liam.jones746@email.com,+1-440-777-5122,2003-05-29,Other,2023-01-14,Active
C00735,Benjamin,Garcia,benjamin.garcia407@email.com,+1-305-197-2045,2005-05-28,Other,2023-09-04,Active
C00736,Liam,Harris,liam.harris407@email.com,+1-736-883-2363,1969-06-06,Female,2024-09-16,Active
C00737,William,Williams,william.williams671@email.com,+1-599-416-4757,1990-06-01,Other,2024-04-22,Active
C00738,Avery,Lee,avery.lee130@email.com,+1-334-639-3795,1966-06-07,Male,2024-12-02,Active
C00739,Emily,Ramirez,emily.ramirez938@email.com,+1-533-984-8801,1991-06-01,Other,2023-09-10,Active
C00740,Sebastian,Anderson,sebastian.anderson139@email.com,+1-914-652-3900,1979-06-04,Other,2023-05-06,Active
C00741,Chloe,Wilson,chloe.wilson537@email.com,+1-855-754-9745,1978-06-04,Female,2024-02-18,Active
C00742,Grace,Davis,grace.davis825@email.com,+1-291-552-6044,1992-05-31,Female,2023-12-23,Active
C00743,William,Martinez,william.martinez11@email.com,+1-200-635-3233,1978-06-04,Female,2024-01-14,Active
C00744,Grace,Smith,grace.smith705@email.com,+1-703-873-8816,1959-06-09,Male,2024-02-29,Active
C00745,Jackson,Sanchez,jackson.sanchez300@email.com,+1-811-336-1118,1996-05-30,Female,2023-06-19,Active
C00746,Sofia,Lewis,sofia.lewis575@email.com,+1-647-504-5094,1961-06-08,Other,2024-07-17,Active
C00747,Elizabeth,Clark,elizabeth.clark388@email.com,+1-425-369-2297,1993-05-31,Other,2023-10-26,Active
C00748,Samuel,Harris,samuel.harris820@email.com,+1-827-926-5454,1961-06-08,Other,2024-03-15,Active
C00749,Grace,Sanchez,grace.sanchez276@email.com,+1-622-292-2121,1990-06-01,Male,2024-06-28,Active
C00750,Mason,Lee,mason.lee467@email.com,+1-832-563-5458,1977-06-04,Other,2023-01-14,Active
C00751,Charlotte,Hernandez,charlotte.hernandez20@email.com,+1-355-150-9764,2002-05-29,Male,2024-12-09,Active
C00752,Evelyn,Rodriguez,evelyn.rodriguez129@email.com,+1-932-548-1134,1999-05-30,Male,2024-05-07,Active
C00753,Emma,Thomas,emma.thomas223@email.com,+1-550-530-6104,1979-06-04,Female,2023-08-09,Active
C00754,Olivia,Hernandez,olivia.hernandez83@email.com,+1-968-249-1918,2004-05-28,Female,2024-04-03,Active
C00755,Grace,Thomas,grace.thomas186@email.com,+1-396-961-5097,2001-05-29,Male,2023-12-07,Active
C00756,Lucas,Gonzalez,lucas.gonzalez790@email.com,+1-653-353-1549,1961-06-08,Female,2024-06-11,Active
C00757,Sophia,Taylor,sophia.taylor682@email.com,+1-413-584-7375,1988-06-01,Female,2023-02-03,Active
C00758,Mia,Lee,mia.lee746@email.com,+1-243-862-9534,1978-06-04,Female,2024-08-28,Active
C00759,Alexander,Miller,alexander.miller370@email.com,+1-253-984-4568,1968-06-06,Male,2024-09-07,Active
C00760,Jackson,Hernandez,jackson.hernandez16@email.com,+1-371-913-5523,1983-06-03,Male,2023-05-13,Active
C00761,Lucas,Smith,lucas.smith993@email.com,+1-243-695-8786,1999-05-30,Other,2023-01-27,Active
C00762,Daniel,Harris,daniel.harris92@email.com,+1-454-261-9190,1969-06-06,Other,2024-09-29,Active
C00763,Michael,Robinson,michael.robinson993@email.com,+1-977-740-1983,1967-06-07,Female,2024-10-31,Active
C00764,William,Thompson,william.thompson550@email.com,+1-309-228-8992,1973-06-05,Female,2024-05-07,Active
C00765,Emily,Sanchez,emily.sanchez914@email.com,+1-649-850-4161,1984-06-02,Other,2024-12-10,Active
C00766,Emily,White,emily.white138@email.com,+1-456-140-8951,1973-06-05,Female,2023-01-08,Active
C00767,Evelyn,Moore,evelyn.moore714@email.com,+1-701-294-4057,1988-06-01,Female,2023-06-24,Active
C00768,David,Rodriguez,david.rodriguez889@email.com,+1-813-981-3627,1999-05-30,Other,2024-10-22,Active
C00769,Avery,Martinez,avery.martinez840@email.com,+1-469-654-7014,1959-06-09,Male,2023-09-24,Active
C00770,Scarlett,Gonzalez,scarlett.gonzalez752@email.com,+1-389-119-6965,1988-06-01,Male,2023-04-06,Active
C00771,Ava,Perez,ava.perez991@email.com,+1-751-938-7348,1965-06-07,Other,2024-06-20,Active
C00772,Joseph,Harris,joseph.harris565@email.com,+1-357-727-5638,1967-06-07,Female,2024-02-05,Active
C00773,Abigail,Brown,abigail.brown99@email.com,+1-735-774-2092,1997-05-30,Male,2024-11-17,Active
C00774,Olivia,Miller,olivia.miller110@email.com,+1-697-296-2617,1967-06-07,Other,2024-11-29,Active
C00775,Elizabeth,Perez,elizabeth.perez502@email.com,+1-738-738-5193,1994-05-31,Female,2024-11-11,Active
C00776,Victoria,Thompson,victoria.thompson73@email.com,+1-213-313-9051,1957-06-09,Female,2024-10-11,Active
C00777,Noah,Lopez,noah.lopez572@email.com,+1-961-525-7046,1956-06-09,Male,2023-01-06,Active
C00778,Andrew,Rodriguez,andrew.rodriguez542@email.com,+1-241-851-2153,1995-05-31,Male,2024-02-24,Active
C00779,Samuel,Brown,samuel.brown104@email.com,+1-942-336-9710,1996-05-30,Male,2023-12-03,Active
C00780,Samuel,Perez,samuel.perez255@email.com,+1-783-740-3931,1973-06-05,Other,2023-06-09,Active
C00781,Sofia,White,sofia.white109@email.com,+1-984-753-6864,1964-06-07,Female,2023-02-10,Active
C00782,Jackson,Lewis,jackson.lewis107@email.com,+1-370-911-3955,1976-06-04,Female,2023-06-17,Active
C00783,Michael,Perez,michael.perez162@email.com,+1-746-714-8258,1973-06-05,Female,2024-01-06,Active
C00784,Abigail,Ramirez,abigail.ramirez381@email.com,+1-622-882-8054,1993-05-31,Other,2024-02-04,Active
C00785,Chloe,Moore,chloe.moore220@email.com,+1-584-884-5162,1980-06-03,Female,2023-12-29,Active
C00786,Matthew,Smith,matthew.smith744@email.com,+1-235-391-1267,1952-06-10,Male,2023-07-20,Active
C00787,Alexander,Smith,alexander.smith308@email.com,+1-427-319-6159,1956-06-09,Other,2024-12-09,Active
C00788,Henry,Robinson,henry.robinson567@email.com,+1-723-669-3534,1979-06-04,Male,2024-09-26,Active
C00789,Emily,Jones,emily.jones142@email.com,+1-471-475-5093,1957-06-09,Female,2024-05-07,Active
C00790,Alexander,Williams,alexander.williams585@email.com,+1-609-682-4562,1988-06-01,Other,2024-10-13,Active
C00791,Ella,Garcia,ella.garcia500@email.com,+1-906-819-2562,1989-06-01,Other,2023-05-02,Active
C00792,Olivia,White,olivia.white828@email.com,+1-790-490-2285,1986-06-02,Female,2024-11-04,Active
C00793,Jackson,Wilson,jackson.wilson953@email.com,+1-323-990-4714,2008-05-27,Other,2023-03-04,Active
C00794,Elizabeth,Johnson,elizabeth.johnson313@email.com,+1-736-142-6231,1999-05-30,Other,2023-06-28,Active
C00795,Abigail,Taylor,abigail.taylor715@email.com,+1-426-256-1827,1983-06-03,Other,2023-02-11,Active
C00796,Avery,Harris,avery.harris610@email.com,+1-789-616-2475,1990-06-01,Female,2024-05-18,Active
C00797,Matthew,Jones,matthew.jones136@email.com,+1-544-184-8796,2005-05-28,Other,2023-05-26,Active
C00798,Sebastian,Gonzalez,sebastian.gonzalez269@email.com,+1-287-508-9221,2000-05-29,Other,2023-10-14,Active
C00799,Isabella,Thomas,isabella.thomas573@email.com,+1-402-599-7476,1996-05-30,Other,2023-03-05,Active
C00800,Sebastian,Martin,sebastian.martin754@email.com,+1-736-352-4970,1959-06-09,Female,2024-10-19,Active
C00801,Jackson,Hernandez,jackson.hernandez702@email.com,+1-789-191-2843,1981-06-03,Female,2023-02-13,Active
C00802,Daniel,Lopez,daniel.lopez196@email.com,+1-528-452-1396,1986-06-02,Male,2024-02-23,Active
C00803,Andrew,Clark,andrew.clark823@email.com,+1-652-738-3389,1956-06-09,Male,2023-10-07,Active
C00804,Amelia,Miller,amelia.miller702@email.com,+1-582-259-2405,2005-05-28,Other,2024-09-07,Active
C00805,Lucas,Martin,lucas.martin949@email.com,+1-351-989-5713,1964-06-07,Female,2024-12-17,Active
C00806,Mason,Martinez,mason.martinez461@email.com,+1-682-123-6437,1974-06-05,Other,2024-05-31,Active
C00807,Benjamin,Miller,benjamin.miller560@email.com,+1-735-868-5237,1969-06-06,Female,2023-06-19,Active
C00808,William,Thompson,william.thompson716@email.com,+1-884-118-7170,1975-06-05,Other,2023-05-15,Active
C00809,Olivia,Rodriguez,olivia.rodriguez175@email.com,+1-261-390-4288,1991-06-01,Other,2023-01-18,Active
C00810,Noah,Anderson,noah.anderson671@email.com,+1-208-168-7367,1966-06-07,Female,2023-02-24,Active
C00811,Daniel,Ramirez,daniel.ramirez111@email.com,+1-219-399-7332,1976-06-04,Female,2024-05-09,Active
C00812,Sophia,Lewis,sophia.lewis324@email.com,+1-696-987-9709,1996-05-30,Male,2024-10-02,Active
C00813,Scarlett,Anderson,scarlett.anderson575@email.com,+1-929-122-1651,1989-06-01,Other,2024-04-22,Active
C00814,Michael,Thomas,michael.thomas403@email.com,+1-962-260-1301,1986-06-02,Other,2024-01-11,Active
C00815,Emily,Lee,emily.lee310@email.com,+1-441-613-5519,1992-05-31,Other,2024-10-29,Active
C00816,Elizabeth,Lewis,elizabeth.lewis835@email.com,+1-230-668-5590,1987-06-02,Male,2024-05-15,Active
C00817,Matthew,Perez,matthew.perez141@email.com,+1-289-847-7262,1969-06-06,Other,2023-07-17,Active
C00818,Amelia,Wilson,amelia.wilson247@email.com,+1-786-256-7987,1987-06-02,Other,2024-02-16,Active
C00819,Avery,Moore,avery.moore135@email.com,+1-411-768-3270,1965-06-07,Other,2023-05-17,Active
C00820,Charlotte,Ramirez,charlotte.ramirez142@email.com,+1-516-805-9582,1959-06-09,Female,2024-08-15,Active
C00821,William,Lee,william.lee956@email.com,+1-778-261-6201,1974-06-05,Other,2024-10-23,Active
C00822,Mason,Garcia,mason.garcia326@email.com,+1-349-844-1483,1982-06-03,Female,2024-02-09,Active
C00823,Alexander,Anderson,alexander.anderson764@email.com,+1-852-856-5485,2002-05-29,Male,2024-07-29,Active
C00824,Isabella,Garcia,isabella.garcia27@email.com,+1-980-726-5372,1969-06-06,Other,2023-04-21,Active
C00825,Amelia,Martin,amelia.martin238@email.com,+1-436-803-1427,1964-06-07,Male,2023-12-30,Active
C00826,Ella,Jones,ella.jones515@email.com,+1-819-580-7126,1977-06-04,Female,2024-06-26,Active
C00827,Ella,Jones,ella.jones168@email.com,+1-397-331-1528,1991-06-01,Male,2023-11-09,Active
C00828,Sofia,Davis,sofia.davis761@email.com,+1-887-307-4351,1980-06-03,Male,2024-10-25,Active
C00829,Andrew,Thomas,andrew.thomas705@email.com,+1-532-987-8496,1983-06-03,Female,2024-04-23,Active
C00830,Olivia,Martin,olivia.martin753@email.com,+1-589-837-6126,1961-06-08,Other,2023-11-24,Active
C00831,Chloe,Martin,chloe.martin550@email.com,+1-737-756-1630,1980-06-03,Male,2023-07-17,Active
C00832,David,Clark,david.clark899@email.com,+1-243-998-5025,1983-06-03,Other,2023-07-19,Active
C00833,Olivia,Moore,olivia.moore397@email.com,+1-728-883-1807,1980-06-03,Female,2024-06-20,Active
C00834,Matthew,Lewis,matthew.lewis312@email.com,+1-992-947-5684,1981-06-03,Male,2023-09-16,Active
C00835,Evelyn,Martin,evelyn.martin942@email.com,+1-255-806-9470,1955-06-10,Female,2024-08-08,Active
C00836,Avery,Williams,avery.williams740@email.com,+1-712-215-3945,1974-06-05,Other,2023-05-12,Active
C00837,Isabella,Gonzalez,isabella.gonzalez424@email.com,+1-531-561-1408,1971-06-06,Female,2024-07-01,Active
C00838,Charlotte,Lewis,charlotte.lewis466@email.com,+1-292-356-6309,1963-06-08,Other,2023-01-23,Active
C00839,Mia,Thompson,mia.thompson751@email.com,+1-326-193-2870,1968-06-06,Female,2023-01-08,Active
C00840,Daniel,Williams,daniel.williams537@email.com,+1-924-493-9383,1984-06-02,Male,2023-04-15,Active
C00841,Sebastian,Gonzalez,sebastian.gonzalez45@email.com,+1-986-274-6491,1953-06-10,Other,2023-06-01,Active
C00842,William,Garcia,william.garcia890@email.com,+1-348-283-1840,1989-06-01,Female,2023-10-29,Active
C00843,Avery,Martinez,avery.martinez642@email.com,+1-385-220-3155,1969-06-06,Male,2024-06-07,Active
C00844,Harper,Smith,harper.smith470@email.com,+1-709-975-9169,1970-06-06,Male,2023-06-24,Active
C00845,Joseph,Davis,joseph.davis223@email.com,+1-802-775-8794,1980-06-03,Female,2023-09-24,Active
C00846,Ethan,Martin,ethan.martin615@email.com,+1-206-350-9967,1968-06-06,Other,2024-03-22,Active
C00847,Sebastian,Clark,sebastian.clark846@email.com,+1-412-150-4028,1967-06-07,Male,2024-08-02,Active
C00848,Emily,Johnson,emily.johnson149@email.com,+1-233-783-5889,2005-05-28,Male,2024-01-27,Active
C00849,Sophia,Wilson,sophia.wilson183@email.com,+1-365-788-5659,1964-06-07,Other,2023-04-16,Active
C00850,Victoria,Jackson,victoria.jackson807@email.com,+1-775-281-8460,2006-05-28,Female,2023-05-19,Active
C00851,Ethan,Harris,ethan.harris307@email.com,+1-530-477-7208,1955-06-10,Female,2024-10-23,Active
C00852,Sebastian,Williams,sebastian.williams300@email.com,+1-682-237-2999,1987-06-02,Female,2023-01-20,Active
C00853,Samuel,Wilson,samuel.wilson538@email.com,+1-414-812-4425,2002-05-29,Male,2023-04-15,Active
C00854,Chloe,White,chloe.white645@email.com,+1-741-189-8924,1958-06-09,Other,2023-01-26,Active
C00855,Evelyn,Wilson,evelyn.wilson624@email.com,+1-524-365-9608,1986-06-02,Other,2023-05-23,Active
C00856,Isabella,Martin,isabella.martin577@email.com,+1-708-632-9154,1952-06-10,Male,2023-08-15,Active
C00857,Andrew,Davis,andrew.davis726@email.com,+1-497-298-1025,1979-06-04,Male,2024-09-01,Active
C00858,Mason,White,mason.white869@email.com,+1-412-918-7793,1987-06-02,Male,2023-11-04,Active
C00859,Emily,Moore,emily.moore826@email.com,+1-852-317-1185,1964-06-07,Male,2023-03-17,Active
C00860,Evelyn,Rodriguez,evelyn.rodriguez810@email.com,+1-269-415-5919,1988-06-01,Other,2023-08-01,Active
C00861,Emma,Brown,emma.brown703@email.com,+1-541-449-7488,2007-05-28,Other,2023-05-29,Active
C00862,James,Miller,james.miller339@email.com,+1-546-788-8849,1967-06-07,Male,2023-09-03,Active
C00863,Isabella,Thomas,isabella.thomas160@email.com,+1-842-571-9797,1958-06-09,Female,2024-01-23,Active
C00864,Sofia,Robinson,sofia.robinson761@email.com,+1-257-955-9537,1962-06-08,Other,2024-02-29,Active
C00865,Abigail,Moore,abigail.moore549@email.com,+1-219-313-6434,1999-05-30,Male,2024-01-04,Active
C00866,Henry,Clark,henry.clark32@email.com,+1-547-484-9753,1970-06-06,Other,2024-07-15,Active
C00867,Elizabeth,Garcia,elizabeth.garcia610@email.com,+1-319-985-6050,1963-06-08,Female,2023-01-09,Active
C00868,Olivia,Rodriguez,olivia.rodriguez424@email.com,+1-288-608-4893,1955-06-10,Female,2023-12-17,Active
C00869,Alexander,Miller,alexander.miller538@email.com,+1-509-279-2838,1959-06-09,Male,2023-12-14,Active
C00870,Charlotte,Robinson,charlotte.robinson95@email.com,+1-654-618-1408,1999-05-30,Other,2023-08-25,Active
C00871,Charlotte,Hernandez,charlotte.hernandez946@email.com,+1-695-850-9579,1999-05-30,Female,2024-02-18,Active
C00872,Sophia,Clark,sophia.clark961@email.com,+1-728-792-3174,2006-05-28,Other,2024-06-04,Active
C00873,David,Gonzalez,david.gonzalez731@email.com,+1-734-218-1067,1965-06-07,Male,2024-02-17,Active
C00874,Victoria,Ramirez,victoria.ramirez90@email.com,+1-541-578-1755,1959-06-09,Other,2024-09-17,Active
C00875,Alexander,Smith,alexander.smith592@email.com,+1-976-419-4438,1996-05-30,Male,2024-02-07,Active
C00876,Evelyn,Rodriguez,evelyn.rodriguez546@email.com,+1-526-891-8227,1991-06-01,Male,2023-02-13,Active
C00877,William,Garcia,william.garcia281@email.com,+1-317-115-9422,1974-06-05,Male,2024-09-18,Active
C00878,Emily,Moore,emily.moore327@email.com,+1-477-244-5641,1998-05-30,Male,2023-05-24,Active
C00879,Ava,Martinez,ava.martinez628@email.com,+1-546-653-8268,2007-05-28,Male,2024-11-10,Active
C00880,Ella,Lewis,ella.lewis692@email.com,+1-251-208-7284,1981-06-03,Male,2024-11-06,Active
C00881,Matthew,Garcia,matthew.garcia722@email.com,+1-810-706-8304,1989-06-01,Female,2023-04-10,Active
C00882,Michael,Clark,michael.clark203@email.com,+1-930-876-9740,1972-06-05,Female,2024-10-12,Active
C00883,Isabella,Williams,isabella.williams833@email.com,+1-915-579-2593,1965-06-07,Female,2023-09-22,Active
C00884,David,Thomas,david.thomas238@email.com,+1-429-247-5227,1997-05-30,Female,2023-12-25,Active
C00885,Michael,Sanchez,michael.sanchez882@email.com,+1-532-564-8987,1978-06-04,Male,2024-12-01,Active
C00886,Mason,Lopez,mason.lopez491@email.com,+1-672-966-3798,1970-06-06,Female,2024-03-17,Active
C00887,Chloe,Jones,chloe.jones521@email.com,+1-305-515-2752,1967-06-07,Other,2024-02-02,Active
C00888,Ava,Sanchez,ava.sanchez310@email.com,+1-745-572-7566,1993-05-31,Female,2023-05-07,Active
C00889,Andrew,Davis,andrew.davis562@email.com,+1-362-593-7288,1995-05-31,Female,2024-10-25,Active
C00890,John,Wilson,john.wilson804@email.com,+1-645-680-6606,1993-05-31,Other,2023-06-23,Active
C00891,James,Perez,james.perez686@email.com,+1-279-857-8972,1970-06-06,Other,2024-09-05,Active
C00892,David,Hernandez,david.hernandez569@email.com,+1-299-941-8294,1983-06-03,Female,2024-07-04,Active
C00893,Ava,Martin,ava.martin112@email.com,+1-901-933-7208,1967-06-07,Female,2024-01-31,Active
C00894,Noah,Williams,noah.williams223@email.com,+1-342-694-1003,1999-05-30,Other,2024-08-03,Active
C00895,Avery,Moore,avery.moore299@email.com,+1-599-730-8326,1965-06-07,Male,2024-06-14,Active
C00896,Abigail,Martinez,abigail.martinez584@email.com,+1-895-411-8122,1971-06-06,Male,2024-01-14,Active
C00897,Emma,Martin,emma.martin523@email.com,+1-613-967-3089,1985-06-02,Male,2024-03-05,Active
C00898,Sebastian,Johnson,sebastian.johnson1@email.com,+1-920-673-6885,1953-06-10,Female,2024-09-10,Active
C00899,Liam,Davis,liam.davis443@email.com,+1-919-704-7459,1963-06-08,Female,2023-04-01,Active
C00900,Elizabeth,Gonzalez,elizabeth.gonzalez391@email.com,+1-645-658-4460,1978-06-04,Male,2023-02-22,Active
C00901,Isabella,Miller,isabella.miller569@email.com,+1-593-963-6902,1990-06-01,Male,2023-10-31,Active
C00902,Isabella,Jones,isabella.jones12@email.com,+1-273-763-1257,1952-06-10,Other,2024-08-06,Active
C00903,Joseph,Perez,joseph.perez448@email.com,+1-339-186-3248,1953-06-10,Female,2023-03-15,Active
C00904,David,Lewis,david.lewis808@email.com,+1-912-718-7974,1979-06-04,Male,2023-04-03,Active
C00905,Scarlett,Wilson,scarlett.wilson566@email.com,+1-660-493-6821,1981-06-03,Male,2024-05-14,Active
C00906,Victoria,Smith,victoria.smith592@email.com,+1-710-967-4878,1991-06-01,Other,2023-01-02,Active
C00907,Sofia,Robinson,sofia.robinson560@email.com,+1-790-475-1548,1978-06-04,Other,2024-11-23,Active
C00908,Daniel,Brown,daniel.brown595@email.com,+1-693-807-2311,1962-06-08,Other,2024-08-08,Active
C00909,Samuel,Ramirez,samuel.ramirez769@email.com,+1-997-386-8617,1975-06-05,Male,2023-07-21,Active
C00910,Andrew,Williams,andrew.williams252@email.com,+1-683-745-2279,1974-06-05,Other,2023-01-31,Active
C00911,John,Martinez,john.martinez628@email.com,+1-254-451-9765,1979-06-04,Female,2024-12-20,Active
C00912,Scarlett,Lewis,scarlett.lewis481@email.com,+1-787-851-6431,1957-06-09,Female,2023-10-27,Active
C00913,Evelyn,Martinez,evelyn.martinez172@email.com,+1-236-811-5981,2005-05-28,Female,2023-06-03,Active
C00914,Ella,Jackson,ella.jackson174@email.com,+1-786-152-5780,1990-06-01,Male,2023-04-02,Active
C00915,Joseph,Williams,joseph.williams130@email.com,+1-717-178-5552,1969-06-06,Male,2024-04-17,Active
C00916,Henry,Rodriguez,henry.rodriguez879@email.com,+1-463-114-2827,1971-06-06,Male,2023-04-23,Active
C00917,William,Perez,william.perez458@email.com,+1-578-927-3873,1993-05-31,Other,2024-04-08,Active
C00918,Joseph,Garcia,joseph.garcia819@email.com,+1-740-982-1542,1999-05-30,Male,2024-01-15,Active
C00919,Victoria,Robinson,victoria.robinson842@email.com,+1-357-957-9125,1993-05-31,Female,2023-11-05,Active
C00920,Avery,White,avery.white653@email.com,+1-371-315-6653,1992-05-31,Other,2024-11-06,Active
C00921,Mason,Johnson,mason.johnson172@email.com,+1-675-508-8802,1961-06-08,Female,2024-02-27,Active
C00922,Grace,Davis,grace.davis389@email.com,+1-899-822-7390,1999-05-30,Female,2023-09-03,Active
C00923,Samuel,Ramirez,samuel.ramirez446@email.com,+1-212-395-8353,1988-06-01,Other,2023-12-06,Active
C00924,Samuel,Perez,samuel.perez979@email.com,+1-242-199-9704,1954-06-10,Female,2023-03-20,Active
C00925,Jackson,Martin,jackson.martin941@email.com,+1-867-978-5466,1991-06-01,Female,2024-01-23,Active
C00926,Sophia,Rodriguez,sophia.rodriguez671@email.com,+1-798-500-8554,1993-05-31,Other,2023-02-09,Active
C00927,John,Harris,john.harris200@email.com,+1-732-445-3947,2008-05-27,Other,2024-02-15,Active
C00928,Emma,Clark,emma.clark70@email.com,+1-212-521-2600,1965-06-07,Male,2023-07-13,Active
C00929,Avery,Lopez,avery.lopez225@email.com,+1-942-390-5127,2007-05-28,Male,2024-06-17,Active
C00930,Andrew,Williams,andrew.williams59@email.com,+1-808-772-4552,2001-05-29,Other,2023-04-28,Active
C00931,Mason,Williams,mason.williams877@email.com,+1-819-233-7159,1972-06-05,Other,2023-02-28,Active
C00932,James,Lewis,james.lewis114@email.com,+1-912-288-5150,1966-06-07,Female,2024-03-05,Active
C00933,Ava,Lee,ava.lee465@email.com,+1-483-887-7995,1959-06-09,Other,2023-01-23,Active
C00934,Abigail,Rodriguez,abigail.rodriguez166@email.com,+1-999-175-5543,1984-06-02,Female,2024-10-29,Active
C00935,Michael,Johnson,michael.johnson265@email.com,+1-471-282-8218,1996-05-30,Female,2024-10-21,Active
C00936,Andrew,Gonzalez,andrew.gonzalez183@email.com,+1-860-603-2776,1959-06-09,Other,2024-08-06,Active
C00937,Jackson,Miller,jackson.miller629@email.com,+1-858-208-8234,2006-05-28,Male,2024-04-10,Active
C00938,Ava,Williams,ava.williams586@email.com,+1-945-356-8305,1999-05-30,Female,2024-12-12,Active
C00939,Emma,Robinson,emma.robinson39@email.com,+1-880-499-5365,1987-06-02,Other,2024-07-29,Active
C00940,Matthew,Jackson,matthew.jackson4@email.com,+1-727-824-9039,1983-06-03,Female,2023-08-30,Active
C00941,Ava,Moore,ava.moore232@email.com,+1-203-493-8898,1974-06-05,Other,2024-08-29,Active
C00942,Emily,Hernandez,emily.hernandez699@email.com,+1-510-510-1904,2003-05-29,Other,2023-03-25,Active
C00943,Daniel,Moore,daniel.moore874@email.com,+1-548-182-8530,1996-05-30,Other,2024-03-10,Active
C00944,James,Moore,james.moore41@email.com,+1-593-776-4129,1984-06-02,Other,2024-02-29,Active
C00945,Sophia,Lee,sophia.lee706@email.com,+1-567-598-2390,1961-06-08,Female,2023-03-25,Active
C00946,Charlotte,Jones,charlotte.jones37@email.com,+1-397-125-4907,2004-05-28,Female,2023-08-19,Active
C00947,Grace,Lee,grace.lee316@email.com,+1-711-646-8361,1987-06-02,Male,2024-12-15,Active
C00948,Noah,Hernandez,noah.hernandez807@email.com,+1-938-143-7643,1957-06-09,Male,2024-09-01,Active
C00949,Samuel,Anderson,samuel.anderson963@email.com,+1-894-991-9791,1971-06-06,Other,2024-08-01,Active
C00950,Amelia,Robinson,amelia.robinson74@email.com,+1-237-853-3319,2007-05-28,Other,2023-08-19,Active
C00951,Ella,Robinson,ella.robinson941@email.com,+1-833-146-4976,2000-05-29,Other,2023-01-13,Active
C00952,Emma,Garcia,emma.garcia648@email.com,+1-251-414-2594,1998-05-30,Other,2023-09-21,Active
C00953,John,Williams,john.williams838@email.com,+1-308-216-9145,1994-05-31,Other,2023-05-02,Active
C00954,Ava,Sanchez,ava.sanchez208@email.com,+1-636-445-7586,1965-06-07,Male,2024-02-03,Active
C00955,Chloe,Moore,chloe.moore141@email.com,+1-529-956-4493,1997-05-30,Other,2024-11-15,Active
C00956,Michael,Williams,michael.williams124@email.com,+1-480-244-7801,1985-06-02,Other,2024-07-12,Active
C00957,Sebastian,Garcia,sebastian.garcia450@email.com,+1-449-695-1666,1958-06-09,Male,2024-08-17,Active
C00958,Andrew,Gonzalez,andrew.gonzalez797@email.com,+1-361-116-8978,2008-05-27,Male,2024-10-10,Active
C00959,James,Robinson,james.robinson92@email.com,+1-923-767-5648,1957-06-09,Other,2023-11-01,Active
C00960,Ella,Thompson,ella.thompson130@email.com,+1-411-246-5439,1982-06-03,Female,2023-07-15,Active
C00961,Lucas,Garcia,lucas.garcia626@email.com,+1-908-138-3949,2003-05-29,Other,2023-08-08,Active
C00962,Alexander,Lopez,alexander.lopez429@email.com,+1-204-671-4860,1975-06-05,Male,2024-06-18,Active
C00963,Sophia,Martin,sophia.martin371@email.com,+1-979-652-9315,1959-06-09,Female,2024-05-21,Active
C00964,Benjamin,Rodriguez,benjamin.rodriguez55@email.com,+1-398-215-3444,1977-06-04,Female,2023-01-30,Active
C00965,James,Garcia,james.garcia687@email.com,+1-244-155-6966,1981-06-03,Male,2024-03-15,Active
C00966,Harper,Hernandez,harper.hernandez632@email.com,+1-976-564-1709,2005-05-28,Other,2024-09-16,Active
C00967,Grace,Garcia,grace.garcia162@email.com,+1-229-596-9436,1951-06-11,Male,2024-09-04,Active
C00968,Lucas,White,lucas.white456@email.com,+1-806-693-6340,1961-06-08,Male,2023-10-29,Active
C00969,Abigail,Davis,abigail.davis798@email.com,+1-312-433-4731,1961-06-08,Male,2024-09-22,Active
C00970,Sofia,Ramirez,sofia.ramirez205@email.com,+1-584-325-2204,1977-06-04,Other,2023-09-06,Active
C00971,Noah,Lewis,noah.lewis447@email.com,+1-348-321-8454,1985-06-02,Female,2024-07-02,Active
C00972,Isabella,Anderson,isabella.anderson738@email.com,+1-398-747-6875,1987-06-02,Male,2024-03-30,Active
C00973,Isabella,Johnson,isabella.johnson709@email.com,+1-782-161-5597,1954-06-10,Male,2024-08-14,Active
C00974,David,Anderson,david.anderson429@email.com,+1-375-878-6629,1970-06-06,Female,2024-05-20,Active
C00975,Mia,Sanchez,mia.sanchez814@email.com,+1-853-726-3784,1954-06-10,Other,2023-05-20,Active
C00976,Amelia,Williams,amelia.williams422@email.com,+1-734-600-4546,1955-06-10,Female,2023-05-06,Active
C00977,David,Rodriguez,david.rodriguez15@email.com,+1-947-538-5041,1981-06-03,Female,2024-04-22,Active
C00978,John,Davis,john.davis914@email.com,+1-805-252-1083,2006-05-28,Male,2023-10-31,Active
C00979,Ella,White,ella.white788@email.com,+1-716-134-7974,1978-06-04,Female,2023-07-07,Active
C00980,Sophia,Anderson,sophia.anderson508@email.com,+1-446-185-1203,1982-06-03,Other,2023-01-22,Active
C00981,Benjamin,Jones,benjamin.jones368@email.com,+1-502-344-2486,1966-06-07,Female,2024-12-15,Active
C00982,Alexander,Garcia,alexander.garcia721@email.com,+1-670-978-1399,1959-06-09,Female,2023-09-23,Active
C00983,Isabella,Ramirez,isabella.ramirez721@email.com,+1-615-289-7068,1963-06-08,Female,2023-03-31,Active
C00984,Emma,Ramirez,emma.ramirez643@email.com,+1-272-494-6454,1990-06-01,Male,2023-07-07,Active
C00985,Jackson,Harris,jackson.harris277@email.com,+1-914-727-9887,1958-06-09,Male,2023-05-22,Active
C00986,Ethan,Martin,ethan.martin902@email.com,+1-543-853-1898,1985-06-02,Other,2023-07-23,Active
C00987,Noah,Brown,noah.brown393@email.com,+1-574-576-1669,1997-05-30,Female,2023-12-23,Active
C00988,Sebastian,Thompson,sebastian.thompson69@email.com,+1-774-826-4354,1993-05-31,Female,2024-08-12,Active
C00989,Grace,Brown,grace.brown665@email.com,+1-689-855-4437,1986-06-02,Female,2024-05-15,Active
C00990,Henry,Taylor,henry.taylor697@email.com,+1-633-383-1892,1986-06-02,Female,2024-10-28,Active
C00991,Avery,Thomas,avery.thomas514@email.com,+1-739-949-3010,1974-06-05,Other,2023-09-07,Active
C00992,Grace,Lewis,grace.lewis300@email.com,+1-662-735-7031,1957-06-09,Other,2023-02-11,Active
C00993,Ava,Miller,ava.miller914@email.com,+1-668-189-2313,1990-06-01,Male,2023-11-27,Active
C00994,Ava,Brown,ava.brown169@email.com,+1-482-214-3424,1953-06-10,Male,2023-08-11,Active
C00995,Benjamin,Taylor,benjamin.taylor975@email.com,+1-842-123-5803,1974-06-05,Other,2023-11-01,Active
C00996,Isabella,Thomas,isabella.thomas356@email.com,+1-630-554-1351,2004-05-28,Male,2024-03-08,Active
C00997,Liam,Ramirez,liam.ramirez822@email.com,+1-437-954-9513,1982-06-03,Female,2023-03-12,Active
C00998,John,Hernandez,john.hernandez672@email.com,+1-861-905-6346,1966-06-07,Other,2023-08-22,Active
C00999,Samuel,Clark,samuel.clark562@email.com,+1-655-568-5982,1951-06-11,Male,2023-05-31,Active
C01000,Alexander,Garcia,alexander.garcia809@email.com,+1-466-332-8933,1959-06-09,Female,2023-12-17,Active
C01001,Noah,Jones,noah.jones362@email.com,+1-491-566-3725,1963-06-08,Male,2023-04-08,Active
C01002,Grace,Martinez,grace.martinez187@email.com,+1-379-959-3514,2001-05-29,Male,2024-07-19,Active
C01003,Olivia,Hernandez,olivia.hernandez589@email.com,+1-329-551-5266,1995-05-31,Male,2023-12-19,Active
C01004,Sebastian,Thompson,sebastian.thompson36@email.com,+1-881-424-6633,1980-06-03,Female,2024-08-02,Active
C01005,Grace,Garcia,grace.garcia547@email.com,+1-508-224-1408,1959-06-09,Female,2023-11-13,Active
C01006,William,Anderson,william.anderson951@email.com,+1-527-259-1070,1987-06-02,Other,2023-06-21,Active
C01007,Evelyn,Thomas,evelyn.thomas918@email.com,+1-496-872-3409,1980-06-03,Other,2023-06-02,Active
C01008,Michael,Thompson,michael.thompson116@email.com,+1-949-590-1656,1973-06-05,Other,2024-08-11,Active
C01009,Mason,Martinez,mason.martinez26@email.com,+1-611-732-4610,2003-05-29,Female,2023-10-02,Active
C01010,Abigail,Johnson,abigail.johnson623@email.com,+1-856-299-9625,1996-05-30,Female,2024-05-18,Active
C01011,Liam,Williams,liam.williams552@email.com,+1-656-793-2431,1996-05-30,Female,2023-07-26,Active
C01012,Joseph,Hernandez,joseph.hernandez618@email.com,+1-819-623-1918,1983-06-03,Female,2023-02-18,Active
C01013,William,Thompson,william.thompson875@email.com,+1-637-478-7326,1990-06-01,Male,2023-12-16,Active
C01014,Emily,Lopez,emily.lopez316@email.com,+1-656-995-2435,1952-06-10,Other,2024-05-25,Active
C01015,Avery,White,avery.white426@email.com,+1-653-395-3683,1951-06-11,Other,2023-10-24,Active
C01016,Sofia,Jones,sofia.jones856@email.com,+1-801-712-2410,1989-06-01,Male,2024-08-06,Active
C01017,Ella,Ramirez,ella.ramirez538@email.com,+1-543-167-7156,1982-06-03,Male,2024-10-02,Active
C01018,Henry,Wilson,henry.wilson180@email.com,+1-769-573-3243,1955-06-10,Male,2024-06-10,Active
C01019,Elizabeth,Martinez,elizabeth.martinez568@email.com,+1-702-143-5947,1977-06-04,Female,2023-05-12,Active
C01020,Sebastian,White,sebastian.white475@email.com,+1-429-127-1040,1989-06-01,Female,2024-07-27,Active
C01021,Ella,Brown,ella.brown670@email.com,+1-881-394-7834,1964-06-07,Female,2024-07-01,Active
C01022,Lucas,Smith,lucas.smith123@email.com,+1-983-383-9078,1961-06-08,Other,2024-10-24,Active
C01023,Daniel,Jackson,daniel.jackson493@email.com,+1-779-546-5225,1978-06-04,Other,2023-03-29,Active
C01024,Mason,Lopez,mason.lopez525@email.com,+1-950-689-1287,1971-06-06,Male,2024-04-10,Active
C01025,Noah,Jones,noah.jones328@email.com,+1-672-999-3219,2005-05-28,Male,2024-01-01,Active
C01026,Henry,Lopez,henry.lopez430@email.com,+1-851-464-1798,1975-06-05,Female,2024-03-10,Active
C01027,Ava,Taylor,ava.taylor199@email.com,+1-984-743-4002,1960-06-08,Other,2024-09-26,Active
C01028,Mia,Moore,mia.moore331@email.com,+1-523-946-5932,1964-06-07,Other,2024-03-29,Active
C01029,Daniel,Brown,daniel.brown548@email.com,+1-793-460-3354,1975-06-05,Male,2024-12-18,Active
C01030,Evelyn,Lopez,evelyn.lopez798@email.com,+1-696-521-6575,1995-05-31,Male,2024-07-18,Active
C01031,William,Taylor,william.taylor227@email.com,+1-392-914-9612,1973-06-05,Other,2023-07-06,Active
C01032,Mason,Wilson,mason.wilson472@email.com,+1-278-219-3150,1986-06-02,Female,2024-12-14,Active
C01033,Alexander,Thompson,alexander.thompson372@email.com,+1-342-936-8240,1960-06-08,Other,2023-04-30,Active
C01034,Michael,Garcia,michael.garcia727@email.com,+1-511-129-2943,1954-06-10,Male,2024-05-18,Active
C01035,William,Thompson,william.thompson233@email.com,+1-514-228-4438,1981-06-03,Male,2024-08-20,Active
C01036,Mason,Williams,mason.williams20@email.com,+1-993-595-8065,2002-05-29,Male,2024-11-18,Active
C01037,Olivia,Sanchez,olivia.sanchez676@email.com,+1-725-707-1971,1992-05-31,Male,2023-09-08,Active
C01038,Olivia,Williams,olivia.williams309@email.com,+1-883-110-2581,1995-05-31,Other,2024-08-27,Active
C01039,John,Lewis,john.lewis205@email.com,+1-389-786-6759,1999-05-30,Male,2024-12-02,Active
C01040,Henry,Jackson,henry.jackson357@email.com,+1-560-264-9202,1976-06-04,Male,2023-04-14,Active
C01041,Chloe,Williams,chloe.williams102@email.com,+1-792-881-1229,1963-06-08,Male,2023-07-09,Active
C01042,Charlotte,Martinez,charlotte.martinez176@email.com,+1-972-650-1070,1976-06-04,Male,2024-09-21,Active
C01043,Ella,Lopez,ella.lopez715@email.com,+1-803-289-8203,1997-05-30,Male,2023-02-11,Active
C01044,Emily,Gonzalez,emily.gonzalez435@email.com,+1-419-626-4728,1960-06-08,Male,2023-11-10,Active
C01045,Abigail,Brown,abigail.brown478@email.com,+1-312-632-3226,1963-06-08,Female,2023-08-12,Active
C01046,Evelyn,Moore,evelyn.moore740@email.com,+1-241-184-6375,1984-06-02,Male,2023-08-14,Active
C01047,Evelyn,Anderson,evelyn.anderson615@email.com,+1-953-419-8273,1982-06-03,Other,2024-05-14,Active
C01048,Evelyn,Ramirez,evelyn.ramirez439@email.com,+1-393-977-2140,1985-06-02,Other,2023-09-01,Active
C01049,James,Smith,james.smith691@email.com,+1-703-788-2723,1975-06-05,Female,2023-11-22,Active
C01050,Ethan,Brown,ethan.brown147@email.com,+1-604-510-2666,1985-06-02,Male,2024-07-12,Active
C01051,Charlotte,Hernandez,charlotte.hernandez206@email.com,+1-809-964-7623,1955-06-10,Male,2024-08-28,Active
C01052,Jackson,White,jackson.white512@email.com,+1-485-883-5472,1986-06-02,Female,2023-03-13,Active
C01053,Ella,Perez,ella.perez618@email.com,+1-614-596-9379,1959-06-09,Male,2024-03-21,Active
C01054,David,Brown,david.brown126@email.com,+1-456-601-9147,2000-05-29,Other,2024-05-09,Active
C01055,Liam,Brown,liam.brown756@email.com,+1-254-950-2117,2007-05-28,Other,2023-08-09,Active
C01056,James,Gonzalez,james.gonzalez620@email.com,+1-895-434-3502,1969-06-06,Other,2024-02-25,Active
C01057,Sophia,Harris,sophia.harris79@email.com,+1-876-869-9518,1996-05-30,Female,2023-08-15,Active
C01058,Evelyn,Perez,evelyn.perez510@email.com,+1-702-616-5287,1957-06-09,Female,2023-06-25,Active
C01059,Grace,Moore,grace.moore19@email.com,+1-982-132-8051,1980-06-03,Female,2024-09-01,Active
C01060,Abigail,Ramirez,abigail.ramirez386@email.com,+1-653-570-1589,1973-06-05,Male,2024-11-28,Active
C01061,Alexander,Lewis,alexander.lewis724@email.com,+1-368-603-8056,1963-06-08,Female,2024-08-16,Active
C01062,Elizabeth,Thomas,elizabeth.thomas783@email.com,+1-312-682-9037,1965-06-07,Other,2023-02-25,Active
C01063,Grace,Jackson,grace.jackson482@email.com,+1-687-675-3560,1983-06-03,Male,2023-08-01,Active
C01064,Harper,Thomas,harper.thomas606@email.com,+1-586-731-6779,2005-05-28,Female,2024-03-15,Active
C01065,Liam,Jackson,liam.jackson47@email.com,+1-331-957-7003,1971-06-06,Other,2024-01-09,Active
C01066,Liam,Harris,liam.harris913@email.com,+1-840-449-7235,1986-06-02,Female,2024-09-23,Active
C01067,Emily,Wilson,emily.wilson360@email.com,+1-257-777-5001,1967-06-07,Male,2024-04-22,Active
C01068,Alexander,Jackson,alexander.jackson87@email.com,+1-904-167-5995,1998-05-30,Female,2024-09-05,Active
C01069,Liam,Moore,liam.moore334@email.com,+1-238-571-7921,1951-06-11,Other,2023-05-30,Active
C01070,Sofia,Rodriguez,sofia.rodriguez21@email.com,+1-912-580-1364,1972-06-05,Female,2024-02-11,Active
C01071,Elizabeth,Hernandez,elizabeth.hernandez587@email.com,+1-300-927-9001,1965-06-07,Other,2024-09-20,Active
C01072,Benjamin,Hernandez,benjamin.hernandez509@email.com,+1-714-930-6563,1989-06-01,Other,2024-07-14,Active
C01073,Daniel,Wilson,daniel.wilson207@email.com,+1-708-750-2234,1990-06-01,Male,2023-07-02,Active
C01074,Harper,Johnson,harper.johnson305@email.com,+1-787-511-4700,2003-05-29,Other,2023-04-02,Active
C01075,John,Brown,john.brown607@email.com,+1-544-379-2102,1978-06-04,Other,2023-05-31,Active
C01076,Jackson,Miller,jackson.miller356@email.com,+1-278-767-5945,1981-06-03,Female,2023-08-03,Active
C01077,Grace,Hernandez,grace.hernandez205@email.com,+1-624-511-5116,1979-06-04,Other,2023-04-02,Active
C01078,Sebastian,Garcia,sebastian.garcia903@email.com,+1-219-742-9457,1977-06-04,Other,2024-06-23,Active
C01079,Benjamin,Perez,benjamin.perez986@email.com,+1-960-578-5389,1957-06-09,Other,2023-03-19,Active
C01080,Andrew,Ramirez,andrew.ramirez788@email.com,+1-644-679-1981,1985-06-02,Male,2023-07-16,Active
C01081,David,Jones,david.jones247@email.com,+1-354-864-5919,1988-06-01,Female,2023-10-13,Active
C01082,Ava,Lee,ava.lee209@email.com,+1-622-373-5702,1992-05-31,Male,2023-03-11,Active
C01083,Victoria,Davis,victoria.davis416@email.com,+1-444-216-3456,1993-05-31,Male,2024-06-18,Active
C01084,Alexander,Anderson,alexander.anderson498@email.com,+1-773-546-7914,1996-05-30,Male,2023-03-10,Active
C01085,Mia,Rodriguez,mia.rodriguez140@email.com,+1-229-364-5551,1997-05-30,Other,2023-02-26,Active
C01086,Olivia,White,olivia.white498@email.com,+1-220-156-2375,1989-06-01,Other,2024-02-14,Active
C01087,Ava,Lewis,ava.lewis979@email.com,+1-616-472-2479,1955-06-10,Other,2023-11-21,Active
C01088,Isabella,Davis,isabella.davis115@email.com,+1-784-852-9196,1966-06-07,Other,2024-08-30,Active
C01089,John,Harris,john.harris954@email.com,+1-737-357-9133,1970-06-06,Male,2024-09-30,Active
C01090,Mason,Harris,mason.harris827@email.com,+1-520-437-7388,1995-05-31,Female,2024-05-04,Active
C01091,William,Brown,william.brown180@email.com,+1-419-381-8200,1953-06-10,Female,2023-11-09,Active
C01092,John,Johnson,john.johnson503@email.com,+1-746-483-2850,1981-06-03,Other,2024-02-11,Active
C01093,Ella,Perez,ella.perez253@email.com,+1-484-903-3374,1963-06-08,Female,2023-12-26,Active
C01094,Daniel,Clark,daniel.clark316@email.com,+1-221-760-1570,1964-06-07,Male,2023-02-22,Active
C01095,Lucas,Rodriguez,lucas.rodriguez566@email.com,+1-593-416-6945,1974-06-05,Male,2023-01-30,Active
C01096,Lucas,Ramirez,lucas.ramirez454@email.com,+1-597-108-7438,2003-05-29,Female,2024-04-14,Active
C01097,Lucas,Martinez,lucas.martinez216@email.com,+1-364-549-6196,1958-06-09,Female,2023-03-13,Active
C01098,Olivia,Rodriguez,olivia.rodriguez888@email.com,+1-282-942-9055,1982-06-03,Other,2023-09-06,Active
C01099,Michael,Thompson,michael.thompson433@email.com,+1-302-944-3627,1976-06-04,Female,2023-01-16,Active
C01100,Ava,Lopez,ava.lopez431@email.com,+1-816-846-9973,1964-06-07,Female,2024-02-01,Active
C01101,Liam,Harris,liam.harris54@email.com,+1-856-756-4010,1958-06-09,Female,2023-03-27,Active
C01102,Isabella,Smith,isabella.smith411@email.com,+1-404-743-6006,2003-05-29,Other,2024-02-14,Active
C01103,Mason,Garcia,mason.garcia256@email.com,+1-728-830-3131,1982-06-03,Other,2023-05-03,Active
C01104,Abigail,Anderson,abigail.anderson490@email.com,+1-952-236-5270,1971-06-06,Other,2024-07-07,Active
C01105,Abigail,Sanchez,abigail.sanchez289@email.com,+1-403-186-7791,1983-06-03,Male,2023-12-21,Active
C01106,Elizabeth,Clark,elizabeth.clark906@email.com,+1-784-329-1339,1967-06-07,Other,2024-12-08,Active
C01107,Andrew,Lee,andrew.lee235@email.com,+1-291-573-4248,1954-06-10,Other,2024-04-07,Active
C01108,Mia,Johnson,mia.johnson411@email.com,+1-832-539-5262,1985-06-02,Male,2024-08-01,Active
C01109,Mia,Jackson,mia.jackson121@email.com,+1-214-835-9615,1956-06-09,Female,2023-10-13,Active
C01110,Joseph,Brown,joseph.brown230@email.com,+1-930-308-4121,1961-06-08,Female,2024-04-03,Active
C01111,Joseph,Gonzalez,joseph.gonzalez134@email.com,+1-641-976-4385,1956-06-09,Male,2023-04-27,Active
C01112,Evelyn,White,evelyn.white694@email.com,+1-393-528-3955,2007-05-28,Male,2023-11-09,Active
C01113,Evelyn,Rodriguez,evelyn.rodriguez242@email.com,+1-832-561-5068,1965-06-07,Other,2023-12-19,Active
C01114,David,Williams,david.williams11@email.com,+1-680-236-6296,1965-06-07,Female,2023-01-22,Active
C01115,Benjamin,Thompson,benjamin.thompson393@email.com,+1-925-533-5198,1973-06-05,Male,2024-10-18,Active
C01116,Noah,Johnson,noah.johnson341@email.com,+1-440-582-6804,1957-06-09,Other,2023-04-21,Active
C01117,Victoria,Thompson,victoria.thompson767@email.com,+1-246-105-5155,1984-06-02,Other,2023-08-03,Active
C01118,Alexander,Gonzalez,alexander.gonzalez688@email.com,+1-579-235-1673,1992-05-31,Male,2023-05-17,Active
C01119,Mia,Taylor,mia.taylor505@email.com,+1-547-998-8669,1988-06-01,Male,2024-08-18,Active
C01120,Samuel,Wilson,samuel.wilson146@email.com,+1-466-219-6132,1977-06-04,Male,2024-11-16,Active
C01121,Henry,White,henry.white370@email.com,+1-640-389-5312,1975-06-05,Female,2023-04-14,Active
C01122,Abigail,Wilson,abigail.wilson915@email.com,+1-368-423-9049,1954-06-10,Other,2024-07-30,Active
C01123,Avery,Johnson,avery.johnson194@email.com,+1-352-155-4766,1978-06-04,Male,2024-06-27,Active
C01124,Harper,Garcia,harper.garcia723@email.com,+1-678-546-2900,1980-06-03,Male,2023-08-13,Active
C01125,Emily,Thompson,emily.thompson575@email.com,+1-696-568-9077,1953-06-10,Other,2024-09-07,Active
C01126,William,Brown,william.brown358@email.com,+1-295-308-5654,1961-06-08,Male,2024-06-30,Active
C01127,Scarlett,Clark,scarlett.clark280@email.com,+1-776-779-4479,1975-06-05,Male,2023-05-14,Active
C01128,Chloe,Garcia,chloe.garcia427@email.com,+1-278-352-9161,1952-06-10,Male,2023-02-07,Active
C01129,Michael,Smith,michael.smith292@email.com,+1-897-796-2998,1971-06-06,Female,2023-11-24,Active
C01130,Sophia,Clark,sophia.clark332@email.com,+1-357-129-2328,1966-06-07,Other,2023-09-17,Active
C01131,Ella,Anderson,ella.anderson644@email.com,+1-475-708-1095,1967-06-07,Male,2024-01-29,Active
C01132,Andrew,Anderson,andrew.anderson333@email.com,+1-949-851-3118,1957-06-09,Male,2024-05-29,Active
C01133,Evelyn,Hernandez,evelyn.hernandez818@email.com,+1-256-861-2158,1984-06-02,Other,2023-06-20,Active
C01134,Ethan,Gonzalez,ethan.gonzalez262@email.com,+1-382-345-7535,1954-06-10,Male,2024-10-01,Active
C01135,Benjamin,Garcia,benjamin.garcia398@email.com,+1-998-512-5668,1999-05-30,Other,2023-03-10,Active
C01136,Mason,Martinez,mason.martinez503@email.com,+1-642-853-6080,2000-05-29,Other,2023-01-30,Active
C01137,Emily,Perez,emily.perez99@email.com,+1-576-624-4274,1952-06-10,Female,2023-08-18,Active
C01138,Elizabeth,Thomas,elizabeth.thomas275@email.com,+1-776-714-7931,1957-06-09,Female,2024-09-30,Active
C01139,Daniel,Martin,daniel.martin191@email.com,+1-644-745-7979,1976-06-04,Male,2024-09-27,Active
C01140,Michael,Anderson,michael.anderson693@email.com,+1-429-763-3540,1968-06-06,Other,2023-08-12,Active
C01141,Samuel,Williams,samuel.williams298@email.com,+1-679-547-2297,1999-05-30,Female,2023-08-30,Active
C01142,Isabella,Perez,isabella.perez925@email.com,+1-507-961-5073,1990-06-01,Female,2023-07-15,Active
C01143,Chloe,Johnson,chloe.johnson565@email.com,+1-278-146-9411,1981-06-03,Other,2024-09-12,Active
C01144,Sofia,Brown,sofia.brown476@email.com,+1-876-837-5151,1971-06-06,Female,2024-01-03,Active
C01145,Ethan,Harris,ethan.harris516@email.com,+1-216-216-8583,1955-06-10,Male,2024-07-01,Active
C01146,Matthew,Johnson,matthew.johnson86@email.com,+1-626-997-5876,1962-06-08,Other,2024-02-14,Active
C01147,David,Harris,david.harris687@email.com,+1-660-738-5342,1995-05-31,Male,2024-01-17,Active
C01148,James,Williams,james.williams765@email.com,+1-818-365-2742,2007-05-28,Other,2023-10-14,Active
C01149,Emma,Gonzalez,emma.gonzalez120@email.com,+1-213-275-8817,1983-06-03,Other,2023-09-17,Active
C01150,Victoria,White,victoria.white499@email.com,+1-510-733-6910,1964-06-07,Other,2023-01-24,Active
C01151,Matthew,Sanchez,matthew.sanchez310@email.com,+1-289-228-3213,2001-05-29,Male,2024-12-17,Active
C01152,Liam,Thompson,liam.thompson994@email.com,+1-392-979-1439,1967-06-07,Female,2024-05-31,Active
C01153,William,Lee,william.lee248@email.com,+1-646-962-9824,1989-06-01,Male,2024-06-19,Active
C01154,David,Jones,david.jones486@email.com,+1-632-122-2908,1961-06-08,Male,2024-07-14,Active
C01155,Avery,Thomas,avery.thomas483@email.com,+1-220-980-8364,1996-05-30,Male,2023-05-12,Active
C01156,Evelyn,Jackson,evelyn.jackson850@email.com,+1-601-152-6469,1968-06-06,Male,2024-12-23,Active
C01157,Jackson,Wilson,jackson.wilson869@email.com,+1-707-854-5764,1983-06-03,Female,2024-11-24,Active
C01158,Joseph,Taylor,joseph.taylor606@email.com,+1-942-726-8993,2005-05-28,Other,2024-05-08,Active
C01159,Samuel,Smith,samuel.smith433@email.com,+1-790-423-2040,1982-06-03,Other,2024-04-01,Active
C01160,Ella,Brown,ella.brown507@email.com,+1-837-761-6681,1981-06-03,Other,2023-09-29,Active
C01161,Liam,Garcia,liam.garcia295@email.com,+1-943-296-8688,1994-05-31,Female,2024-01-14,Active
C01162,Scarlett,Davis,scarlett.davis602@email.com,+1-901-447-8675,1962-06-08,Female,2024-08-19,Active
C01163,Elizabeth,Wilson,elizabeth.wilson854@email.com,+1-889-768-6902,1969-06-06,Male,2023-09-05,Active
C01164,Benjamin,Martinez,benjamin.martinez708@email.com,+1-967-188-8911,1996-05-30,Male,2024-08-21,Active
C01165,Mia,Martin,mia.martin504@email.com,+1-303-912-7815,1993-05-31,Female,2023-08-14,Active
C01166,Benjamin,Moore,benjamin.moore49@email.com,+1-218-467-5273,1998-05-30,Other,2024-01-01,Active
C01167,James,Clark,james.clark881@email.com,+1-715-132-2043,2001-05-29,Female,2024-01-21,Active
C01168,Andrew,Davis,andrew.davis124@email.com,+1-775-329-8968,1958-06-09,Female,2024-04-11,Active
C01169,Emily,Harris,emily.harris48@email.com,+1-988-998-5382,1953-06-10,Other,2024-07-30,Active
C01170,Scarlett,Martin,scarlett.martin686@email.com,+1-306-823-1826,1955-06-10,Female,2023-10-10,Active
C01171,Mason,Brown,mason.brown801@email.com,+1-825-724-2669,1976-06-04,Male,2023-06-05,Active
C01172,Sophia,Garcia,sophia.garcia646@email.com,+1-320-991-4365,1962-06-08,Male,2023-12-27,Active
C01173,Evelyn,Thompson,evelyn.thompson453@email.com,+1-980-618-9165,1967-06-07,Male,2024-09-21,Active
C01174,Daniel,Hernandez,daniel.hernandez839@email.com,+1-341-225-4307,1959-06-09,Female,2023-10-09,Active
C01175,Emma,Davis,emma.davis855@email.com,+1-685-449-5698,2003-05-29,Male,2023-08-02,Active
C01176,Henry,Lopez,henry.lopez733@email.com,+1-972-524-6908,1993-05-31,Other,2023-03-28,Active
C01177,William,Harris,william.harris772@email.com,+1-742-531-4738,1982-06-03,Female,2024-08-12,Active
C01178,Sofia,Lewis,sofia.lewis470@email.com,+1-728-913-6927,1999-05-30,Female,2024-12-01,Active
C01179,Emma,Thompson,emma.thompson826@email.com,+1-729-171-2389,1983-06-03,Female,2024-01-20,Active
C01180,Mia,Wilson,mia.wilson63@email.com,+1-602-877-1607,1999-05-30,Other,2023-02-24,Active
C01181,Chloe,Johnson,chloe.johnson647@email.com,+1-930-918-9516,1983-06-03,Female,2024-03-04,Active
C01182,Sebastian,Ramirez,sebastian.ramirez312@email.com,+1-938-860-6139,1956-06-09,Male,2024-01-14,Active
C01183,Henry,Lewis,henry.lewis541@email.com,+1-825-250-7618,1995-05-31,Other,2023-10-02,Active
C01184,Grace,Martin,grace.martin808@email.com,+1-833-767-8244,1952-06-10,Female,2023-01-17,Active
C01185,Matthew,Harris,matthew.harris203@email.com,+1-508-186-1605,1984-06-02,Female,2023-06-30,Active
C01186,Isabella,Taylor,isabella.taylor554@email.com,+1-490-318-2520,1989-06-01,Other,2023-07-27,Active
C01187,Samuel,Hernandez,samuel.hernandez776@email.com,+1-850-263-1383,1971-06-06,Other,2024-12-03,Active
C01188,Harper,Davis,harper.davis853@email.com,+1-992-411-7926,1962-06-08,Male,2023-08-02,Active
C01189,Noah,Clark,noah.clark382@email.com,+1-465-742-9314,2005-05-28,Male,2024-01-04,Active
C01190,Mason,Anderson,mason.anderson306@email.com,+1-786-854-1085,1993-05-31,Female,2023-09-24,Active
C01191,John,Jackson,john.jackson732@email.com,+1-842-781-9737,1986-06-02,Male,2023-05-02,Active
C01192,Alexander,Martinez,alexander.martinez683@email.com,+1-932-686-3293,1961-06-08,Other,2023-12-11,Active
C01193,Lucas,Brown,lucas.brown336@email.com,+1-728-696-4154,2002-05-29,Female,2023-12-28,Active
C01194,William,Thompson,william.thompson436@email.com,+1-621-183-2511,1952-06-10,Female,2024-10-29,Active
C01195,Isabella,Thomas,isabella.thomas220@email.com,+1-656-179-7050,1983-06-03,Other,2023-02-07,Active
C01196,John,Moore,john.moore532@email.com,+1-997-504-5320,1968-06-06,Female,2023-05-13,Active
C01197,Jackson,Anderson,jackson.anderson706@email.com,+1-701-849-7830,1976-06-04,Male,2024-07-18,Active
C01198,Isabella,Thomas,isabella.thomas729@email.com,+1-668-232-9408,1964-06-07,Male,2023-07-09,Active
C01199,Benjamin,Anderson,benjamin.anderson485@email.com,+1-233-864-3569,2001-05-29,Female,2023-06-08,Active
C01200,Victoria,Ramirez,victoria.ramirez419@email.com,+1-312-223-7055,2006-05-28,Female,2023-05-26,Active
C01201,Samuel,Jones,samuel.jones121@email.com,+1-580-412-7135,1977-06-04,Female,2024-02-25,Active
C01202,Liam,Sanchez,liam.sanchez147@email.com,+1-345-902-7910,1952-06-10,Female,2024-11-12,Active
C01203,Evelyn,Miller,evelyn.miller188@email.com,+1-957-600-1034,1986-06-02,Other,2024-08-28,Active
C01204,Ava,Ramirez,ava.ramirez46@email.com,+1-627-592-6074,1951-06-11,Female,2023-06-01,Active
C01205,Michael,Sanchez,michael.sanchez387@email.com,+1-686-954-3175,1968-06-06,Other,2024-08-12,Active
C01206,David,Harris,david.harris461@email.com,+1-883-559-3440,1957-06-09,Male,2024-02-02,Active
C01207,Andrew,Perez,andrew.perez639@email.com,+1-619-496-4814,1974-06-05,Female,2023-11-23,Active
C01208,Olivia,Perez,olivia.perez912@email.com,+1-653-853-5544,1953-06-10,Male,2023-03-11,Active
C01209,Mia,Thompson,mia.thompson26@email.com,+1-785-745-6060,2001-05-29,Other,2023-06-06,Active
C01210,Sebastian,Williams,sebastian.williams198@email.com,+1-833-654-1866,1996-05-30,Other,2023-05-28,Active
C01211,Ella,Taylor,ella.taylor919@email.com,+1-219-223-9713,1991-06-01,Male,2024-06-30,Active
C01212,Benjamin,Davis,benjamin.davis850@email.com,+1-922-959-8278,1970-06-06,Other,2024-10-06,Active
C01213,Abigail,Gonzalez,abigail.gonzalez604@email.com,+1-246-603-1381,1997-05-30,Female,2024-01-18,Active
C01214,Sofia,Smith,sofia.smith881@email.com,+1-740-424-7258,2001-05-29,Male,2024-04-12,Active
C01215,Sophia,Moore,sophia.moore173@email.com,+1-492-247-3992,1999-05-30,Male,2024-04-14,Active
C01216,Alexander,Wilson,alexander.wilson695@email.com,+1-373-160-6329,1963-06-08,Male,2024-06-29,Active
C01217,Noah,Martinez,noah.martinez400@email.com,+1-301-427-3334,1992-05-31,Female,2023-11-05,Active
C01218,Elizabeth,Clark,elizabeth.clark922@email.com,+1-323-153-4318,1971-06-06,Other,2024-04-30,Active
C01219,Lucas,Thomas,lucas.thomas521@email.com,+1-970-616-7308,2005-05-28,Female,2024-09-05,Active
C01220,Abigail,Anderson,abigail.anderson567@email.com,+1-616-167-8932,1968-06-06,Female,2024-12-02,Active
C01221,Amelia,Robinson,amelia.robinson908@email.com,+1-219-375-2663,1967-06-07,Other,2024-04-23,Active
C01222,Isabella,Martinez,isabella.martinez582@email.com,+1-616-556-2374,1995-05-31,Other,2023-03-21,Active
C01223,William,Lopez,william.lopez554@email.com,+1-372-900-5016,1973-06-05,Female,2023-06-30,Active
C01224,Avery,Johnson,avery.johnson2@email.com,+1-675-949-5739,2008-05-27,Male,2023-03-04,Active
C01225,Noah,Robinson,noah.robinson944@email.com,+1-693-379-5110,1986-06-02,Female,2023-02-04,Active
C01226,Benjamin,Jackson,benjamin.jackson861@email.com,+1-722-388-1745,1974-06-05,Other,2024-07-19,Active
C01227,Chloe,Williams,chloe.williams308@email.com,+1-291-504-3014,1973-06-05,Other,2024-08-10,Active
C01228,Henry,Lewis,henry.lewis443@email.com,+1-415-725-9270,1987-06-02,Other,2024-02-10,Active
C01229,Harper,Harris,harper.harris725@email.com,+1-663-379-5029,1987-06-02,Female,2023-02-22,Active
C01230,Benjamin,Anderson,benjamin.anderson983@email.com,+1-813-436-1260,1967-06-07,Male,2023-01-23,Active
C01231,Emma,Martin,emma.martin488@email.com,+1-204-109-3843,1951-06-11,Other,2023-11-04,Active
C01232,Joseph,Harris,joseph.harris403@email.com,+1-751-183-2270,1951-06-11,Male,2023-06-29,Active
C01233,Avery,Perez,avery.perez127@email.com,+1-561-932-7166,1984-06-02,Female,2023-04-26,Active
C01234,James,Clark,james.clark787@email.com,+1-913-108-3044,1996-05-30,Female,2023-09-15,Active
C01235,Avery,Smith,avery.smith227@email.com,+1-960-120-5606,1986-06-02,Other,2023-02-04,Active
C01236,Charlotte,Williams,charlotte.williams836@email.com,+1-828-740-5967,1977-06-04,Male,2024-05-19,Active
C01237,Daniel,Johnson,daniel.johnson288@email.com,+1-704-820-4425,1956-06-09,Male,2024-12-24,Active
C01238,Matthew,Brown,matthew.brown891@email.com,+1-484-682-9197,1973-06-05,Male,2023-08-14,Active
C01239,Charlotte,Perez,charlotte.perez757@email.com,+1-779-788-3875,2000-05-29,Other,2024-10-26,Active
C01240,Ava,Jones,ava.jones266@email.com,+1-783-976-4734,1958-06-09,Other,2023-07-15,Active
C01241,Henry,Miller,henry.miller869@email.com,+1-894-123-9731,1965-06-07,Female,2023-04-12,Active
C01242,Sebastian,Lewis,sebastian.lewis465@email.com,+1-202-537-1849,1954-06-10,Female,2024-02-05,Active
C01243,Sofia,Rodriguez,sofia.rodriguez125@email.com,+1-896-630-8644,1975-06-05,Female,2023-08-12,Active
C01244,Olivia,Lewis,olivia.lewis739@email.com,+1-429-148-5553,1980-06-03,Other,2023-10-28,Active
C01245,Abigail,Smith,abigail.smith402@email.com,+1-399-442-2340,1961-06-08,Male,2023-05-26,Active
C01246,Amelia,Thompson,amelia.thompson434@email.com,+1-276-355-4225,1989-06-01,Female,2024-07-16,Active
C01247,Ava,Lee,ava.lee641@email.com,+1-299-128-8863,1971-06-06,Male,2023-10-16,Active
C01248,Michael,Clark,michael.clark257@email.com,+1-453-210-8759,1955-06-10,Female,2024-05-01,Active
C01249,Noah,Clark,noah.clark342@email.com,+1-732-913-4878,1969-06-06,Other,2024-10-18,Active
C01250,Avery,Harris,avery.harris98@email.com,+1-840-557-3045,2006-05-28,Male,2024-10-05,Active
C01251,Elizabeth,Hernandez,elizabeth.hernandez912@email.com,+1-910-166-3089,2005-05-28,Female,2024-10-29,Active
C01252,Alexander,Martin,alexander.martin642@email.com,+1-642-167-2668,1973-06-05,Male,2023-02-07,Active
C01253,Noah,Martinez,noah.martinez871@email.com,+1-590-511-2570,1994-05-31,Female,2023-04-09,Active
C01254,Victoria,Sanchez,victoria.sanchez676@email.com,+1-838-110-8428,1958-06-09,Female,2023-12-04,Active
C01255,Jackson,Lewis,jackson.lewis636@email.com,+1-834-203-6564,1958-06-09,Other,2023-03-06,Active
C01256,Liam,Anderson,liam.anderson530@email.com,+1-536-701-4153,2008-05-27,Male,2024-09-12,Active
C01257,Victoria,Thompson,victoria.thompson70@email.com,+1-807-908-4172,1968-06-06,Male,2023-05-25,Active
C01258,Scarlett,Rodriguez,scarlett.rodriguez364@email.com,+1-631-592-8284,2000-05-29,Male,2024-06-24,Active
C01259,Olivia,Johnson,olivia.johnson131@email.com,+1-519-698-8140,1960-06-08,Other,2023-07-25,Active
C01260,Emily,Martinez,emily.martinez598@email.com,+1-754-894-3385,1989-06-01,Female,2024-08-03,Active
C01261,Victoria,Hernandez,victoria.hernandez299@email.com,+1-577-108-9481,1965-06-07,Other,2023-05-11,Active
C01262,William,Johnson,william.johnson244@email.com,+1-719-938-1894,1996-05-30,Female,2023-10-26,Active
C01263,Charlotte,Lee,charlotte.lee931@email.com,+1-406-904-2120,1966-06-07,Male,2024-01-17,Active
C01264,Ella,Thompson,ella.thompson709@email.com,+1-678-714-6425,1987-06-02,Other,2023-05-19,Active
C01265,Andrew,Martinez,andrew.martinez429@email.com,+1-536-266-2717,1977-06-04,Male,2023-09-23,Active
C01266,Amelia,Robinson,amelia.robinson4@email.com,+1-854-328-4772,1995-05-31,Other,2023-09-11,Active
C01267,Lucas,Thomas,lucas.thomas753@email.com,+1-986-934-6431,1983-06-03,Male,2023-12-13,Active
C01268,James,Clark,james.clark7@email.com,+1-571-110-2208,1973-06-05,Male,2023-12-31,Active
C01269,Mason,Jones,mason.jones298@email.com,+1-650-299-6896,1996-05-30,Male,2024-11-17,Active
C01270,Charlotte,Martinez,charlotte.martinez179@email.com,+1-424-368-3855,1993-05-31,Other,2024-01-19,Active
C01271,James,Miller,james.miller23@email.com,+1-380-963-5289,1955-06-10,Male,2024-09-19,Active
C01272,Isabella,Gonzalez,isabella.gonzalez671@email.com,+1-313-446-4444,1993-05-31,Female,2024-02-23,Active
C01273,Daniel,Sanchez,daniel.sanchez382@email.com,+1-876-275-9633,1952-06-10,Female,2023-04-03,Active
C01274,Ava,Brown,ava.brown148@email.com,+1-333-913-4107,1984-06-02,Other,2024-06-18,Active
C01275,Daniel,Hernandez,daniel.hernandez614@email.com,+1-639-751-5006,1971-06-06,Other,2024-11-14,Active
C01276,Charlotte,Ramirez,charlotte.ramirez549@email.com,+1-501-908-3434,2005-05-28,Male,2024-01-31,Active
C01277,Henry,Ramirez,henry.ramirez130@email.com,+1-720-698-9011,2003-05-29,Other,2024-05-31,Active
C01278,Ella,Sanchez,ella.sanchez680@email.com,+1-829-166-3743,1960-06-08,Female,2023-07-30,Active
C01279,Scarlett,Lopez,scarlett.lopez511@email.com,+1-731-575-3932,1985-06-02,Other,2024-02-06,Active
C01280,Samuel,Thompson,samuel.thompson495@email.com,+1-932-606-8762,1983-06-03,Other,2024-04-01,Active
C01281,John,Lee,john.lee38@email.com,+1-412-324-4325,1983-06-03,Male,2023-09-26,Active
C01282,Benjamin,Martinez,benjamin.martinez436@email.com,+1-586-685-3575,1973-06-05,Female,2023-12-14,Active
C01283,Ethan,Jones,ethan.jones770@email.com,+1-286-402-8282,1994-05-31,Female,2023-07-19,Active
C01284,John,Johnson,john.johnson477@email.com,+1-724-736-6511,1979-06-04,Female,2023-10-22,Active
C01285,Jackson,Wilson,jackson.wilson377@email.com,+1-709-424-5473,1997-05-30,Male,2023-12-06,Active
C01286,Avery,Davis,avery.davis272@email.com,+1-860-177-6883,1955-06-10,Female,2024-10-08,Active
C01287,Scarlett,Taylor,scarlett.taylor560@email.com,+1-859-180-5528,2001-05-29,Male,2024-05-12,Active
C01288,Ava,Lopez,ava.lopez40@email.com,+1-759-305-6468,1987-06-02,Other,2024-06-13,Active
C01289,Harper,Martinez,harper.martinez764@email.com,+1-986-799-5496,1970-06-06,Other,2024-06-19,Active
C01290,Isabella,Ramirez,isabella.ramirez771@email.com,+1-933-857-9898,1959-06-09,Male,2024-04-08,Active
C01291,Alexander,Martinez,alexander.martinez843@email.com,+1-554-901-7616,1960-06-08,Other,2023-11-12,Active
C01292,Emma,Thomas,emma.thomas670@email.com,+1-724-879-3445,1994-05-31,Male,2023-11-20,Active
C01293,Benjamin,Thomas,benjamin.thomas240@email.com,+1-728-701-8679,1958-06-09,Female,2023-09-16,Active
C01294,Ethan,Hernandez,ethan.hernandez867@email.com,+1-392-539-7843,1980-06-03,Female,2024-05-31,Active
C01295,Sebastian,Smith,sebastian.smith384@email.com,+1-342-691-3102,2008-05-27,Other,2024-02-23,Active
C01296,Joseph,Sanchez,joseph.sanchez675@email.com,+1-563-447-4694,1965-06-07,Female,2023-10-29,Active
C01297,Matthew,Harris,matthew.harris798@email.com,+1-907-650-5909,2007-05-28,Other,2024-02-02,Active
C01298,Chloe,Sanchez,chloe.sanchez33@email.com,+1-342-257-6410,1957-06-09,Other,2023-05-30,Active
C01299,Victoria,Robinson,victoria.robinson623@email.com,+1-787-987-7404,1983-06-03,Male,2023-12-07,Active
C01300,Ava,Moore,ava.moore396@email.com,+1-392-586-2779,1980-06-03,Other,2024-01-30,Active
C01301,Alexander,Williams,alexander.williams176@email.com,+1-306-791-3910,1970-06-06,Other,2024-11-29,Active
C01302,Joseph,Smith,joseph.smith192@email.com,+1-403-171-7322,1994-05-31,Male,2024-03-16,Active
C01303,Evelyn,Perez,evelyn.perez537@email.com,+1-271-565-1941,2008-05-27,Other,2023-12-20,Active
C01304,Mia,Hernandez,mia.hernandez881@email.com,+1-620-500-3572,1974-06-05,Male,2024-09-09,Active
C01305,Sofia,Thomas,sofia.thomas761@email.com,+1-270-498-4382,1989-06-01,Male,2024-08-20,Active
C01306,Jackson,Clark,jackson.clark727@email.com,+1-880-586-3601,1989-06-01,Other,2023-04-23,Active
C01307,John,Miller,john.miller515@email.com,+1-933-801-8519,2008-05-27,Male,2024-03-24,Active
C01308,William,Anderson,william.anderson66@email.com,+1-608-719-5044,1972-06-05,Female,2023-07-12,Active
C01309,Joseph,Anderson,joseph.anderson474@email.com,+1-789-140-2492,1952-06-10,Other,2024-03-12,Active
C01310,David,Lopez,david.lopez718@email.com,+1-928-911-5873,1956-06-09,Other,2023-11-27,Active
C01311,James,Wilson,james.wilson256@email.com,+1-383-732-8079,1966-06-07,Female,2023-09-20,Active
C01312,James,Thompson,james.thompson583@email.com,+1-297-502-1715,1991-06-01,Male,2024-04-30,Active
C01313,Grace,Martinez,grace.martinez683@email.com,+1-268-814-4559,1960-06-08,Female,2023-08-14,Active
C01314,Sebastian,Brown,sebastian.brown378@email.com,+1-278-873-2723,1982-06-03,Female,2023-08-03,Active
C01315,Avery,Garcia,avery.garcia259@email.com,+1-412-618-1731,2004-05-28,Male,2023-09-15,Active
C01316,David,Gonzalez,david.gonzalez352@email.com,+1-963-508-4185,2008-05-27,Male,2023-11-21,Active
C01317,Harper,Brown,harper.brown727@email.com,+1-339-434-8606,2004-05-28,Female,2023-08-23,Active
C01318,Ethan,Moore,ethan.moore673@email.com,+1-448-830-8171,1956-06-09,Female,2024-08-10,Active
C01319,Henry,Clark,henry.clark166@email.com,+1-374-958-1295,1997-05-30,Male,2023-04-20,Active
C01320,Evelyn,Brown,evelyn.brown548@email.com,+1-959-500-3759,1960-06-08,Other,2024-10-13,Active
C01321,Emma,Perez,emma.perez280@email.com,+1-357-551-6866,1963-06-08,Male,2024-07-02,Active
C01322,Olivia,Lewis,olivia.lewis692@email.com,+1-745-321-8242,1955-06-10,Male,2023-01-18,Active
C01323,Samuel,Lee,samuel.lee679@email.com,+1-933-775-2684,1989-06-01,Other,2023-11-28,Active
C01324,Avery,Johnson,avery.johnson613@email.com,+1-204-149-7183,1985-06-02,Male,2024-06-08,Active
C01325,Lucas,Miller,lucas.miller94@email.com,+1-216-531-1457,1956-06-09,Female,2024-12-17,Active
C01326,Charlotte,Perez,charlotte.perez686@email.com,+1-264-325-2582,1962-06-08,Male,2023-02-20,Active
C01327,Mia,Johnson,mia.johnson426@email.com,+1-724-210-6359,1968-06-06,Other,2024-02-05,Active
C01328,Charlotte,Martin,charlotte.martin213@email.com,+1-754-504-8010,1995-05-31,Male,2024-08-30,Active
C01329,Sophia,Lopez,sophia.lopez332@email.com,+1-377-115-7588,2008-05-27,Female,2023-03-03,Active
C01330,Elizabeth,Miller,elizabeth.miller470@email.com,+1-425-167-5562,1985-06-02,Other,2023-03-07,Active
C01331,Olivia,Williams,olivia.williams907@email.com,+1-423-520-5940,2002-05-29,Female,2023-04-28,Active
C01332,Grace,Sanchez,grace.sanchez945@email.com,+1-782-275-5127,1988-06-01,Other,2024-09-25,Active
C01333,Elizabeth,Perez,elizabeth.perez947@email.com,+1-989-810-3177,1968-06-06,Male,2024-01-26,Active
C01334,Abigail,Ramirez,abigail.ramirez683@email.com,+1-693-169-6490,1971-06-06,Other,2024-12-13,Active
C01335,Avery,Gonzalez,avery.gonzalez524@email.com,+1-855-859-4808,1963-06-08,Other,2023-08-04,Active
C01336,Emma,Davis,emma.davis22@email.com,+1-831-877-3032,1961-06-08,Male,2024-02-19,Active
C01337,Jackson,Harris,jackson.harris250@email.com,+1-834-181-1981,1977-06-04,Female,2024-08-13,Active
C01338,Evelyn,Miller,evelyn.miller156@email.com,+1-584-309-1621,1970-06-06,Other,2024-05-02,Active
C01339,Avery,White,avery.white899@email.com,+1-536-237-5556,1958-06-09,Other,2024-02-10,Active
C01340,Olivia,Taylor,olivia.taylor811@email.com,+1-624-763-5726,1954-06-10,Male,2024-12-07,Active
C01341,Michael,Hernandez,michael.hernandez249@email.com,+1-410-652-1885,1957-06-09,Male,2023-02-20,Active
C01342,Amelia,Martin,amelia.martin894@email.com,+1-590-633-6269,1968-06-06,Female,2024-06-27,Active
C01343,Emma,Williams,emma.williams891@email.com,+1-703-171-4153,1999-05-30,Other,2024-11-08,Active
C01344,Benjamin,Jones,benjamin.jones94@email.com,+1-377-706-9992,1976-06-04,Male,2024-06-05,Active
C01345,Ethan,Wilson,ethan.wilson743@email.com,+1-678-418-3689,1981-06-03,Male,2024-06-12,Active
C01346,James,Martin,james.martin255@email.com,+1-510-392-8344,1991-06-01,Male,2023-03-22,Active
C01347,Ella,Williams,ella.williams974@email.com,+1-568-507-7188,1980-06-03,Female,2024-07-13,Active
C01348,Jackson,Taylor,jackson.taylor625@email.com,+1-952-543-3553,1960-06-08,Male,2023-08-26,Active
C01349,Elizabeth,Wilson,elizabeth.wilson875@email.com,+1-285-877-5918,1999-05-30,Other,2023-05-02,Active
C01350,Sebastian,White,sebastian.white180@email.com,+1-463-489-8596,1990-06-01,Female,2024-02-22,Active
C01351,Elizabeth,Moore,elizabeth.moore621@email.com,+1-692-173-6459,1978-06-04,Other,2024-08-14,Active
C01352,Charlotte,Jones,charlotte.jones939@email.com,+1-394-104-1210,1962-06-08,Other,2023-08-07,Active
C01353,Daniel,Thomas,daniel.thomas415@email.com,+1-625-504-7113,1989-06-01,Female,2023-12-04,Active
C01354,John,Williams,john.williams419@email.com,+1-239-227-7304,1996-05-30,Male,2023-06-01,Active
C01355,Jackson,Rodriguez,jackson.rodriguez790@email.com,+1-969-839-6711,1977-06-04,Other,2023-07-29,Active
C01356,Daniel,Thompson,daniel.thompson60@email.com,+1-866-494-7947,1978-06-04,Male,2024-04-23,Active
C01357,Olivia,Robinson,olivia.robinson833@email.com,+1-570-746-1462,1967-06-07,Other,2023-01-17,Active
C01358,William,Rodriguez,william.rodriguez620@email.com,+1-666-797-3414,1970-06-06,Male,2024-04-15,Active
C01359,John,Perez,john.perez862@email.com,+1-365-112-2912,1963-06-08,Other,2024-09-28,Active
C01360,Elizabeth,Gonzalez,elizabeth.gonzalez724@email.com,+1-800-182-9495,1998-05-30,Female,2024-06-21,Active
C01361,Jackson,Rodriguez,jackson.rodriguez709@email.com,+1-509-612-9735,1971-06-06,Female,2023-02-26,Active
C01362,Alexander,White,alexander.white422@email.com,+1-970-997-2456,1972-06-05,Other,2024-09-11,Active
C01363,Emily,Clark,emily.clark147@email.com,+1-475-866-4432,1989-06-01,Other,2023-11-20,Active
C01364,Emma,Garcia,emma.garcia836@email.com,+1-703-101-2587,1982-06-03,Other,2024-10-21,Active
C01365,Samuel,Wilson,samuel.wilson671@email.com,+1-495-850-8060,1985-06-02,Male,2024-07-10,Active
C01366,James,Thompson,james.thompson138@email.com,+1-402-598-3981,1980-06-03,Male,2023-08-05,Active
C01367,Chloe,Clark,chloe.clark218@email.com,+1-390-305-1966,1992-05-31,Male,2024-06-27,Active
C01368,Sofia,Anderson,sofia.anderson642@email.com,+1-839-211-3721,2003-05-29,Female,2024-10-11,Active
C01369,Elizabeth,Brown,elizabeth.brown284@email.com,+1-265-450-1486,1978-06-04,Male,2023-05-12,Active
C01370,Joseph,Perez,joseph.perez779@email.com,+1-303-109-2000,1966-06-07,Male,2024-04-03,Active
C01371,John,Sanchez,john.sanchez43@email.com,+1-299-316-9557,1970-06-06,Female,2024-12-24,Active
C01372,Samuel,Harris,samuel.harris273@email.com,+1-697-584-6521,1987-06-02,Female,2023-04-23,Active
C01373,Daniel,Perez,daniel.perez912@email.com,+1-551-422-4925,1983-06-03,Other,2023-12-28,Active
C01374,Elizabeth,Martin,elizabeth.martin59@email.com,+1-564-994-6410,1979-06-04,Male,2024-09-20,Active
C01375,Matthew,White,matthew.white856@email.com,+1-342-126-3013,1964-06-07,Female,2023-07-07,Active
C01376,Lucas,Lopez,lucas.lopez463@email.com,+1-833-802-8785,1966-06-07,Female,2023-07-23,Active
C01377,Charlotte,Smith,charlotte.smith654@email.com,+1-529-117-6901,1988-06-01,Other,2024-11-15,Active
C01378,Avery,Davis,avery.davis622@email.com,+1-696-509-2333,1978-06-04,Female,2024-01-10,Active
C01379,Sophia,White,sophia.white395@email.com,+1-500-721-4196,1953-06-10,Male,2023-01-02,Active
C01380,Samuel,Lewis,samuel.lewis586@email.com,+1-933-616-1520,1958-06-09,Female,2024-08-23,Active
C01381,Ethan,Martinez,ethan.martinez853@email.com,+1-889-661-8648,2001-05-29,Female,2024-07-12,Active
C01382,Ella,Perez,ella.perez554@email.com,+1-446-349-4467,1964-06-07,Other,2024-07-10,Active
C01383,Ethan,Brown,ethan.brown446@email.com,+1-932-129-3625,1959-06-09,Female,2024-02-01,Active
C01384,Henry,Davis,henry.davis737@email.com,+1-463-781-8803,1966-06-07,Male,2023-02-14,Active
C01385,Isabella,Robinson,isabella.robinson548@email.com,+1-848-842-9060,1987-06-02,Other,2024-09-30,Active
C01386,Amelia,Robinson,amelia.robinson590@email.com,+1-984-715-2059,1984-06-02,Female,2023-03-13,Active
C01387,Elizabeth,Lee,elizabeth.lee658@email.com,+1-775-976-8159,1992-05-31,Male,2024-05-07,Active
C01388,Mason,Martinez,mason.martinez90@email.com,+1-314-191-6574,1961-06-08,Male,2023-05-05,Active
C01389,Mason,Jackson,mason.jackson377@email.com,+1-330-973-6134,1961-06-08,Other,2023-12-08,Active
C01390,Emma,Martinez,emma.martinez64@email.com,+1-804-648-4110,1988-06-01,Female,2023-11-30,Active
C01391,Daniel,Sanchez,daniel.sanchez696@email.com,+1-329-632-4639,2008-05-27,Female,2024-09-13,Active
C01392,Grace,Ramirez,grace.ramirez472@email.com,+1-523-248-5863,1965-06-07,Female,2024-05-21,Active
C01393,David,Jones,david.jones616@email.com,+1-490-249-1562,1989-06-01,Female,2023-04-28,Active
C01394,Scarlett,Thompson,scarlett.thompson127@email.com,+1-480-968-8836,1977-06-04,Male,2023-03-26,Active
C01395,Evelyn,Thompson,evelyn.thompson990@email.com,+1-585-160-6458,1995-05-31,Other,2024-07-28,Active
C01396,Amelia,Thompson,amelia.thompson754@email.com,+1-253-986-3933,1983-06-03,Other,2023-08-20,Active
C01397,Alexander,Clark,alexander.clark676@email.com,+1-363-122-9977,1981-06-03,Female,2023-11-26,Active
C01398,Ella,Lopez,ella.lopez776@email.com,+1-600-500-2176,1990-06-01,Other,2023-07-10,Active
C01399,Evelyn,Thompson,evelyn.thompson946@email.com,+1-399-817-9978,2000-05-29,Male,2023-11-24,Active
C01400,Abigail,Harris,abigail.harris811@email.com,+1-794-986-1886,1979-06-04,Female,2023-01-05,Active
C01401,Mia,Jackson,mia.jackson141@email.com,+1-652-812-8904,1995-05-31,Male,2024-03-08,Active
C01402,Benjamin,Sanchez,benjamin.sanchez767@email.com,+1-400-852-1149,1954-06-10,Other,2023-12-27,Active
C01403,Chloe,Brown,chloe.brown695@email.com,+1-351-485-7997,2005-05-28,Male,2023-02-05,Active
C01404,Sophia,Lopez,sophia.lopez998@email.com,+1-685-283-1859,1967-06-07,Other,2024-09-02,Active
C01405,Michael,Jackson,michael.jackson445@email.com,+1-352-742-7619,2001-05-29,Male,2024-04-25,Active
C01406,Lucas,Gonzalez,lucas.gonzalez501@email.com,+1-509-804-3826,1984-06-02,Other,2023-03-04,Active
C01407,Ethan,Harris,ethan.harris475@email.com,+1-865-491-5509,1980-06-03,Other,2023-03-25,Active
C01408,Daniel,Smith,daniel.smith123@email.com,+1-319-184-2999,1966-06-07,Other,2023-08-19,Active
C01409,Scarlett,Davis,scarlett.davis24@email.com,+1-800-686-8856,1961-06-08,Other,2024-03-26,Active
C01410,Sophia,Sanchez,sophia.sanchez608@email.com,+1-385-493-8932,1981-06-03,Other,2023-03-12,Active
C01411,Alexander,Jackson,alexander.jackson129@email.com,+1-301-433-2040,1997-05-30,Other,2023-01-01,Active
C01412,Matthew,Clark,matthew.clark718@email.com,+1-220-503-9788,2004-05-28,Female,2023-07-08,Active
C01413,Samuel,Clark,samuel.clark599@email.com,+1-751-830-3033,1951-06-11,Other,2024-06-02,Active
C01414,Mason,Garcia,mason.garcia883@email.com,+1-813-811-3948,1980-06-03,Other,2024-12-26,Active
C01415,Abigail,Brown,abigail.brown41@email.com,+1-331-688-4378,2003-05-29,Male,2023-03-04,Active
C01416,Sebastian,Rodriguez,sebastian.rodriguez872@email.com,+1-971-135-2386,1989-06-01,Other,2024-08-26,Active
C01417,Daniel,Moore,daniel.moore176@email.com,+1-633-773-1001,2006-05-28,Female,2024-04-21,Active
C01418,Samuel,Lewis,samuel.lewis802@email.com,+1-500-774-9750,1972-06-05,Male,2023-10-03,Active
C01419,Joseph,Thompson,joseph.thompson321@email.com,+1-735-460-9818,1964-06-07,Male,2023-07-28,Active
C01420,Sophia,Perez,sophia.perez840@email.com,+1-245-342-1601,1989-06-01,Male,2024-06-22,Active
C01421,Benjamin,Jones,benjamin.jones617@email.com,+1-765-321-6882,1962-06-08,Male,2024-03-22,Active
C01422,Andrew,Wilson,andrew.wilson77@email.com,+1-763-361-5270,1951-06-11,Other,2023-12-07,Active
C01423,Mia,Gonzalez,mia.gonzalez468@email.com,+1-285-360-7968,1974-06-05,Male,2023-01-20,Active
C01424,Benjamin,Williams,benjamin.williams645@email.com,+1-950-375-4156,1966-06-07,Other,2023-12-16,Active
C01425,Scarlett,Martin,scarlett.martin168@email.com,+1-629-941-3514,1984-06-02,Female,2024-02-12,Active
C01426,Liam,Martin,liam.martin254@email.com,+1-279-376-3041,1965-06-07,Male,2023-07-06,Active
C01427,Sebastian,Wilson,sebastian.wilson68@email.com,+1-537-755-2457,1959-06-09,Female,2023-12-26,Active
C01428,Henry,Jones,henry.jones890@email.com,+1-431-380-1161,1994-05-31,Female,2024-09-22,Active
C01429,Elizabeth,Brown,elizabeth.brown802@email.com,+1-326-279-9625,1956-06-09,Other,2024-02-22,Active
C01430,Joseph,Brown,joseph.brown542@email.com,+1-557-817-5620,1970-06-06,Female,2023-06-16,Active
C01431,Sophia,Lewis,sophia.lewis50@email.com,+1-374-425-7382,1957-06-09,Female,2024-06-29,Active
C01432,Grace,Moore,grace.moore609@email.com,+1-612-588-3090,1965-06-07,Male,2024-04-10,Active
C01433,Scarlett,Thompson,scarlett.thompson160@email.com,+1-873-229-3337,1961-06-08,Other,2023-12-10,Active
C01434,Henry,Johnson,henry.johnson941@email.com,+1-942-754-7064,1965-06-07,Male,2023-01-07,Active
C01435,Victoria,Wilson,victoria.wilson724@email.com,+1-668-287-8191,1976-06-04,Female,2024-01-04,Active
C01436,Evelyn,Rodriguez,evelyn.rodriguez976@email.com,+1-638-633-4748,1954-06-10,Other,2024-02-23,Active
C01437,Ethan,Martinez,ethan.martinez417@email.com,+1-989-420-2476,2004-05-28,Male,2023-03-23,Active
C01438,Lucas,Williams,lucas.williams170@email.com,+1-789-158-2385,1977-06-04,Other,2024-03-14,Active
C01439,Emma,Wilson,emma.wilson694@email.com,+1-720-848-3235,1976-06-04,Female,2023-08-28,Active
C01440,Grace,Thompson,grace.thompson128@email.com,+1-615-114-4115,1981-06-03,Other,2024-12-24,Active
C01441,Grace,White,grace.white354@email.com,+1-450-856-9652,2006-05-28,Other,2023-01-31,Active
C01442,Victoria,Anderson,victoria.anderson988@email.com,+1-372-790-9577,2004-05-28,Male,2024-05-15,Active
C01443,Daniel,Clark,daniel.clark137@email.com,+1-726-461-1834,1984-06-02,Female,2023-10-26,Active
C01444,Mia,Lopez,mia.lopez994@email.com,+1-315-446-5092,1990-06-01,Male,2023-06-28,Active
C01445,Alexander,Thomas,alexander.thomas301@email.com,+1-471-318-1036,1983-06-03,Other,2023-03-26,Active
C01446,Benjamin,Robinson,benjamin.robinson313@email.com,+1-858-627-1580,1954-06-10,Other,2023-09-14,Active
C01447,Joseph,Johnson,joseph.johnson365@email.com,+1-206-730-8542,1986-06-02,Female,2024-01-30,Active
C01448,Sophia,Smith,sophia.smith359@email.com,+1-939-290-7587,2002-05-29,Male,2024-01-03,Active
C01449,Jackson,Thomas,jackson.thomas203@email.com,+1-286-641-9426,2001-05-29,Female,2024-07-27,Active
C01450,Joseph,Smith,joseph.smith160@email.com,+1-987-772-5098,1983-06-03,Female,2024-05-14,Active
C01451,Daniel,Martinez,daniel.martinez374@email.com,+1-638-286-9788,1980-06-03,Male,2024-03-31,Active
C01452,Avery,Garcia,avery.garcia144@email.com,+1-562-865-8110,1952-06-10,Female,2024-12-26,Active
C01453,Charlotte,Brown,charlotte.brown195@email.com,+1-491-141-3190,1961-06-08,Female,2023-11-23,Active
C01454,Michael,Lewis,michael.lewis33@email.com,+1-364-782-4260,1991-06-01,Other,2023-08-29,Active
C01455,Mason,Wilson,mason.wilson501@email.com,+1-763-607-3087,1976-06-04,Female,2024-02-03,Active
C01456,Elizabeth,Jones,elizabeth.jones113@email.com,+1-310-911-1346,1986-06-02,Male,2024-08-24,Active
C01457,Scarlett,Smith,scarlett.smith786@email.com,+1-900-342-1852,1981-06-03,Female,2023-02-06,Active
C01458,Victoria,White,victoria.white9@email.com,+1-644-591-5742,2003-05-29,Female,2024-03-18,Active
C01459,Jackson,Davis,jackson.davis633@email.com,+1-356-846-9376,1991-06-01,Male,2024-06-23,Active
C01460,Mason,Ramirez,mason.ramirez270@email.com,+1-917-353-8031,1963-06-08,Female,2024-06-11,Active
C01461,Sophia,Thompson,sophia.thompson748@email.com,+1-714-725-3968,1968-06-06,Other,2024-06-21,Active
C01462,William,Davis,william.davis124@email.com,+1-335-510-1628,1999-05-30,Male,2024-03-26,Active
C01463,Jackson,Smith,jackson.smith632@email.com,+1-404-193-1834,1975-06-05,Female,2023-12-08,Active
C01464,Alexander,Thompson,alexander.thompson649@email.com,+1-436-327-6507,2005-05-28,Female,2023-10-22,Active
C01465,Scarlett,Wilson,scarlett.wilson660@email.com,+1-252-411-2803,1991-06-01,Female,2024-03-31,Active
C01466,Emily,Thompson,emily.thompson429@email.com,+1-452-427-1779,2008-05-27,Male,2024-06-28,Active
C01467,Noah,Perez,noah.perez763@email.com,+1-529-317-5674,1970-06-06,Female,2023-09-05,Active
C01468,Sophia,Wilson,sophia.wilson190@email.com,+1-458-603-6956,2001-05-29,Female,2024-01-24,Active
C01469,Sophia,Perez,sophia.perez14@email.com,+1-899-665-3134,1961-06-08,Female,2024-01-27,Active
C01470,Daniel,White,daniel.white798@email.com,+1-803-641-7088,1991-06-01,Other,2024-05-02,Active
C01471,Benjamin,Jackson,benjamin.jackson394@email.com,+1-289-208-3137,1970-06-06,Other,2023-03-28,Active
C01472,Mason,Johnson,mason.johnson601@email.com,+1-870-937-4120,1980-06-03,Other,2024-06-17,Active
C01473,Sophia,Williams,sophia.williams965@email.com,+1-759-733-6618,1978-06-04,Other,2024-02-27,Active
C01474,Charlotte,Moore,charlotte.moore739@email.com,+1-357-144-3094,1973-06-05,Female,2024-06-18,Active
C01475,Harper,Lewis,harper.lewis899@email.com,+1-977-973-6690,1968-06-06,Female,2023-12-23,Active
C01476,Mason,Robinson,mason.robinson447@email.com,+1-269-594-7864,1958-06-09,Other,2023-07-14,Active
C01477,Liam,Garcia,liam.garcia614@email.com,+1-480-813-3112,1972-06-05,Male,2024-03-10,Active
C01478,Noah,Sanchez,noah.sanchez996@email.com,+1-910-294-7512,1974-06-05,Other,2023-08-13,Active
C01479,Scarlett,Williams,scarlett.williams170@email.com,+1-648-868-9344,1959-06-09,Other,2023-12-04,Active
C01480,Elizabeth,Gonzalez,elizabeth.gonzalez622@email.com,+1-478-311-4015,1972-06-05,Male,2024-12-28,Active
C01481,Benjamin,Jackson,benjamin.jackson714@email.com,+1-209-909-9401,1963-06-08,Other,2023-09-22,Active
C01482,Samuel,Rodriguez,samuel.rodriguez311@email.com,+1-425-403-5399,1998-05-30,Male,2023-06-15,Active
C01483,Amelia,Johnson,amelia.johnson547@email.com,+1-443-398-1640,1952-06-10,Male,2023-03-18,Active
C01484,Henry,Robinson,henry.robinson137@email.com,+1-476-994-1844,1956-06-09,Male,2023-03-15,Active
C01485,Benjamin,Moore,benjamin.moore119@email.com,+1-201-764-6692,1985-06-02,Other,2023-03-25,Active
C01486,Abigail,Williams,abigail.williams970@email.com,+1-922-662-5326,1951-06-11,Female,2024-08-17,Active
C01487,Andrew,Martinez,andrew.martinez333@email.com,+1-258-740-1170,1962-06-08,Male,2024-01-02,Active
C01488,Henry,Garcia,henry.garcia263@email.com,+1-216-650-2743,1967-06-07,Female,2023-01-27,Active
C01489,Harper,Ramirez,harper.ramirez642@email.com,+1-849-718-4377,1988-06-01,Male,2023-10-06,Active
C01490,Henry,Miller,henry.miller596@email.com,+1-844-927-7479,1994-05-31,Female,2024-07-25,Active
C01491,Jackson,Lopez,jackson.lopez152@email.com,+1-690-195-9125,1997-05-30,Female,2024-06-29,Active
C01492,James,Miller,james.miller584@email.com,+1-702-846-3955,2007-05-28,Female,2023-03-09,Active
C01493,Alexander,Garcia,alexander.garcia907@email.com,+1-381-937-7458,1996-05-30,Other,2023-01-28,Active
C01494,Ava,Jones,ava.jones74@email.com,+1-636-351-8455,2002-05-29,Female,2023-03-12,Active
C01495,Samuel,Jones,samuel.jones745@email.com,+1-968-927-1193,1984-06-02,Male,2023-04-24,Active
C01496,Elizabeth,Smith,elizabeth.smith113@email.com,+1-213-881-1716,1959-06-09,Male,2024-08-18,Active
C01497,Ethan,Rodriguez,ethan.rodriguez147@email.com,+1-842-714-1221,1974-06-05,Male,2024-12-22,Active
C01498,Michael,Ramirez,michael.ramirez725@email.com,+1-287-307-3281,1951-06-11,Other,2023-08-28,Active
C01499,Avery,Clark,avery.clark168@email.com,+1-514-439-8846,2005-05-28,Male,2024-07-26,Active
C01500,Grace,Thompson,grace.thompson274@email.com,+1-842-656-3016,2002-05-29,Male,2024-12-10,Active
C01501,Grace,Martinez,grace.martinez106@email.com,+1-723-956-7804,1994-05-31,Male,2024-08-08,Active
C01502,Liam,Davis,liam.davis438@email.com,+1-594-250-6788,1994-05-31,Female,2023-03-01,Active
C01503,Elizabeth,Perez,elizabeth.perez906@email.com,+1-932-942-2841,2001-05-29,Male,2023-08-16,Active
C01504,Amelia,Brown,amelia.brown980@email.com,+1-488-465-2249,2001-05-29,Female,2023-04-11,Active
C01505,Daniel,Robinson,daniel.robinson947@email.com,+1-286-144-3475,1975-06-05,Female,2024-07-02,Active
C01506,Michael,Martin,michael.martin186@email.com,+1-895-535-3461,1989-06-01,Other,2023-02-17,Active
C01507,Andrew,Clark,andrew.clark294@email.com,+1-556-996-2702,1966-06-07,Female,2024-03-29,Active
C01508,Daniel,Robinson,daniel.robinson272@email.com,+1-928-917-2251,1959-06-09,Male,2024-12-29,Active
C01509,William,Hernandez,william.hernandez152@email.com,+1-599-557-8838,1972-06-05,Male,2024-10-24,Active
C01510,Jackson,White,jackson.white286@email.com,+1-348-192-6292,1959-06-09,Male,2024-08-23,Active
C01511,Elizabeth,Lopez,elizabeth.lopez327@email.com,+1-706-534-8885,1970-06-06,Female,2023-01-21,Active
C01512,Michael,Jones,michael.jones822@email.com,+1-869-351-7278,1977-06-04,Other,2023-10-30,Active
C01513,Grace,Moore,grace.moore505@email.com,+1-745-649-4770,1971-06-06,Male,2023-12-04,Active
C01514,Sofia,Taylor,sofia.taylor592@email.com,+1-995-810-4593,1993-05-31,Male,2023-01-12,Active
C01515,Daniel,Smith,daniel.smith209@email.com,+1-217-471-8764,2005-05-28,Male,2024-08-17,Active
C01516,Emily,Lopez,emily.lopez870@email.com,+1-997-938-3283,1999-05-30,Female,2024-03-05,Active
C01517,Sebastian,Robinson,sebastian.robinson935@email.com,+1-631-348-4452,1961-06-08,Male,2024-05-16,Active
C01518,Isabella,Brown,isabella.brown986@email.com,+1-912-820-3344,2007-05-28,Other,2023-12-11,Active
C01519,Jackson,Lopez,jackson.lopez56@email.com,+1-918-208-2208,1953-06-10,Other,2023-08-31,Active
C01520,Mia,Smith,mia.smith151@email.com,+1-574-244-2294,2008-05-27,Male,2024-04-25,Active
C01521,Chloe,Clark,chloe.clark834@email.com,+1-626-253-3988,2000-05-29,Other,2023-09-07,Active
C01522,Samuel,Thompson,samuel.thompson972@email.com,+1-506-581-7742,1958-06-09,Female,2024-01-21,Active
C01523,Emma,Martinez,emma.martinez114@email.com,+1-359-161-1526,1976-06-04,Male,2023-04-23,Active
C01524,Mia,Smith,mia.smith406@email.com,+1-633-796-8443,1955-06-10,Other,2023-06-13,Active
C01525,Harper,Robinson,harper.robinson586@email.com,+1-713-413-4724,1991-06-01,Male,2023-10-25,Active
C01526,Ethan,Taylor,ethan.taylor387@email.com,+1-328-860-4471,2005-05-28,Other,2023-11-17,Active
C01527,Amelia,Gonzalez,amelia.gonzalez189@email.com,+1-963-672-2264,1978-06-04,Female,2023-01-22,Active
C01528,Abigail,Lee,abigail.lee658@email.com,+1-614-947-7233,1957-06-09,Male,2024-07-16,Active
C01529,Daniel,Lee,daniel.lee435@email.com,+1-399-376-2776,1985-06-02,Male,2024-09-16,Active
C01530,Victoria,Harris,victoria.harris867@email.com,+1-543-128-4924,1974-06-05,Male,2024-03-18,Active
C01531,Sophia,Williams,sophia.williams217@email.com,+1-811-111-6064,1996-05-30,Other,2024-06-22,Active
C01532,Olivia,Davis,olivia.davis276@email.com,+1-287-683-1735,2006-05-28,Female,2023-06-03,Active
C01533,Noah,Hernandez,noah.hernandez96@email.com,+1-516-108-6843,1976-06-04,Female,2024-03-17,Active
C01534,Charlotte,Hernandez,charlotte.hernandez770@email.com,+1-600-843-6830,1965-06-07,Other,2024-08-21,Active
C01535,Sophia,Hernandez,sophia.hernandez418@email.com,+1-959-615-2654,2007-05-28,Male,2023-08-05,Active
C01536,John,Sanchez,john.sanchez392@email.com,+1-688-700-1612,1999-05-30,Male,2024-03-09,Active
C01537,David,Williams,david.williams907@email.com,+1-840-195-4794,1967-06-07,Other,2024-05-25,Active
C01538,William,Harris,william.harris736@email.com,+1-364-613-9459,1975-06-05,Other,2023-04-18,Active
C01539,Michael,Anderson,michael.anderson805@email.com,+1-334-447-5765,1954-06-10,Other,2023-12-29,Active
C01540,Jackson,Johnson,jackson.johnson913@email.com,+1-929-892-7350,1969-06-06,Male,2024-05-01,Active
C01541,Victoria,Williams,victoria.williams982@email.com,+1-356-680-9151,1999-05-30,Male,2024-09-23,Active
C01542,Alexander,Moore,alexander.moore889@email.com,+1-289-610-2541,1998-05-30,Female,2023-09-23,Active
C01543,Evelyn,Garcia,evelyn.garcia70@email.com,+1-486-690-6952,2004-05-28,Male,2024-01-05,Active
C01544,James,Thompson,james.thompson791@email.com,+1-671-364-8753,1967-06-07,Female,2024-04-13,Active
C01545,Isabella,Brown,isabella.brown996@email.com,+1-782-599-1648,1983-06-03,Female,2023-12-25,Active
C01546,Sofia,Ramirez,sofia.ramirez635@email.com,+1-896-232-8222,1954-06-10,Other,2023-12-22,Active
C01547,Andrew,Hernandez,andrew.hernandez383@email.com,+1-285-798-7769,1992-05-31,Female,2023-08-01,Active
C01548,Olivia,Martin,olivia.martin660@email.com,+1-258-858-5011,2008-05-27,Other,2023-01-15,Active
C01549,William,Ramirez,william.ramirez108@email.com,+1-497-484-3592,1954-06-10,Female,2023-05-28,Active
C01550,Ava,Davis,ava.davis398@email.com,+1-673-785-2531,1979-06-04,Female,2024-01-09,Active
C01551,Grace,Lewis,grace.lewis838@email.com,+1-676-211-2406,2002-05-29,Other,2024-06-30,Active
C01552,Matthew,Harris,matthew.harris444@email.com,+1-404-511-6385,1987-06-02,Female,2024-10-26,Active
C01553,Victoria,Thomas,victoria.thomas218@email.com,+1-919-859-8802,1979-06-04,Female,2024-09-05,Active
C01554,Olivia,Moore,olivia.moore160@email.com,+1-681-249-4497,2006-05-28,Other,2024-02-08,Active
C01555,Victoria,Harris,victoria.harris390@email.com,+1-263-927-6922,1995-05-31,Female,2023-10-18,Active
C01556,Noah,Miller,noah.miller889@email.com,+1-223-876-7929,1968-06-06,Female,2024-03-30,Active
C01557,James,Williams,james.williams146@email.com,+1-270-380-7636,1953-06-10,Female,2024-10-09,Active
C01558,Avery,Ramirez,avery.ramirez430@email.com,+1-737-319-5250,2003-05-29,Male,2024-06-26,Active
C01559,Jackson,Hernandez,jackson.hernandez987@email.com,+1-971-404-3695,1982-06-03,Female,2024-06-11,Active
C01560,Ella,Thomas,ella.thomas549@email.com,+1-905-902-3632,1986-06-02,Female,2023-01-18,Active
C01561,Chloe,Gonzalez,chloe.gonzalez843@email.com,+1-210-674-4253,1966-06-07,Other,2024-10-13,Active
C01562,John,Martin,john.martin149@email.com,+1-531-780-6185,1951-06-11,Male,2024-12-17,Active
C01563,David,Robinson,david.robinson152@email.com,+1-711-985-6184,1982-06-03,Other,2024-09-06,Active
C01564,Harper,Taylor,harper.taylor740@email.com,+1-203-561-3059,1968-06-06,Female,2023-03-23,Active
C01565,John,Brown,john.brown38@email.com,+1-423-863-4074,1974-06-05,Other,2023-10-28,Active
C01566,Mia,Martin,mia.martin387@email.com,+1-421-456-4436,1972-06-05,Other,2024-06-19,Active
C01567,Emma,Lopez,emma.lopez834@email.com,+1-572-116-5947,1956-06-09,Other,2024-02-21,Active
C01568,Mason,Thompson,mason.thompson512@email.com,+1-864-566-7783,1986-06-02,Female,2023-11-07,Active
C01569,Grace,Wilson,grace.wilson536@email.com,+1-983-443-2857,1981-06-03,Female,2024-07-04,Active
C01570,Daniel,Garcia,daniel.garcia567@email.com,+1-809-266-9892,1990-06-01,Female,2023-10-12,Active
C01571,Jackson,Lee,jackson.lee291@email.com,+1-918-735-2625,2003-05-29,Male,2024-10-03,Active
C01572,Liam,Martin,liam.martin955@email.com,+1-621-206-9133,2002-05-29,Other,2023-04-03,Active
C01573,Avery,Taylor,avery.taylor596@email.com,+1-233-783-5749,1994-05-31,Male,2023-10-28,Active
C01574,David,Moore,david.moore391@email.com,+1-317-300-8693,1958-06-09,Female,2024-08-26,Active
C01575,David,Wilson,david.wilson930@email.com,+1-860-820-7484,1958-06-09,Female,2024-12-24,Active
C01576,Amelia,Taylor,amelia.taylor291@email.com,+1-474-774-5333,1965-06-07,Female,2024-02-21,Active
C01577,Lucas,Smith,lucas.smith922@email.com,+1-624-133-1254,1958-06-09,Male,2024-12-05,Active
C01578,Daniel,Clark,daniel.clark837@email.com,+1-731-939-6201,1972-06-05,Male,2024-01-23,Active
C01579,Jackson,Davis,jackson.davis570@email.com,+1-600-297-7444,1981-06-03,Other,2024-11-09,Active
C01580,Isabella,Lee,isabella.lee400@email.com,+1-945-277-7604,1998-05-30,Other,2024-02-10,Active
C01581,Jackson,Davis,jackson.davis102@email.com,+1-927-920-3069,1968-06-06,Male,2023-08-03,Active
C01582,Chloe,Sanchez,chloe.sanchez402@email.com,+1-980-742-5263,1988-06-01,Male,2023-06-14,Active
C01583,Benjamin,Williams,benjamin.williams96@email.com,+1-226-547-1189,1999-05-30,Other,2023-03-29,Active
C01584,Liam,Martin,liam.martin725@email.com,+1-756-180-7265,1962-06-08,Other,2024-12-06,Active
C01585,Isabella,Anderson,isabella.anderson650@email.com,+1-846-896-6867,1967-06-07,Male,2024-06-23,Active
C01586,Amelia,Martinez,amelia.martinez199@email.com,+1-748-960-5018,1966-06-07,Female,2023-12-10,Active
C01587,Noah,Rodriguez,noah.rodriguez85@email.com,+1-347-742-1379,1953-06-10,Other,2023-03-19,Active
C01588,Sophia,Brown,sophia.brown471@email.com,+1-810-225-2754,1992-05-31,Female,2024-08-08,Active
C01589,James,Williams,james.williams80@email.com,+1-706-964-6921,2002-05-29,Female,2024-06-02,Active
C01590,Joseph,Sanchez,joseph.sanchez23@email.com,+1-623-175-8971,1995-05-31,Male,2023-04-01,Active
C01591,Sofia,Gonzalez,sofia.gonzalez912@email.com,+1-521-748-8387,1989-06-01,Male,2024-07-20,Active
C01592,Emma,Lewis,emma.lewis183@email.com,+1-875-680-1515,1986-06-02,Female,2024-09-02,Active
C01593,Ella,Martin,ella.martin615@email.com,+1-759-105-3595,1992-05-31,Other,2023-07-16,Active
C01594,Mason,Miller,mason.miller621@email.com,+1-230-648-1377,1960-06-08,Other,2023-07-20,Active
C01595,William,Miller,william.miller888@email.com,+1-573-217-4554,2000-05-29,Female,2024-12-01,Active
C01596,Amelia,Williams,amelia.williams746@email.com,+1-908-229-5384,1996-05-30,Female,2024-03-26,Active
C01597,Ethan,Lopez,ethan.lopez726@email.com,+1-764-767-5822,1957-06-09,Other,2023-09-10,Active
C01598,Joseph,Wilson,joseph.wilson525@email.com,+1-609-297-5097,1965-06-07,Male,2024-07-07,Active
C01599,Henry,Gonzalez,henry.gonzalez106@email.com,+1-797-912-6105,1962-06-08,Male,2024-07-15,Active
C01600,Joseph,Wilson,joseph.wilson905@email.com,+1-656-533-5451,2002-05-29,Other,2024-02-09,Active
C01601,Victoria,Gonzalez,victoria.gonzalez440@email.com,+1-404-680-6782,1956-06-09,Other,2023-12-15,Active
C01602,Ava,Anderson,ava.anderson172@email.com,+1-234-623-5146,1990-06-01,Female,2023-05-11,Active
C01603,Victoria,Clark,victoria.clark899@email.com,+1-860-643-6771,2001-05-29,Male,2023-11-20,Active
C01604,James,Sanchez,james.sanchez331@email.com,+1-639-909-4046,2004-05-28,Male,2023-12-31,Active
C01605,Benjamin,Perez,benjamin.perez381@email.com,+1-580-248-6151,1988-06-01,Male,2024-08-28,Active
C01606,Emma,Thompson,emma.thompson337@email.com,+1-418-576-6268,2004-05-28,Other,2024-05-07,Active
C01607,Elizabeth,Martinez,elizabeth.martinez617@email.com,+1-417-639-4562,1991-06-01,Other,2024-09-17,Active
C01608,Victoria,Lewis,victoria.lewis827@email.com,+1-887-176-7909,1988-06-01,Female,2023-02-02,Active
C01609,Abigail,Miller,abigail.miller202@email.com,+1-250-921-9092,1991-06-01,Male,2023-08-09,Active
C01610,Sofia,Brown,sofia.brown128@email.com,+1-663-275-6355,1993-05-31,Female,2023-05-06,Active
C01611,Chloe,Smith,chloe.smith292@email.com,+1-218-759-1076,2000-05-29,Female,2023-09-16,Active
C01612,Matthew,Johnson,matthew.johnson918@email.com,+1-746-640-1640,2007-05-28,Other,2024-01-21,Active
C01613,Ava,Thomas,ava.thomas98@email.com,+1-625-840-5931,1960-06-08,Female,2024-03-25,Active
C01614,Emily,Gonzalez,emily.gonzalez82@email.com,+1-769-893-6131,2005-05-28,Other,2023-08-14,Active
C01615,Matthew,Martinez,matthew.martinez714@email.com,+1-665-605-2989,2002-05-29,Other,2023-12-15,Active
C01616,Liam,Davis,liam.davis49@email.com,+1-210-242-2722,1962-06-08,Other,2024-02-05,Active
C01617,Jackson,Davis,jackson.davis175@email.com,+1-290-295-7043,1964-06-07,Male,2023-06-30,Active
C01618,Noah,Rodriguez,noah.rodriguez905@email.com,+1-244-213-1786,1992-05-31,Male,2024-02-24,Active
C01619,Michael,Thompson,michael.thompson628@email.com,+1-588-376-3790,1979-06-04,Other,2024-08-12,Active
C01620,Mason,Jones,mason.jones327@email.com,+1-351-871-7771,1966-06-07,Female,2023-03-20,Active
C01621,Mason,Taylor,mason.taylor541@email.com,+1-446-691-8830,1991-06-01,Female,2023-02-23,Active
C01622,Abigail,Harris,abigail.harris749@email.com,+1-694-331-2504,1963-06-08,Female,2024-04-05,Active
C01623,Ethan,Lopez,ethan.lopez572@email.com,+1-448-775-4373,2004-05-28,Male,2023-01-20,Active
C01624,Joseph,Johnson,joseph.johnson218@email.com,+1-213-786-4541,1996-05-30,Female,2023-09-09,Active
C01625,Joseph,Brown,joseph.brown349@email.com,+1-413-933-9644,1960-06-08,Female,2023-07-24,Active
C01626,Alexander,Thompson,alexander.thompson465@email.com,+1-871-257-9265,1994-05-31,Male,2024-09-14,Active
C01627,Daniel,Gonzalez,daniel.gonzalez999@email.com,+1-663-988-9412,1996-05-30,Female,2024-06-07,Active
C01628,Ava,Rodriguez,ava.rodriguez434@email.com,+1-368-802-6032,2002-05-29,Other,2023-05-20,Active
C01629,William,Anderson,william.anderson898@email.com,+1-309-862-2805,1951-06-11,Male,2024-04-29,Active
C01630,David,Garcia,david.garcia274@email.com,+1-229-587-9698,1992-05-31,Female,2023-09-25,Active
C01631,Mason,Robinson,mason.robinson564@email.com,+1-286-462-8069,1983-06-03,Male,2024-05-28,Active
C01632,Scarlett,Wilson,scarlett.wilson521@email.com,+1-541-154-8230,2002-05-29,Female,2024-03-27,Active
C01633,Noah,Lee,noah.lee392@email.com,+1-949-532-4177,1983-06-03,Male,2024-03-05,Active
C01634,James,Martin,james.martin283@email.com,+1-742-722-9087,2002-05-29,Female,2023-07-19,Active
C01635,Noah,Lee,noah.lee255@email.com,+1-313-324-2887,1972-06-05,Male,2024-11-07,Active
C01636,Henry,Davis,henry.davis68@email.com,+1-744-203-5513,1964-06-07,Other,2024-05-14,Active
C01637,Matthew,Gonzalez,matthew.gonzalez403@email.com,+1-303-325-5395,1998-05-30,Male,2023-08-12,Active
C01638,Benjamin,Lopez,benjamin.lopez653@email.com,+1-494-822-5718,1997-05-30,Male,2024-12-28,Active
C01639,Scarlett,Robinson,scarlett.robinson718@email.com,+1-837-588-6002,1998-05-30,Male,2023-01-27,Active
C01640,Abigail,Perez,abigail.perez72@email.com,+1-370-291-6442,2008-05-27,Male,2023-09-22,Active
C01641,Ella,Wilson,ella.wilson343@email.com,+1-221-281-5322,1965-06-07,Male,2024-10-14,Active
C01642,Emma,Martin,emma.martin361@email.com,+1-685-697-1016,1978-06-04,Male,2023-08-19,Active
C01643,Mason,Johnson,mason.johnson839@email.com,+1-217-680-5762,1976-06-04,Other,2024-05-12,Active
C01644,Mia,Harris,mia.harris151@email.com,+1-993-196-2638,1987-06-02,Other,2024-02-24,Active
C01645,Avery,Thomas,avery.thomas753@email.com,+1-559-658-5216,1992-05-31,Female,2023-02-21,Active
C01646,Daniel,Anderson,daniel.anderson14@email.com,+1-561-408-6467,1954-06-10,Other,2023-07-20,Active
C01647,Victoria,Thomas,victoria.thomas116@email.com,+1-476-802-9508,1999-05-30,Male,2023-03-17,Active
C01648,Sofia,Ramirez,sofia.ramirez226@email.com,+1-875-245-6852,1993-05-31,Male,2023-08-10,Active
C01649,Chloe,White,chloe.white713@email.com,+1-641-468-4380,1984-06-02,Male,2024-10-01,Active
C01650,Sophia,Rodriguez,sophia.rodriguez899@email.com,+1-841-795-9927,1997-05-30,Other,2023-09-28,Active
C01651,Harper,Robinson,harper.robinson696@email.com,+1-557-439-7406,1991-06-01,Female,2023-05-08,Active
C01652,Alexander,Miller,alexander.miller43@email.com,+1-793-632-6624,1981-06-03,Male,2023-04-14,Active
C01653,David,Jackson,david.jackson992@email.com,+1-555-395-2805,1965-06-07,Female,2024-12-23,Active
C01654,William,Anderson,william.anderson698@email.com,+1-353-635-5747,1966-06-07,Other,2023-04-03,Active
C01655,Mia,Martinez,mia.martinez499@email.com,+1-495-166-5828,2006-05-28,Female,2024-12-16,Active
C01656,Benjamin,Martinez,benjamin.martinez846@email.com,+1-807-226-1871,2008-05-27,Female,2023-08-19,Active
C01657,Jackson,Lopez,jackson.lopez677@email.com,+1-200-151-5119,1952-06-10,Female,2024-08-12,Active
C01658,Evelyn,Sanchez,evelyn.sanchez880@email.com,+1-714-781-3540,1991-06-01,Other,2024-10-04,Active
C01659,William,White,william.white202@email.com,+1-642-699-2322,2006-05-28,Male,2024-03-09,Active
C01660,Ella,Robinson,ella.robinson364@email.com,+1-454-931-7328,1951-06-11,Female,2023-10-26,Active
C01661,Sophia,Lewis,sophia.lewis268@email.com,+1-509-711-6091,1981-06-03,Other,2024-07-07,Active
C01662,Abigail,Sanchez,abigail.sanchez593@email.com,+1-342-799-4268,1982-06-03,Male,2024-04-19,Active
C01663,Sebastian,Miller,sebastian.miller309@email.com,+1-512-187-5871,1979-06-04,Other,2023-05-31,Active
C01664,Grace,Garcia,grace.garcia385@email.com,+1-647-198-3270,1964-06-07,Female,2023-07-11,Active
C01665,Abigail,Taylor,abigail.taylor958@email.com,+1-901-829-6858,1981-06-03,Female,2023-09-09,Active
C01666,David,Wilson,david.wilson985@email.com,+1-620-572-1453,1959-06-09,Male,2023-06-08,Active
C01667,Sofia,Williams,sofia.williams774@email.com,+1-343-729-5954,1976-06-04,Other,2024-04-27,Active
C01668,Daniel,Jones,daniel.jones636@email.com,+1-756-679-5806,2000-05-29,Female,2024-11-07,Active
C01669,Matthew,Perez,matthew.perez7@email.com,+1-673-926-9487,2003-05-29,Male,2023-09-17,Active
C01670,Noah,Rodriguez,noah.rodriguez850@email.com,+1-865-209-6463,1956-06-09,Male,2023-05-03,Active
C01671,Evelyn,Jackson,evelyn.jackson494@email.com,+1-907-439-1997,1971-06-06,Other,2024-08-29,Active
C01672,Scarlett,White,scarlett.white735@email.com,+1-254-818-4359,1973-06-05,Male,2023-07-22,Active
C01673,Joseph,Jones,joseph.jones229@email.com,+1-891-755-3535,1989-06-01,Other,2024-02-27,Active
C01674,Emma,Sanchez,emma.sanchez497@email.com,+1-838-804-4288,2008-05-27,Male,2024-09-05,Active
C01675,William,Martin,william.martin902@email.com,+1-323-632-2587,2002-05-29,Male,2024-04-22,Active
C01676,Ella,Smith,ella.smith853@email.com,+1-717-554-7401,1989-06-01,Male,2024-11-05,Active
C01677,Matthew,Thomas,matthew.thomas189@email.com,+1-440-961-9957,1965-06-07,Other,2024-04-09,Active
C01678,Avery,Ramirez,avery.ramirez674@email.com,+1-831-226-8083,2007-05-28,Other,2024-08-04,Active
C01679,James,Jones,james.jones839@email.com,+1-962-773-4943,1961-06-08,Other,2024-07-10,Active
C01680,Grace,Miller,grace.miller488@email.com,+1-691-396-5742,1971-06-06,Male,2023-02-17,Active
C01681,Joseph,Lopez,joseph.lopez684@email.com,+1-481-500-7321,1979-06-04,Male,2023-01-17,Active
C01682,Sofia,Clark,sofia.clark436@email.com,+1-351-128-5643,1972-06-05,Male,2023-09-20,Active
C01683,Elizabeth,Smith,elizabeth.smith595@email.com,+1-510-134-8282,2000-05-29,Female,2024-11-18,Active
C01684,David,Lewis,david.lewis741@email.com,+1-669-383-1149,1976-06-04,Female,2024-07-22,Active
C01685,Scarlett,Miller,scarlett.miller358@email.com,+1-923-637-7399,1997-05-30,Male,2023-07-25,Active
C01686,William,Lopez,william.lopez672@email.com,+1-936-676-6558,1954-06-10,Other,2023-09-18,Active
C01687,Isabella,Rodriguez,isabella.rodriguez804@email.com,+1-980-774-5963,1955-06-10,Male,2023-11-24,Active
C01688,Ella,Gonzalez,ella.gonzalez986@email.com,+1-683-720-3955,1976-06-04,Other,2023-05-22,Active
C01689,Samuel,Rodriguez,samuel.rodriguez133@email.com,+1-914-431-6703,1955-06-10,Other,2023-05-13,Active
C01690,Matthew,Williams,matthew.williams47@email.com,+1-230-972-3607,1966-06-07,Male,2024-05-08,Active
C01691,Sophia,Thomas,sophia.thomas957@email.com,+1-895-587-6302,1958-06-09,Other,2024-05-08,Active
C01692,Lucas,Brown,lucas.brown922@email.com,+1-378-845-7292,2005-05-28,Male,2023-10-28,Active
C01693,Andrew,Rodriguez,andrew.rodriguez118@email.com,+1-238-967-2194,1970-06-06,Female,2023-10-06,Active
C01694,Liam,Robinson,liam.robinson179@email.com,+1-528-210-8364,1968-06-06,Male,2023-12-11,Active
C01695,Chloe,Moore,chloe.moore205@email.com,+1-400-358-9046,1990-06-01,Other,2023-10-10,Active
C01696,Amelia,Miller,amelia.miller760@email.com,+1-365-544-9659,1971-06-06,Male,2024-06-18,Active
C01697,Liam,Lee,liam.lee983@email.com,+1-884-198-4334,1951-06-11,Male,2024-11-27,Active
C01698,Emma,Lopez,emma.lopez793@email.com,+1-617-681-9955,1997-05-30,Female,2024-10-19,Active
C01699,Samuel,Thomas,samuel.thomas195@email.com,+1-412-684-8761,1986-06-02,Female,2023-08-07,Active
C01700,Andrew,Lewis,andrew.lewis573@email.com,+1-341-920-2100,1968-06-06,Female,2023-10-09,Active
C01701,Elizabeth,Ramirez,elizabeth.ramirez73@email.com,+1-782-180-3083,2002-05-29,Female,2023-07-21,Active
C01702,Mason,Thomas,mason.thomas237@email.com,+1-252-715-9856,1994-05-31,Male,2024-01-28,Active
C01703,Evelyn,Robinson,evelyn.robinson849@email.com,+1-457-499-6863,1990-06-01,Male,2024-10-23,Active
C01704,Ava,Moore,ava.moore590@email.com,+1-447-973-9482,1989-06-01,Other,2023-04-16,Active
C01705,Matthew,Martin,matthew.martin59@email.com,+1-759-814-2816,1992-05-31,Female,2023-05-15,Active
C01706,Liam,Johnson,liam.johnson347@email.com,+1-631-367-4285,2000-05-29,Male,2024-01-24,Active
C01707,Benjamin,Moore,benjamin.moore837@email.com,+1-951-437-2021,2004-05-28,Female,2024-05-04,Active
C01708,Chloe,Lewis,chloe.lewis625@email.com,+1-919-955-1579,1982-06-03,Male,2024-01-12,Active
C01709,Victoria,White,victoria.white628@email.com,+1-282-664-8844,1962-06-08,Female,2024-08-21,Active
C01710,Olivia,Brown,olivia.brown37@email.com,+1-708-619-4690,1981-06-03,Female,2023-03-07,Active
C01711,Ella,Martinez,ella.martinez801@email.com,+1-433-121-1906,1974-06-05,Male,2024-12-05,Active
C01712,Victoria,Ramirez,victoria.ramirez389@email.com,+1-898-800-1296,2005-05-28,Female,2023-06-15,Active
C01713,Elizabeth,Harris,elizabeth.harris387@email.com,+1-912-228-8040,1973-06-05,Female,2023-01-13,Active
C01714,Isabella,Brown,isabella.brown449@email.com,+1-320-730-7024,1987-06-02,Male,2024-01-06,Active
C01715,Jackson,Robinson,jackson.robinson60@email.com,+1-443-337-2507,1994-05-31,Male,2023-05-09,Active
C01716,Sofia,White,sofia.white771@email.com,+1-749-681-1750,1993-05-31,Other,2024-12-16,Active
C01717,Noah,Williams,noah.williams59@email.com,+1-329-549-3958,1988-06-01,Male,2024-03-17,Active
C01718,Emily,Martin,emily.martin671@email.com,+1-450-399-3125,1978-06-04,Female,2023-04-21,Active
C01719,Mason,Perez,mason.perez79@email.com,+1-278-356-9907,1963-06-08,Female,2024-06-04,Active
C01720,Emily,Lewis,emily.lewis938@email.com,+1-425-554-5959,1990-06-01,Other,2023-12-22,Active
C01721,Lucas,Taylor,lucas.taylor915@email.com,+1-473-426-9870,2005-05-28,Male,2023-08-04,Active
C01722,Emily,Lewis,emily.lewis421@email.com,+1-922-736-8966,1995-05-31,Male,2024-03-20,Active
C01723,Isabella,Clark,isabella.clark534@email.com,+1-436-412-4453,1962-06-08,Female,2024-08-28,Active
C01724,William,Johnson,william.johnson241@email.com,+1-915-550-8434,1977-06-04,Male,2024-09-06,Active
C01725,Olivia,Rodriguez,olivia.rodriguez285@email.com,+1-802-493-5921,1991-06-01,Male,2024-10-06,Active
C01726,Andrew,Gonzalez,andrew.gonzalez508@email.com,+1-219-983-7268,2006-05-28,Female,2023-12-04,Active
C01727,Amelia,Miller,amelia.miller389@email.com,+1-388-775-8062,1966-06-07,Male,2023-07-05,Active
C01728,Alexander,Johnson,alexander.johnson555@email.com,+1-981-456-1425,1955-06-10,Female,2023-04-18,Active
C01729,Harper,Sanchez,harper.sanchez772@email.com,+1-805-321-1448,1955-06-10,Other,2024-01-17,Active
C01730,Andrew,Wilson,andrew.wilson887@email.com,+1-637-901-1935,1984-06-02,Other,2024-09-11,Active
C01731,Evelyn,Ramirez,evelyn.ramirez961@email.com,+1-747-574-7944,1972-06-05,Other,2023-05-25,Active
C01732,Samuel,Rodriguez,samuel.rodriguez167@email.com,+1-590-578-4903,1991-06-01,Male,2024-08-18,Active
C01733,Henry,Williams,henry.williams256@email.com,+1-989-655-5846,1983-06-03,Other,2024-01-21,Active
C01734,Olivia,Martin,olivia.martin281@email.com,+1-570-375-5104,2008-05-27,Other,2023-03-04,Active
C01735,Mason,Martinez,mason.martinez583@email.com,+1-876-428-5333,1979-06-04,Female,2024-07-01,Active
C01736,Liam,Anderson,liam.anderson10@email.com,+1-677-137-6877,1954-06-10,Other,2023-08-28,Active
C01737,Sebastian,Miller,sebastian.miller419@email.com,+1-259-693-2303,1973-06-05,Other,2024-03-23,Active
C01738,Abigail,Williams,abigail.williams452@email.com,+1-384-364-5524,2000-05-29,Female,2024-04-10,Active
C01739,Amelia,Lee,amelia.lee179@email.com,+1-350-992-1812,1967-06-07,Male,2024-05-07,Active
C01740,Olivia,Garcia,olivia.garcia701@email.com,+1-718-981-8214,2006-05-28,Female,2023-05-18,Active
C01741,Sebastian,Thompson,sebastian.thompson234@email.com,+1-262-831-5244,1965-06-07,Male,2024-04-12,Active
C01742,Emily,Moore,emily.moore736@email.com,+1-245-714-4845,2004-05-28,Male,2024-01-08,Active
C01743,Scarlett,Anderson,scarlett.anderson116@email.com,+1-723-179-4882,1972-06-05,Female,2024-06-06,Active
C01744,Daniel,Clark,daniel.clark843@email.com,+1-897-525-2169,1952-06-10,Female,2023-03-15,Active
C01745,Evelyn,Jones,evelyn.jones26@email.com,+1-534-721-6902,1951-06-11,Female,2024-01-23,Active
C01746,Daniel,Thomas,daniel.thomas966@email.com,+1-501-736-1510,2006-05-28,Female,2024-07-20,Active
C01747,Evelyn,Robinson,evelyn.robinson154@email.com,+1-805-126-2740,1957-06-09,Male,2023-04-18,Active
C01748,Abigail,Taylor,abigail.taylor733@email.com,+1-999-859-9326,1986-06-02,Other,2023-05-16,Active
C01749,Benjamin,Gonzalez,benjamin.gonzalez851@email.com,+1-796-133-3458,2003-05-29,Other,2023-12-07,Active
C01750,Ava,Robinson,ava.robinson230@email.com,+1-778-615-9982,1962-06-08,Other,2023-10-30,Active
C01751,Mason,Ramirez,mason.ramirez900@email.com,+1-740-917-1842,1966-06-07,Female,2023-04-20,Active
C01752,Samuel,Taylor,samuel.taylor452@email.com,+1-524-375-4195,1993-05-31,Female,2023-05-22,Active
C01753,Michael,Davis,michael.davis819@email.com,+1-986-470-4782,1961-06-08,Female,2023-09-22,Active
C01754,Mason,Thompson,mason.thompson247@email.com,+1-655-850-7716,1986-06-02,Male,2023-12-27,Active
C01755,Sebastian,Taylor,sebastian.taylor79@email.com,+1-570-769-8932,1980-06-03,Male,2023-04-22,Active
C01756,Sofia,Davis,sofia.davis584@email.com,+1-328-650-5013,1971-06-06,Other,2023-11-10,Active
C01757,Isabella,Martin,isabella.martin267@email.com,+1-493-449-6142,1982-06-03,Male,2024-09-02,Active
C01758,Sofia,Taylor,sofia.taylor152@email.com,+1-789-606-4245,2008-05-27,Female,2024-06-30,Active
C01759,Mia,Brown,mia.brown429@email.com,+1-469-883-8698,1953-06-10,Male,2024-09-19,Active
C01760,Olivia,Clark,olivia.clark442@email.com,+1-224-806-3735,1976-06-04,Male,2024-10-18,Active
C01761,Samuel,Robinson,samuel.robinson398@email.com,+1-632-462-3088,1973-06-05,Other,2023-11-16,Active
C01762,Lucas,Thompson,lucas.thompson301@email.com,+1-321-444-6515,1969-06-06,Other,2023-05-06,Active
C01763,Sophia,White,sophia.white47@email.com,+1-275-856-6815,1968-06-06,Female,2023-09-29,Active
C01764,Avery,White,avery.white855@email.com,+1-646-396-8816,1962-06-08,Male,2023-01-15,Active
C01765,James,White,james.white785@email.com,+1-803-939-9345,1951-06-11,Male,2024-10-07,Active
C01766,Emma,Jackson,emma.jackson608@email.com,+1-578-790-8430,1980-06-03,Female,2023-12-09,Active
C01767,James,Taylor,james.taylor740@email.com,+1-802-386-2587,1977-06-04,Female,2024-05-08,Active
C01768,Michael,Johnson,michael.johnson578@email.com,+1-730-637-9326,1988-06-01,Female,2023-10-22,Active
C01769,Elizabeth,Hernandez,elizabeth.hernandez776@email.com,+1-382-246-1687,1975-06-05,Female,2024-05-30,Active
C01770,Henry,Jackson,henry.jackson901@email.com,+1-830-421-2629,1998-05-30,Female,2024-01-11,Active
C01771,Mason,Martinez,mason.martinez281@email.com,+1-698-549-4664,1992-05-31,Female,2024-07-11,Active
C01772,Victoria,Harris,victoria.harris109@email.com,+1-437-782-5565,1995-05-31,Male,2024-08-09,Active
C01773,Sebastian,Clark,sebastian.clark521@email.com,+1-972-272-1448,1951-06-11,Male,2023-04-29,Active
C01774,Grace,Moore,grace.moore819@email.com,+1-399-106-9001,1995-05-31,Female,2024-12-05,Active
C01775,Evelyn,Jackson,evelyn.jackson437@email.com,+1-949-555-9534,1990-06-01,Female,2024-08-24,Active
C01776,Mason,Thompson,mason.thompson724@email.com,+1-322-555-8082,2003-05-29,Female,2023-08-14,Active
C01777,Isabella,Rodriguez,isabella.rodriguez750@email.com,+1-884-219-6795,1958-06-09,Other,2024-10-12,Active
C01778,Amelia,White,amelia.white77@email.com,+1-534-260-9307,1979-06-04,Female,2024-01-23,Active
C01779,Scarlett,Perez,scarlett.perez796@email.com,+1-275-823-6157,2002-05-29,Female,2024-11-22,Active
C01780,Samuel,Hernandez,samuel.hernandez195@email.com,+1-771-776-1583,2008-05-27,Other,2023-03-23,Active
C01781,Lucas,Jones,lucas.jones601@email.com,+1-585-993-4607,1992-05-31,Male,2023-02-11,Active
C01782,Ella,Jones,ella.jones497@email.com,+1-391-851-9138,1996-05-30,Male,2024-03-17,Active
C01783,Ethan,Taylor,ethan.taylor878@email.com,+1-940-867-4509,2004-05-28,Female,2024-12-28,Active
C01784,Joseph,Moore,joseph.moore626@email.com,+1-413-827-3918,1964-06-07,Female,2024-11-22,Active
C01785,Harper,Martin,harper.martin390@email.com,+1-846-697-4845,1978-06-04,Female,2023-03-19,Active
C01786,Samuel,Perez,samuel.perez978@email.com,+1-384-998-5916,1966-06-07,Female,2024-05-08,Active
C01787,Joseph,Thomas,joseph.thomas816@email.com,+1-845-501-6851,1990-06-01,Female,2023-06-24,Active
C01788,Sophia,Davis,sophia.davis116@email.com,+1-973-882-5706,1988-06-01,Female,2023-10-29,Active
C01789,Lucas,Perez,lucas.perez436@email.com,+1-318-280-8614,2001-05-29,Other,2024-02-09,Active
C01790,Emily,Thompson,emily.thompson408@email.com,+1-921-231-8925,1982-06-03,Other,2023-08-19,Active
C01791,Lucas,Smith,lucas.smith298@email.com,+1-474-619-4524,1973-06-05,Male,2023-11-09,Active
C01792,Abigail,Rodriguez,abigail.rodriguez692@email.com,+1-525-521-7412,1983-06-03,Female,2023-10-06,Active
C01793,Harper,Robinson,harper.robinson56@email.com,+1-474-597-4587,1956-06-09,Other,2024-01-19,Active
C01794,Olivia,Martinez,olivia.martinez459@email.com,+1-619-326-3728,1959-06-09,Male,2023-07-02,Active
C01795,Mason,Martin,mason.martin626@email.com,+1-537-232-9843,2007-05-28,Other,2024-12-11,Active
C01796,Elizabeth,Williams,elizabeth.williams800@email.com,+1-921-441-6778,1967-06-07,Male,2023-06-14,Active
C01797,Noah,Taylor,noah.taylor216@email.com,+1-570-648-4251,1983-06-03,Other,2024-07-24,Active
C01798,Amelia,Martinez,amelia.martinez821@email.com,+1-365-482-6431,1973-06-05,Male,2023-11-04,Active
C01799,Lucas,Smith,lucas.smith37@email.com,+1-220-873-9627,1983-06-03,Other,2024-09-18,Active
C01800,Joseph,Johnson,joseph.johnson161@email.com,+1-489-408-1397,1959-06-09,Other,2024-05-10,Active
C01801,Lucas,Johnson,lucas.johnson279@email.com,+1-967-226-7190,2000-05-29,Female,2023-03-01,Active
C01802,Henry,Ramirez,henry.ramirez87@email.com,+1-278-175-9265,1982-06-03,Other,2023-01-11,Active
C01803,Liam,Smith,liam.smith761@email.com,+1-754-719-3487,1971-06-06,Other,2024-09-25,Active
C01804,Matthew,Miller,matthew.miller852@email.com,+1-820-979-6114,1976-06-04,Female,2024-02-04,Active
C01805,Liam,Martinez,liam.martinez281@email.com,+1-669-307-2633,1972-06-05,Other,2024-04-05,Active
C01806,Ella,Gonzalez,ella.gonzalez299@email.com,+1-639-195-4641,1991-06-01,Other,2023-11-11,Active
C01807,Ella,Martinez,ella.martinez930@email.com,+1-919-646-9300,2007-05-28,Female,2024-04-25,Active
C01808,Joseph,White,joseph.white404@email.com,+1-581-881-9955,1994-05-31,Female,2024-09-12,Active
C01809,Chloe,Smith,chloe.smith407@email.com,+1-989-337-8325,1972-06-05,Female,2023-12-19,Active
C01810,Sophia,Lee,sophia.lee319@email.com,+1-540-247-2370,1998-05-30,Other,2024-09-25,Active
C01811,Benjamin,Ramirez,benjamin.ramirez965@email.com,+1-701-707-5095,1983-06-03,Male,2024-10-07,Active
C01812,Andrew,Clark,andrew.clark485@email.com,+1-735-840-4808,1992-05-31,Female,2024-11-01,Active
C01813,Sofia,Martinez,sofia.martinez759@email.com,+1-545-954-3467,1964-06-07,Female,2024-11-24,Active
C01814,Chloe,Martin,chloe.martin417@email.com,+1-205-374-4427,1974-06-05,Female,2023-06-05,Active
C01815,Joseph,Hernandez,joseph.hernandez983@email.com,+1-867-341-6272,1978-06-04,Other,2023-09-16,Active
C01816,Scarlett,Moore,scarlett.moore880@email.com,+1-957-850-2334,1964-06-07,Female,2024-09-15,Active
C01817,Ava,Gonzalez,ava.gonzalez131@email.com,+1-975-113-3655,2001-05-29,Other,2023-07-18,Active
C01818,Mia,Miller,mia.miller449@email.com,+1-316-139-7949,1968-06-06,Male,2023-08-12,Active
C01819,Samuel,Thomas,samuel.thomas144@email.com,+1-966-995-9963,2008-05-27,Female,2023-10-30,Active
C01820,Evelyn,Brown,evelyn.brown446@email.com,+1-501-837-5441,1969-06-06,Female,2023-07-15,Active
C01821,Daniel,Jackson,daniel.jackson666@email.com,+1-369-244-5754,1995-05-31,Other,2023-07-15,Active
C01822,Andrew,Thompson,andrew.thompson381@email.com,+1-731-719-5116,1995-05-31,Female,2023-09-05,Active
C01823,Michael,Robinson,michael.robinson765@email.com,+1-937-972-3217,1963-06-08,Other,2024-07-16,Active
C01824,Ella,Smith,ella.smith326@email.com,+1-626-283-3463,2008-05-27,Male,2023-09-07,Active
C01825,Alexander,Thompson,alexander.thompson193@email.com,+1-404-810-2537,1987-06-02,Female,2023-06-30,Active
C01826,Sophia,Johnson,sophia.johnson640@email.com,+1-679-708-3563,1968-06-06,Female,2024-10-24,Active
C01827,Sebastian,Lewis,sebastian.lewis232@email.com,+1-553-743-1231,1990-06-01,Female,2024-06-17,Active
C01828,Jackson,Jackson,jackson.jackson747@email.com,+1-513-476-7607,1974-06-05,Other,2024-04-15,Active
C01829,Charlotte,Williams,charlotte.williams607@email.com,+1-356-205-4546,1992-05-31,Male,2024-03-20,Active
C01830,Chloe,Brown,chloe.brown130@email.com,+1-734-701-7274,1959-06-09,Other,2024-01-28,Active
C01831,John,Martin,john.martin284@email.com,+1-954-992-8756,2008-05-27,Male,2024-05-31,Active
C01832,Amelia,Miller,amelia.miller94@email.com,+1-829-250-3348,1953-06-10,Female,2024-07-16,Active
C01833,Emma,Hernandez,emma.hernandez80@email.com,+1-253-240-9383,1966-06-07,Female,2023-10-08,Active
C01834,Ella,Hernandez,ella.hernandez310@email.com,+1-712-878-2921,1983-06-03,Other,2024-04-29,Active
C01835,Elizabeth,Harris,elizabeth.harris395@email.com,+1-923-585-6816,1988-06-01,Other,2024-02-16,Active
C01836,Samuel,Williams,samuel.williams905@email.com,+1-819-962-4504,1955-06-10,Other,2024-07-14,Active
C01837,Henry,Thompson,henry.thompson147@email.com,+1-647-673-8235,1958-06-09,Other,2023-08-18,Active
C01838,Harper,Perez,harper.perez124@email.com,+1-771-545-6704,1953-06-10,Male,2024-07-02,Active
C01839,Daniel,Ramirez,daniel.ramirez478@email.com,+1-989-786-6668,1969-06-06,Male,2023-10-24,Active
C01840,Sebastian,Lewis,sebastian.lewis943@email.com,+1-395-491-7130,2008-05-27,Other,2024-07-01,Active
C01841,Charlotte,Anderson,charlotte.anderson370@email.com,+1-738-299-1091,1987-06-02,Female,2023-05-11,Active
C01842,Sophia,Robinson,sophia.robinson378@email.com,+1-459-614-1212,2006-05-28,Female,2023-04-20,Active
C01843,Henry,Lee,henry.lee491@email.com,+1-607-144-5145,2005-05-28,Other,2024-03-26,Active
C01844,Chloe,Clark,chloe.clark32@email.com,+1-935-582-8446,1978-06-04,Male,2023-08-17,Active
C01845,Grace,Sanchez,grace.sanchez107@email.com,+1-239-478-1472,1999-05-30,Other,2023-04-14,Active
C01846,James,Ramirez,james.ramirez872@email.com,+1-334-184-7874,1980-06-03,Male,2024-08-31,Active
C01847,Noah,Hernandez,noah.hernandez100@email.com,+1-757-384-4181,1961-06-08,Other,2023-03-02,Active
C01848,Liam,Hernandez,liam.hernandez858@email.com,+1-888-968-6185,1951-06-11,Male,2023-01-05,Active
C01849,John,White,john.white967@email.com,+1-575-628-1232,1982-06-03,Female,2023-02-20,Active
C01850,Noah,Williams,noah.williams198@email.com,+1-979-613-3416,1997-05-30,Male,2024-04-02,Active
C01851,Avery,Johnson,avery.johnson283@email.com,+1-823-303-9281,1968-06-06,Male,2023-11-08,Active
C01852,Emma,Martinez,emma.martinez281@email.com,+1-774-459-2928,1972-06-05,Female,2024-01-17,Active
C01853,Ethan,Jackson,ethan.jackson953@email.com,+1-674-190-2904,1962-06-08,Male,2024-09-30,Active
C01854,Ethan,Garcia,ethan.garcia326@email.com,+1-805-741-1329,1995-05-31,Male,2024-07-11,Active
C01855,Daniel,Anderson,daniel.anderson84@email.com,+1-941-352-6042,1951-06-11,Other,2023-02-03,Active
C01856,Charlotte,White,charlotte.white774@email.com,+1-955-235-6087,1963-06-08,Female,2024-11-07,Active
C01857,Evelyn,Garcia,evelyn.garcia286@email.com,+1-343-678-6169,1955-06-10,Male,2023-11-04,Active
C01858,Charlotte,Rodriguez,charlotte.rodriguez905@email.com,+1-404-281-5832,1980-06-03,Other,2024-04-10,Active
C01859,Harper,Williams,harper.williams502@email.com,+1-563-692-6957,1975-06-05,Other,2024-01-09,Active
C01860,Avery,Clark,avery.clark647@email.com,+1-903-951-3793,1984-06-02,Other,2024-11-24,Active
C01861,William,Moore,william.moore583@email.com,+1-415-819-8108,1957-06-09,Other,2024-01-11,Active
C01862,Evelyn,Miller,evelyn.miller351@email.com,+1-916-615-5406,1959-06-09,Other,2024-09-30,Active
C01863,Benjamin,Rodriguez,benjamin.rodriguez224@email.com,+1-678-367-1515,1966-06-07,Other,2024-09-04,Active
C01864,James,Thomas,james.thomas144@email.com,+1-678-700-6291,1984-06-02,Other,2023-12-16,Active
C01865,John,Lewis,john.lewis35@email.com,+1-530-818-2713,1953-06-10,Female,2023-03-28,Active
C01866,Emma,Garcia,emma.garcia432@email.com,+1-686-442-6516,1997-05-30,Male,2023-03-09,Active
C01867,Emily,Martinez,emily.martinez167@email.com,+1-678-659-4050,1957-06-09,Female,2024-12-09,Active
C01868,Andrew,Anderson,andrew.anderson608@email.com,+1-789-811-8126,1955-06-10,Female,2023-11-19,Active
C01869,Lucas,Rodriguez,lucas.rodriguez741@email.com,+1-582-715-6535,1983-06-03,Other,2023-08-25,Active
C01870,Alexander,Johnson,alexander.johnson995@email.com,+1-439-881-9306,1981-06-03,Female,2024-09-12,Active
C01871,Henry,Jackson,henry.jackson411@email.com,+1-807-129-3687,1989-06-01,Male,2023-07-26,Active
C01872,Victoria,Thompson,victoria.thompson966@email.com,+1-736-303-3286,1987-06-02,Other,2024-08-20,Active
C01873,Noah,Williams,noah.williams317@email.com,+1-984-244-6670,1998-05-30,Female,2023-09-19,Active
C01874,David,Smith,david.smith675@email.com,+1-351-305-3819,2003-05-29,Female,2024-02-27,Active
C01875,James,Davis,james.davis879@email.com,+1-408-547-2477,1965-06-07,Male,2024-04-25,Active
C01876,Sebastian,Ramirez,sebastian.ramirez795@email.com,+1-583-105-8820,2002-05-29,Female,2024-07-21,Active
C01877,Ella,Moore,ella.moore704@email.com,+1-603-815-4481,1984-06-02,Other,2023-09-05,Active
C01878,David,Thompson,david.thompson249@email.com,+1-981-198-7350,1960-06-08,Female,2024-08-22,Active
C01879,Isabella,Gonzalez,isabella.gonzalez792@email.com,+1-534-389-7956,1974-06-05,Female,2023-04-30,Active
C01880,Ava,Lopez,ava.lopez501@email.com,+1-885-858-1440,1997-05-30,Other,2024-05-18,Active
C01881,Lucas,Lopez,lucas.lopez371@email.com,+1-548-613-1026,1960-06-08,Other,2023-04-16,Active
C01882,Matthew,Robinson,matthew.robinson80@email.com,+1-861-335-3262,2006-05-28,Male,2023-08-08,Active
C01883,Benjamin,Martinez,benjamin.martinez446@email.com,+1-295-447-7292,1981-06-03,Male,2023-03-03,Active
C01884,William,Martinez,william.martinez319@email.com,+1-596-791-8875,1982-06-03,Female,2024-11-26,Active
C01885,James,Garcia,james.garcia408@email.com,+1-898-629-2743,1986-06-02,Male,2023-09-12,Active
C01886,Sophia,Lee,sophia.lee884@email.com,+1-614-922-1200,2000-05-29,Female,2024-07-20,Active
C01887,Chloe,Taylor,chloe.taylor394@email.com,+1-902-565-1189,1966-06-07,Other,2023-08-22,Active
C01888,Matthew,Wilson,matthew.wilson790@email.com,+1-255-410-7962,1968-06-06,Other,2024-04-11,Active
C01889,Mason,Martin,mason.martin827@email.com,+1-661-614-7108,1987-06-02,Other,2023-09-04,Active
C01890,Grace,Lopez,grace.lopez115@email.com,+1-383-534-9711,2003-05-29,Other,2023-12-05,Active
C01891,William,Smith,william.smith346@email.com,+1-924-704-5224,1956-06-09,Other,2024-06-12,Active
C01892,Andrew,White,andrew.white894@email.com,+1-665-545-1795,2006-05-28,Female,2023-09-13,Active
C01893,Mason,Ramirez,mason.ramirez502@email.com,+1-671-475-1820,1985-06-02,Other,2023-04-28,Active
C01894,Harper,Wilson,harper.wilson346@email.com,+1-891-403-1385,1997-05-30,Female,2023-06-25,Active
C01895,Evelyn,Lopez,evelyn.lopez428@email.com,+1-217-557-6318,2006-05-28,Other,2024-03-02,Active
C01896,Victoria,Brown,victoria.brown366@email.com,+1-949-137-9704,1997-05-30,Male,2023-11-22,Active
C01897,Ethan,Moore,ethan.moore97@email.com,+1-329-844-3369,1981-06-03,Female,2023-03-24,Active
C01898,Henry,Lopez,henry.lopez996@email.com,+1-669-805-4999,1979-06-04,Other,2023-07-14,Active
C01899,Olivia,Williams,olivia.williams335@email.com,+1-581-139-3404,1968-06-06,Other,2023-04-18,Active
C01900,Sophia,Gonzalez,sophia.gonzalez525@email.com,+1-942-180-6534,1989-06-01,Other,2023-03-20,Active
C01901,Jackson,Gonzalez,jackson.gonzalez23@email.com,+1-388-864-5208,1952-06-10,Other,2023-03-04,Active
C01902,Ethan,Clark,ethan.clark935@email.com,+1-643-219-4139,1989-06-01,Female,2023-05-27,Active
C01903,Andrew,Taylor,andrew.taylor553@email.com,+1-449-810-1800,1978-06-04,Other,2023-12-14,Active
C01904,Benjamin,Harris,benjamin.harris958@email.com,+1-647-381-4042,1966-06-07,Other,2024-03-23,Active
C01905,Olivia,Martin,olivia.martin409@email.com,+1-385-794-5668,1982-06-03,Male,2024-03-27,Active
C01906,Benjamin,Smith,benjamin.smith801@email.com,+1-624-772-3126,1979-06-04,Female,2024-03-25,Active
C01907,Victoria,Sanchez,victoria.sanchez651@email.com,+1-525-199-4626,1963-06-08,Male,2024-05-15,Active
C01908,Abigail,Davis,abigail.davis66@email.com,+1-826-394-8547,1968-06-06,Female,2023-05-09,Active
C01909,Victoria,Hernandez,victoria.hernandez555@email.com,+1-598-587-1205,1988-06-01,Female,2024-01-15,Active
C01910,Emily,Clark,emily.clark456@email.com,+1-355-573-9175,1964-06-07,Other,2024-05-30,Active
C01911,Mia,Perez,mia.perez400@email.com,+1-461-512-1528,2003-05-29,Other,2023-02-24,Active
C01912,Joseph,Moore,joseph.moore354@email.com,+1-285-312-9676,1990-06-01,Female,2023-12-19,Active
C01913,Abigail,Anderson,abigail.anderson691@email.com,+1-678-130-3554,1998-05-30,Other,2023-04-02,Active
C01914,Andrew,Lopez,andrew.lopez579@email.com,+1-641-525-1383,1961-06-08,Other,2024-03-16,Active
C01915,Joseph,Davis,joseph.davis385@email.com,+1-750-234-7200,2002-05-29,Male,2023-04-20,Active
C01916,Matthew,Miller,matthew.miller217@email.com,+1-313-684-5740,1959-06-09,Male,2024-07-02,Active
C01917,Matthew,Moore,matthew.moore419@email.com,+1-560-869-4567,1991-06-01,Other,2023-10-30,Active
C01918,Abigail,Harris,abigail.harris372@email.com,+1-845-208-6206,1974-06-05,Other,2023-08-05,Active
C01919,Matthew,Davis,matthew.davis880@email.com,+1-613-606-8600,1998-05-30,Female,2024-03-13,Active
C01920,James,Gonzalez,james.gonzalez296@email.com,+1-203-645-6473,1997-05-30,Other,2023-09-13,Active
C01921,Sophia,Gonzalez,sophia.gonzalez595@email.com,+1-868-528-7852,1968-06-06,Male,2023-11-07,Active
C01922,Liam,Martin,liam.martin230@email.com,+1-341-724-9247,1972-06-05,Other,2024-10-10,Active
C01923,Sofia,Smith,sofia.smith333@email.com,+1-824-355-3727,1978-06-04,Other,2023-05-29,Active
C01924,Ethan,Lopez,ethan.lopez24@email.com,+1-960-715-7378,1953-06-10,Other,2023-06-15,Active
C01925,Charlotte,Ramirez,charlotte.ramirez936@email.com,+1-365-568-7046,1978-06-04,Male,2024-04-30,Active
C01926,Charlotte,Hernandez,charlotte.hernandez136@email.com,+1-500-166-1506,1979-06-04,Other,2024-06-03,Active
C01927,David,Davis,david.davis701@email.com,+1-817-554-4963,1976-06-04,Female,2024-07-03,Active
C01928,Mason,Sanchez,mason.sanchez619@email.com,+1-539-993-3609,1962-06-08,Female,2024-04-25,Active
C01929,Ava,Smith,ava.smith767@email.com,+1-233-798-7657,1953-06-10,Female,2023-07-18,Active
C01930,Elizabeth,Williams,elizabeth.williams802@email.com,+1-627-366-9803,1959-06-09,Other,2024-08-30,Active
C01931,Victoria,Lee,victoria.lee547@email.com,+1-931-124-8184,2005-05-28,Other,2023-08-27,Active
C01932,Evelyn,Sanchez,evelyn.sanchez408@email.com,+1-942-887-1653,1963-06-08,Female,2023-12-25,Active
C01933,Scarlett,Lee,scarlett.lee666@email.com,+1-650-538-3032,1954-06-10,Male,2024-09-16,Active
C01934,Harper,Harris,harper.harris846@email.com,+1-793-871-2831,1982-06-03,Female,2024-07-11,Active
C01935,Michael,Jones,michael.jones935@email.com,+1-448-914-8906,2002-05-29,Female,2024-05-30,Active
C01936,Michael,Lee,michael.lee711@email.com,+1-275-569-9053,1987-06-02,Female,2024-04-25,Active
C01937,Evelyn,Thompson,evelyn.thompson456@email.com,+1-538-906-8378,1972-06-05,Female,2023-01-15,Active
C01938,Henry,Martin,henry.martin37@email.com,+1-979-243-3425,2007-05-28,Female,2023-07-16,Active
C01939,Amelia,Lewis,amelia.lewis380@email.com,+1-777-471-5771,1998-05-30,Other,2024-02-21,Active
C01940,Chloe,Lee,chloe.lee313@email.com,+1-686-830-8206,1999-05-30,Female,2023-02-11,Active
C01941,Isabella,Jones,isabella.jones623@email.com,+1-499-979-7295,1994-05-31,Other,2024-04-12,Active
C01942,Liam,Ramirez,liam.ramirez217@email.com,+1-797-410-3430,1992-05-31,Male,2023-05-13,Active
C01943,Daniel,White,daniel.white521@email.com,+1-963-991-9467,1969-06-06,Female,2023-11-12,Active
C01944,Mia,Lopez,mia.lopez660@email.com,+1-359-701-9209,1985-06-02,Other,2024-02-14,Active
C01945,Elizabeth,Ramirez,elizabeth.ramirez949@email.com,+1-696-763-3770,1997-05-30,Female,2023-07-13,Active
C01946,Ella,Lewis,ella.lewis389@email.com,+1-214-784-2060,1989-06-01,Male,2024-01-16,Active
C01947,Benjamin,Davis,benjamin.davis154@email.com,+1-484-723-2959,1986-06-02,Male,2023-03-07,Active
C01948,Joseph,Anderson,joseph.anderson584@email.com,+1-853-112-9587,1996-05-30,Other,2024-05-12,Active
C01949,Daniel,Perez,daniel.perez34@email.com,+1-608-741-2619,2004-05-28,Other,2024-01-29,Active
C01950,Henry,Moore,henry.moore985@email.com,+1-747-966-9810,1980-06-03,Male,2024-10-11,Active
C01951,Chloe,Taylor,chloe.taylor254@email.com,+1-450-362-3993,1954-06-10,Other,2023-01-25,Active
C01952,Lucas,Davis,lucas.davis707@email.com,+1-934-567-3907,1991-06-01,Other,2024-11-20,Active
C01953,Sebastian,Rodriguez,sebastian.rodriguez94@email.com,+1-960-294-2043,1989-06-01,Other,2024-08-18,Active
C01954,Noah,Miller,noah.miller234@email.com,+1-449-699-8819,1974-06-05,Male,2023-09-13,Active
C01955,Noah,Hernandez,noah.hernandez809@email.com,+1-849-174-4218,1980-06-03,Male,2023-08-30,Active
C01956,Ethan,Thomas,ethan.thomas203@email.com,+1-302-655-4522,1989-06-01,Female,2023-04-29,Active
C01957,Chloe,Smith,chloe.smith596@email.com,+1-640-981-2827,1996-05-30,Other,2023-10-05,Active
C01958,John,Sanchez,john.sanchez651@email.com,+1-829-873-8475,1960-06-08,Female,2024-12-31,Active
C01959,Sofia,Martin,sofia.martin278@email.com,+1-704-746-3892,1978-06-04,Other,2024-01-30,Active
C01960,Scarlett,Martinez,scarlett.martinez975@email.com,+1-860-406-5328,1987-06-02,Male,2023-07-06,Active
C01961,Henry,Perez,henry.perez575@email.com,+1-715-416-8209,1977-06-04,Male,2024-09-08,Active
C01962,Emma,Hernandez,emma.hernandez915@email.com,+1-721-581-9122,2004-05-28,Male,2024-07-17,Active
C01963,Jackson,Perez,jackson.perez312@email.com,+1-296-982-8261,1965-06-07,Other,2024-01-16,Active
C01964,Grace,Clark,grace.clark188@email.com,+1-398-897-2781,1989-06-01,Male,2024-05-08,Active
C01965,Scarlett,Martinez,scarlett.martinez328@email.com,+1-984-643-8731,1989-06-01,Other,2024-09-17,Active
C01966,Andrew,Miller,andrew.miller585@email.com,+1-888-258-6304,1959-06-09,Male,2024-07-24,Active
C01967,Matthew,Sanchez,matthew.sanchez176@email.com,+1-361-724-3574,1978-06-04,Other,2024-02-02,Active
C01968,Victoria,Sanchez,victoria.sanchez427@email.com,+1-998-843-5413,1978-06-04,Female,2024-05-11,Active
C01969,Alexander,Lopez,alexander.lopez149@email.com,+1-513-441-6798,1989-06-01,Female,2024-02-13,Active
C01970,Jackson,Jackson,jackson.jackson403@email.com,+1-980-527-1092,1982-06-03,Male,2023-11-14,Active
C01971,Emily,Lee,emily.lee825@email.com,+1-343-567-5492,1996-05-30,Other,2024-12-12,Active
C01972,Benjamin,Perez,benjamin.perez734@email.com,+1-462-401-7119,1981-06-03,Female,2024-12-07,Active
C01973,Elizabeth,Hernandez,elizabeth.hernandez572@email.com,+1-773-856-4267,1976-06-04,Other,2024-05-25,Active
C01974,Avery,Ramirez,avery.ramirez281@email.com,+1-309-176-4983,1962-06-08,Female,2024-07-20,Active
C01975,Ella,White,ella.white608@email.com,+1-681-147-7390,1977-06-04,Other,2023-01-27,Active
C01976,Lucas,Rodriguez,lucas.rodriguez622@email.com,+1-800-484-1971,1968-06-06,Male,2024-09-19,Active
C01977,Michael,Rodriguez,michael.rodriguez551@email.com,+1-578-548-5656,2000-05-29,Female,2024-09-09,Active
C01978,Ava,Hernandez,ava.hernandez794@email.com,+1-950-523-3486,1989-06-01,Other,2024-07-30,Active
C01979,Chloe,Miller,chloe.miller576@email.com,+1-290-548-5017,1974-06-05,Other,2024-01-31,Active
C01980,Harper,Moore,harper.moore544@email.com,+1-498-806-1358,1953-06-10,Male,2024-08-10,Active
C01981,Abigail,Ramirez,abigail.ramirez370@email.com,+1-991-556-4519,1979-06-04,Female,2024-06-26,Active
C01982,Amelia,Anderson,amelia.anderson371@email.com,+1-541-303-5243,1961-06-08,Other,2024-04-14,Active
C01983,Liam,Jones,liam.jones123@email.com,+1-857-520-8001,1957-06-09,Female,2023-11-22,Active
C01984,Noah,Clark,noah.clark542@email.com,+1-261-624-7119,1981-06-03,Other,2024-12-15,Active
C01985,Olivia,Taylor,olivia.taylor895@email.com,+1-534-909-9827,1972-06-05,Female,2023-08-16,Active
C01986,Michael,Lee,michael.lee69@email.com,+1-952-177-2509,1974-06-05,Male,2023-06-09,Active
C01987,Mia,Sanchez,mia.sanchez526@email.com,+1-289-687-8675,1996-05-30,Other,2023-04-17,Active
C01988,Ava,Harris,ava.harris701@email.com,+1-641-937-5536,1952-06-10,Female,2023-09-12,Active
C01989,William,Lee,william.lee339@email.com,+1-274-286-6567,1959-06-09,Other,2023-09-24,Active
C01990,Jackson,Lewis,jackson.lewis22@email.com,+1-611-688-5813,1955-06-10,Other,2024-12-25,Active
C01991,Elizabeth,Smith,elizabeth.smith9@email.com,+1-430-430-7998,1954-06-10,Female,2024-07-30,Active
C01992,Amelia,Jackson,amelia.jackson691@email.com,+1-986-434-9722,1966-06-07,Other,2023-09-20,Active
C01993,Charlotte,Harris,charlotte.harris842@email.com,+1-788-463-3500,1995-05-31,Male,2024-06-21,Active
C01994,Alexander,Garcia,alexander.garcia104@email.com,+1-226-646-1646,1986-06-02,Other,2024-08-23,Active
C01995,Ava,Hernandez,ava.hernandez892@email.com,+1-522-335-4421,1998-05-30,Female,2024-06-08,Active
C01996,Jackson,Rodriguez,jackson.rodriguez239@email.com,+1-422-890-6821,1952-06-10,Male,2024-12-04,Active
C01997,Avery,Brown,avery.brown855@email.com,+1-584-126-8273,2005-05-28,Female,2024-06-01,Active
C01998,Avery,Anderson,avery.anderson409@email.com,+1-403-310-7234,2003-05-29,Male,2023-05-07,Active
C01999,James,Taylor,james.taylor936@email.com,+1-792-841-9462,1960-06-08,Male,2024-08-29,Active
C02000,Benjamin,Brown,benjamin.brown964@email.com,+1-700-858-6871,1996-05-30,Female,2024-02-11,Active
C02001,Benjamin,Williams,benjamin.williams819@email.com,+1-719-468-8831,2001-05-29,Other,2024-04-14,Active
C02002,David,Smith,david.smith8@email.com,+1-589-922-7881,1986-06-02,Male,2023-11-18,Active
C02003,Daniel,Martinez,daniel.martinez857@email.com,+1-266-544-5926,2003-05-29,Other,2024-05-11,Active
C02004,Elizabeth,Lewis,elizabeth.lewis483@email.com,+1-216-381-6296,1954-06-10,Male,2024-11-15,Active
C02005,Lucas,Garcia,lucas.garcia579@email.com,+1-209-231-9497,1964-06-07,Male,2024-07-25,Active
C02006,Ella,Harris,ella.harris40@email.com,+1-262-710-4437,1985-06-02,Female,2023-02-24,Active
C02007,Andrew,Wilson,andrew.wilson844@email.com,+1-361-529-3824,1999-05-30,Other,2024-07-06,Active
C02008,James,Lopez,james.lopez901@email.com,+1-312-905-3660,1995-05-31,Female,2024-12-01,Active
C02009,Alexander,Gonzalez,alexander.gonzalez641@email.com,+1-582-961-5344,2007-05-28,Female,2023-04-05,Active
C02010,Liam,Hernandez,liam.hernandez30@email.com,+1-681-135-3364,1974-06-05,Male,2023-11-10,Active
C02011,Elizabeth,Harris,elizabeth.harris613@email.com,+1-939-637-3781,2008-05-27,Male,2024-07-23,Active
C02012,Emily,Lewis,emily.lewis229@email.com,+1-294-529-2086,1979-06-04,Female,2024-09-07,Active
C02013,Sofia,Ramirez,sofia.ramirez920@email.com,+1-749-550-3202,2008-05-27,Other,2023-04-24,Active
C02014,Alexander,Thomas,alexander.thomas481@email.com,+1-463-231-6290,1985-06-02,Other,2023-02-28,Active
C02015,Andrew,Perez,andrew.perez734@email.com,+1-298-589-9074,2000-05-29,Male,2023-05-27,Active
C02016,Amelia,Taylor,amelia.taylor133@email.com,+1-346-330-2346,1983-06-03,Other,2024-09-25,Active
C02017,Evelyn,Lewis,evelyn.lewis630@email.com,+1-307-355-4706,1962-06-08,Male,2024-04-19,Active
C02018,Alexander,Hernandez,alexander.hernandez728@email.com,+1-673-784-9518,1952-06-10,Other,2023-07-21,Active
C02019,Henry,Harris,henry.harris922@email.com,+1-334-435-7914,1999-05-30,Other,2023-12-14,Active
C02020,John,White,john.white958@email.com,+1-235-865-7308,1958-06-09,Male,2023-03-25,Active
C02021,Charlotte,Garcia,charlotte.garcia15@email.com,+1-346-749-1558,1983-06-03,Male,2024-05-02,Active
C02022,Abigail,Smith,abigail.smith586@email.com,+1-692-595-6634,1953-06-10,Other,2024-06-22,Active
C02023,Chloe,Gonzalez,chloe.gonzalez463@email.com,+1-419-564-5305,2001-05-29,Female,2023-06-22,Active
C02024,Henry,Lee,henry.lee787@email.com,+1-726-445-6525,1987-06-02,Female,2024-06-24,Active
C02025,Joseph,Harris,joseph.harris563@email.com,+1-667-779-2581,1960-06-08,Female,2023-02-16,Active
C02026,Samuel,Rodriguez,samuel.rodriguez65@email.com,+1-574-536-1416,2002-05-29,Male,2023-06-24,Active
C02027,Amelia,Anderson,amelia.anderson850@email.com,+1-313-223-5844,1989-06-01,Female,2024-08-24,Active
C02028,Avery,Wilson,avery.wilson567@email.com,+1-284-987-9269,1956-06-09,Female,2024-06-28,Active
C02029,Scarlett,Miller,scarlett.miller146@email.com,+1-896-327-1273,1961-06-08,Other,2024-06-11,Active
C02030,Emily,Taylor,emily.taylor616@email.com,+1-998-255-9692,1957-06-09,Male,2023-07-13,Active
C02031,Grace,Lopez,grace.lopez553@email.com,+1-435-810-9697,1998-05-30,Female,2024-07-14,Active
C02032,Sophia,Perez,sophia.perez170@email.com,+1-850-749-4707,1969-06-06,Other,2024-07-29,Active
C02033,Jackson,Ramirez,jackson.ramirez208@email.com,+1-485-150-7567,1951-06-11,Female,2024-03-03,Active
C02034,Samuel,Wilson,samuel.wilson916@email.com,+1-687-579-6274,1989-06-01,Other,2024-08-14,Active
C02035,Emma,Williams,emma.williams258@email.com,+1-925-669-6105,1969-06-06,Other,2024-06-01,Active
C02036,Victoria,Williams,victoria.williams61@email.com,+1-973-520-3298,1956-06-09,Female,2024-08-06,Active
C02037,Mia,Harris,mia.harris996@email.com,+1-448-500-3612,1983-06-03,Female,2023-03-11,Active
C02038,John,Miller,john.miller255@email.com,+1-558-172-4707,1951-06-11,Male,2024-03-24,Active
C02039,Matthew,Brown,matthew.brown744@email.com,+1-957-699-3487,1999-05-30,Female,2024-06-04,Active
C02040,Henry,Harris,henry.harris336@email.com,+1-211-752-2921,1975-06-05,Female,2023-07-17,Active
C02041,Sophia,Harris,sophia.harris644@email.com,+1-812-582-4804,1989-06-01,Female,2023-02-24,Active
C02042,Mason,Moore,mason.moore761@email.com,+1-824-565-3517,1987-06-02,Other,2024-10-20,Active
C02043,Henry,Johnson,henry.johnson391@email.com,+1-461-215-8643,1998-05-30,Other,2023-10-22,Active
C02044,Joseph,Harris,joseph.harris299@email.com,+1-430-635-2688,1970-06-06,Other,2024-10-02,Active
C02045,Victoria,Ramirez,victoria.ramirez372@email.com,+1-447-990-9102,1982-06-03,Female,2023-01-13,Active
C02046,Noah,Lee,noah.lee108@email.com,+1-988-386-5519,1976-06-04,Other,2024-04-18,Active
C02047,Michael,Wilson,michael.wilson683@email.com,+1-457-465-2361,1963-06-08,Male,2024-12-18,Active
C02048,Joseph,Davis,joseph.davis600@email.com,+1-706-326-8106,2002-05-29,Female,2023-02-19,Active
C02049,Joseph,Moore,joseph.moore622@email.com,+1-779-484-9502,2006-05-28,Female,2023-02-17,Active
C02050,Victoria,Brown,victoria.brown605@email.com,+1-858-200-2555,1985-06-02,Male,2024-09-02,Active
C02051,John,Perez,john.perez727@email.com,+1-818-531-7451,1967-06-07,Female,2024-11-21,Active
C02052,Avery,Ramirez,avery.ramirez472@email.com,+1-787-984-9564,1956-06-09,Female,2024-11-23,Active
C02053,Jackson,Perez,jackson.perez930@email.com,+1-226-321-3961,1987-06-02,Other,2024-12-07,Active
C02054,Sophia,Martinez,sophia.martinez943@email.com,+1-622-921-1464,1986-06-02,Female,2023-09-21,Active
C02055,Emily,Lopez,emily.lopez997@email.com,+1-454-383-8307,1979-06-04,Female,2024-11-13,Active
C02056,Harper,Harris,harper.harris813@email.com,+1-364-314-9966,1961-06-08,Female,2023-03-09,Active
C02057,Matthew,Harris,matthew.harris357@email.com,+1-999-935-3818,1987-06-02,Male,2023-08-08,Active
C02058,Emily,Martin,emily.martin552@email.com,+1-957-924-4728,2002-05-29,Female,2024-02-11,Active
C02059,Ethan,Lee,ethan.lee416@email.com,+1-520-736-9146,1960-06-08,Male,2023-03-18,Active
C02060,Elizabeth,Miller,elizabeth.miller272@email.com,+1-924-597-6744,1951-06-11,Female,2024-01-21,Active
C02061,Daniel,Harris,daniel.harris164@email.com,+1-372-430-1260,1971-06-06,Male,2024-09-08,Active
C02062,Alexander,Robinson,alexander.robinson519@email.com,+1-917-757-5853,1997-05-30,Other,2023-06-07,Active
C02063,Matthew,Martin,matthew.martin713@email.com,+1-277-303-2529,1970-06-06,Other,2024-09-30,Active
C02064,Matthew,Ramirez,matthew.ramirez270@email.com,+1-349-833-6573,1983-06-03,Female,2023-07-05,Active
C02065,Isabella,Robinson,isabella.robinson395@email.com,+1-306-965-5815,2003-05-29,Other,2023-04-13,Active
C02066,Abigail,Davis,abigail.davis454@email.com,+1-241-351-9978,1991-06-01,Other,2024-07-26,Active
C02067,Liam,Thomas,liam.thomas230@email.com,+1-911-324-5019,1967-06-07,Female,2024-05-14,Active
C02068,Benjamin,Jones,benjamin.jones13@email.com,+1-503-349-1340,1955-06-10,Female,2023-04-15,Active
C02069,Avery,Wilson,avery.wilson570@email.com,+1-764-681-4149,1954-06-10,Male,2023-11-05,Active
C02070,Samuel,Jackson,samuel.jackson410@email.com,+1-842-689-7342,1958-06-09,Other,2024-04-08,Active
C02071,Daniel,Sanchez,daniel.sanchez821@email.com,+1-469-541-7065,1988-06-01,Male,2023-12-24,Active
C02072,Grace,Lopez,grace.lopez79@email.com,+1-909-237-6270,1958-06-09,Male,2023-01-12,Active
C02073,Grace,Jackson,grace.jackson132@email.com,+1-298-903-9314,1974-06-05,Female,2023-01-06,Active
C02074,Abigail,Brown,abigail.brown827@email.com,+1-818-333-6707,1973-06-05,Other,2023-01-13,Active
C02075,Amelia,Anderson,amelia.anderson276@email.com,+1-788-956-1871,1980-06-03,Other,2023-09-17,Active
C02076,Joseph,Jackson,joseph.jackson447@email.com,+1-266-275-1362,1973-06-05,Female,2023-06-07,Active
C02077,Noah,Lewis,noah.lewis356@email.com,+1-688-988-3422,1986-06-02,Other,2024-10-27,Active
C02078,Ava,White,ava.white283@email.com,+1-783-358-1451,1977-06-04,Other,2023-01-01,Active
C02079,Jackson,Thompson,jackson.thompson783@email.com,+1-336-505-4525,1989-06-01,Female,2023-02-23,Active
C02080,Grace,Thompson,grace.thompson691@email.com,+1-511-438-4810,1982-06-03,Other,2023-05-28,Active
C02081,William,Harris,william.harris553@email.com,+1-897-700-6152,2005-05-28,Other,2024-12-25,Active
C02082,Emily,Jackson,emily.jackson123@email.com,+1-993-172-2042,1962-06-08,Female,2023-07-08,Active
C02083,Mia,White,mia.white200@email.com,+1-454-715-3938,1967-06-07,Male,2024-06-29,Active
C02084,Joseph,White,joseph.white123@email.com,+1-539-191-2542,1964-06-07,Other,2023-11-14,Active
C02085,Elizabeth,Sanchez,elizabeth.sanchez418@email.com,+1-590-813-8772,1997-05-30,Female,2024-08-12,Active
C02086,Sophia,Martinez,sophia.martinez364@email.com,+1-381-824-8051,2003-05-29,Female,2024-04-17,Active
C02087,James,Rodriguez,james.rodriguez412@email.com,+1-405-332-6754,2003-05-29,Other,2023-03-10,Active
C02088,Michael,Anderson,michael.anderson770@email.com,+1-296-636-5223,2005-05-28,Other,2024-12-11,Active
C02089,Sebastian,Johnson,sebastian.johnson700@email.com,+1-582-197-3760,2008-05-27,Other,2024-12-30,Active
C02090,Emma,Hernandez,emma.hernandez394@email.com,+1-513-128-7141,1996-05-30,Male,2024-10-21,Active
C02091,Andrew,Thomas,andrew.thomas187@email.com,+1-748-323-6656,1999-05-30,Other,2024-09-23,Active
C02092,Victoria,Lopez,victoria.lopez588@email.com,+1-381-551-3908,1956-06-09,Male,2023-07-31,Active
C02093,Avery,Smith,avery.smith638@email.com,+1-239-650-2970,2002-05-29,Female,2024-02-16,Active
C02094,Emily,Perez,emily.perez185@email.com,+1-804-630-3742,1996-05-30,Female,2024-09-20,Active
C02095,Victoria,Jones,victoria.jones628@email.com,+1-545-565-9978,2001-05-29,Female,2023-11-29,Active
C02096,Sebastian,Williams,sebastian.williams347@email.com,+1-452-474-3316,1996-05-30,Female,2024-04-30,Active
C02097,Matthew,Johnson,matthew.johnson367@email.com,+1-260-591-2618,1966-06-07,Male,2023-07-18,Active
C02098,Abigail,Robinson,abigail.robinson540@email.com,+1-776-688-9715,1960-06-08,Female,2023-07-16,Active
C02099,Grace,Lee,grace.lee206@email.com,+1-489-428-3219,1990-06-01,Male,2023-09-30,Active
C02100,Jackson,Gonzalez,jackson.gonzalez446@email.com,+1-586-184-9035,2002-05-29,Female,2024-12-07,Active
C02101,Abigail,Moore,abigail.moore496@email.com,+1-824-498-6011,1959-06-09,Female,2023-08-10,Active
C02102,Noah,Taylor,noah.taylor852@email.com,+1-242-292-2461,1961-06-08,Other,2024-02-21,Active
C02103,Chloe,Moore,chloe.moore178@email.com,+1-856-421-1785,2005-05-28,Male,2023-07-03,Active
C02104,Alexander,Gonzalez,alexander.gonzalez193@email.com,+1-560-650-1859,1961-06-08,Female,2023-01-31,Active
C02105,Scarlett,Taylor,scarlett.taylor870@email.com,+1-382-620-7075,2006-05-28,Other,2023-02-03,Active
C02106,Benjamin,Brown,benjamin.brown469@email.com,+1-390-326-6247,1995-05-31,Other,2024-10-18,Active
C02107,Joseph,Miller,joseph.miller585@email.com,+1-855-727-1255,1995-05-31,Female,2024-11-15,Active
C02108,Mason,Robinson,mason.robinson298@email.com,+1-204-346-6419,1956-06-09,Female,2024-07-03,Active
C02109,Amelia,Lopez,amelia.lopez940@email.com,+1-611-145-3554,1993-05-31,Other,2024-08-08,Active
C02110,Andrew,Perez,andrew.perez265@email.com,+1-632-796-6074,1961-06-08,Other,2024-06-05,Active
C02111,Henry,Wilson,henry.wilson707@email.com,+1-210-525-7777,1955-06-10,Female,2023-12-11,Active
C02112,Charlotte,Clark,charlotte.clark798@email.com,+1-699-359-1170,1983-06-03,Other,2023-03-31,Active
C02113,Olivia,Thompson,olivia.thompson786@email.com,+1-659-231-4653,2001-05-29,Other,2024-10-20,Active
C02114,Mason,Garcia,mason.garcia924@email.com,+1-700-168-4004,1998-05-30,Female,2023-07-01,Active
C02115,Harper,Perez,harper.perez733@email.com,+1-911-507-5666,1990-06-01,Female,2023-07-01,Active
C02116,Chloe,Rodriguez,chloe.rodriguez112@email.com,+1-979-222-7470,1973-06-05,Male,2024-06-08,Active
C02117,Joseph,Miller,joseph.miller131@email.com,+1-730-136-8683,2001-05-29,Male,2023-08-29,Active
C02118,Amelia,Johnson,amelia.johnson854@email.com,+1-597-288-2369,1993-05-31,Male,2023-01-21,Active
C02119,Jackson,Martin,jackson.martin380@email.com,+1-648-856-3338,1959-06-09,Other,2023-10-06,Active
C02120,Olivia,Perez,olivia.perez957@email.com,+1-715-885-4096,1988-06-01,Other,2024-05-30,Active
C02121,Olivia,Jackson,olivia.jackson15@email.com,+1-356-449-5109,1979-06-04,Female,2024-07-05,Active
C02122,Charlotte,Lewis,charlotte.lewis660@email.com,+1-257-500-7226,1976-06-04,Female,2024-07-28,Active
C02123,Ava,Davis,ava.davis189@email.com,+1-842-299-6503,1980-06-03,Other,2023-02-27,Active
C02124,Liam,Ramirez,liam.ramirez452@email.com,+1-271-963-5026,1990-06-01,Other,2023-04-25,Active
C02125,Sebastian,Garcia,sebastian.garcia147@email.com,+1-760-425-1929,2004-05-28,Other,2024-09-08,Active
C02126,Sofia,Taylor,sofia.taylor548@email.com,+1-217-733-3783,2006-05-28,Female,2024-02-06,Active
C02127,William,Lewis,william.lewis107@email.com,+1-900-339-1096,1972-06-05,Male,2023-12-07,Active
C02128,Noah,Clark,noah.clark397@email.com,+1-987-680-2960,2006-05-28,Other,2024-05-16,Active
C02129,Chloe,Moore,chloe.moore76@email.com,+1-220-764-8805,1984-06-02,Other,2023-05-26,Active
C02130,Evelyn,Perez,evelyn.perez631@email.com,+1-596-560-4893,1969-06-06,Female,2023-02-01,Active
C02131,Harper,Lopez,harper.lopez652@email.com,+1-665-590-3509,1952-06-10,Other,2023-09-23,Active
C02132,Daniel,Davis,daniel.davis148@email.com,+1-493-752-3856,1952-06-10,Female,2023-11-30,Active
C02133,Mia,Lopez,mia.lopez758@email.com,+1-221-542-5912,1979-06-04,Male,2024-08-06,Active
C02134,Sofia,Thompson,sofia.thompson901@email.com,+1-754-972-4718,1955-06-10,Male,2023-11-16,Active
C02135,Emily,Miller,emily.miller965@email.com,+1-615-531-7844,1980-06-03,Other,2023-09-17,Active
C02136,Avery,Gonzalez,avery.gonzalez475@email.com,+1-572-445-6341,2000-05-29,Female,2023-02-19,Active
C02137,Samuel,Miller,samuel.miller252@email.com,+1-422-829-4128,1953-06-10,Male,2023-05-29,Active
C02138,Andrew,Lopez,andrew.lopez922@email.com,+1-674-661-7688,1989-06-01,Other,2023-12-14,Active
C02139,Benjamin,Gonzalez,benjamin.gonzalez145@email.com,+1-681-211-9893,1989-06-01,Female,2023-03-05,Active
C02140,Andrew,Wilson,andrew.wilson53@email.com,+1-404-322-6532,1966-06-07,Male,2023-06-16,Active
C02141,Elizabeth,Robinson,elizabeth.robinson530@email.com,+1-642-284-8257,1995-05-31,Other,2024-12-07,Active
C02142,Elizabeth,Jackson,elizabeth.jackson684@email.com,+1-376-379-3553,1972-06-05,Female,2023-03-16,Active
C02143,Charlotte,Jones,charlotte.jones422@email.com,+1-524-579-5025,1988-06-01,Female,2024-08-20,Active
C02144,Andrew,Robinson,andrew.robinson782@email.com,+1-827-643-1578,1958-06-09,Male,2023-02-08,Active
C02145,Ava,Williams,ava.williams22@email.com,+1-208-982-1864,1988-06-01,Male,2024-01-27,Active
C02146,Emily,Miller,emily.miller762@email.com,+1-354-318-6039,1969-06-06,Female,2024-10-25,Active
C02147,Abigail,Jackson,abigail.jackson927@email.com,+1-657-586-6547,1990-06-01,Male,2023-01-11,Active
C02148,Alexander,Brown,alexander.brown822@email.com,+1-775-263-3490,2001-05-29,Female,2024-07-17,Active
C02149,Grace,Robinson,grace.robinson634@email.com,+1-619-262-8693,1964-06-07,Female,2023-01-15,Active
C02150,Lucas,Brown,lucas.brown680@email.com,+1-350-555-2590,1952-06-10,Male,2024-11-21,Active
C02151,Elizabeth,Thomas,elizabeth.thomas389@email.com,+1-688-274-1326,1956-06-09,Other,2023-05-11,Active
C02152,Daniel,Robinson,daniel.robinson452@email.com,+1-798-685-3979,1977-06-04,Male,2023-09-30,Active
C02153,Chloe,Lopez,chloe.lopez907@email.com,+1-547-187-7061,2000-05-29,Male,2024-10-22,Active
C02154,Andrew,Martinez,andrew.martinez694@email.com,+1-603-253-2818,1968-06-06,Male,2023-02-16,Active
C02155,Abigail,Martinez,abigail.martinez729@email.com,+1-285-463-9105,1951-06-11,Other,2024-12-15,Active
C02156,John,Wilson,john.wilson174@email.com,+1-573-971-5140,1991-06-01,Other,2024-06-18,Active
C02157,Samuel,Lewis,samuel.lewis938@email.com,+1-224-601-6219,1967-06-07,Male,2024-07-14,Active
C02158,Lucas,Thompson,lucas.thompson314@email.com,+1-469-559-8093,1991-06-01,Male,2024-01-21,Active
C02159,David,Perez,david.perez83@email.com,+1-540-664-1514,2008-05-27,Other,2024-08-20,Active
C02160,Chloe,Smith,chloe.smith310@email.com,+1-589-304-8702,2006-05-28,Female,2023-12-08,Active
C02161,Henry,Thompson,henry.thompson385@email.com,+1-543-475-9398,1963-06-08,Female,2023-10-24,Active
C02162,Michael,Jones,michael.jones966@email.com,+1-554-836-5285,1977-06-04,Male,2023-06-15,Active
C02163,Evelyn,Rodriguez,evelyn.rodriguez86@email.com,+1-660-787-2389,1953-06-10,Female,2023-02-18,Active
C02164,Scarlett,Lewis,scarlett.lewis117@email.com,+1-223-930-3105,2004-05-28,Male,2024-09-13,Active
C02165,James,Lopez,james.lopez67@email.com,+1-357-685-4882,2008-05-27,Male,2024-10-03,Active
C02166,Emma,White,emma.white827@email.com,+1-549-991-2153,1968-06-06,Other,2024-07-25,Active
C02167,David,Lee,david.lee895@email.com,+1-538-904-2733,2005-05-28,Male,2023-04-14,Active
C02168,Isabella,Miller,isabella.miller941@email.com,+1-963-183-4040,2003-05-29,Other,2024-09-29,Active
C02169,Emma,Wilson,emma.wilson811@email.com,+1-902-338-4444,2003-05-29,Other,2024-11-10,Active
C02170,Elizabeth,Hernandez,elizabeth.hernandez641@email.com,+1-742-297-8799,1977-06-04,Other,2024-06-12,Active
C02171,Victoria,Thompson,victoria.thompson191@email.com,+1-680-394-2003,1976-06-04,Male,2023-10-05,Active
C02172,Emma,Williams,emma.williams181@email.com,+1-402-369-3357,1996-05-30,Other,2023-06-25,Active
C02173,Mason,Thompson,mason.thompson780@email.com,+1-277-292-4064,1998-05-30,Male,2024-02-06,Active
C02174,Matthew,Lee,matthew.lee857@email.com,+1-806-403-7754,1990-06-01,Other,2023-08-01,Active
C02175,Benjamin,Wilson,benjamin.wilson257@email.com,+1-553-853-4944,1967-06-07,Male,2023-07-07,Active
C02176,Harper,Martinez,harper.martinez773@email.com,+1-365-166-2009,1986-06-02,Female,2024-10-28,Active
C02177,Noah,Martin,noah.martin774@email.com,+1-640-181-8306,1965-06-07,Other,2024-12-19,Active
C02178,Ethan,Hernandez,ethan.hernandez603@email.com,+1-989-470-2079,1962-06-08,Female,2023-05-29,Active
C02179,Abigail,Anderson,abigail.anderson367@email.com,+1-960-930-8871,1989-06-01,Female,2023-12-18,Active
C02180,Joseph,Hernandez,joseph.hernandez560@email.com,+1-962-294-4737,2006-05-28,Male,2023-05-10,Active
C02181,Emily,Wilson,emily.wilson477@email.com,+1-672-432-7606,1980-06-03,Female,2023-09-14,Active
C02182,William,Jones,william.jones756@email.com,+1-968-494-7874,1958-06-09,Male,2024-12-06,Active
C02183,Abigail,Gonzalez,abigail.gonzalez892@email.com,+1-847-252-7544,1981-06-03,Male,2023-12-23,Active
C02184,James,Jones,james.jones608@email.com,+1-388-322-2553,1978-06-04,Female,2024-12-15,Active
C02185,William,Rodriguez,william.rodriguez346@email.com,+1-402-122-9148,1989-06-01,Male,2023-11-26,Active
C02186,Sebastian,Rodriguez,sebastian.rodriguez234@email.com,+1-394-598-9177,1954-06-10,Female,2023-10-15,Active
C02187,Mia,Thomas,mia.thomas993@email.com,+1-881-161-6789,1988-06-01,Male,2024-09-14,Active
C02188,Ella,Martin,ella.martin297@email.com,+1-344-340-9499,1982-06-03,Male,2023-08-13,Active
C02189,Joseph,Smith,joseph.smith980@email.com,+1-515-746-3598,1989-06-01,Other,2024-01-20,Active
C02190,Andrew,Wilson,andrew.wilson627@email.com,+1-324-713-3120,1987-06-02,Female,2023-07-08,Active
C02191,Daniel,Sanchez,daniel.sanchez706@email.com,+1-331-478-8758,1980-06-03,Male,2024-10-28,Active
C02192,Daniel,Wilson,daniel.wilson253@email.com,+1-414-434-4824,1951-06-11,Other,2024-02-15,Active
C02193,Ella,Sanchez,ella.sanchez288@email.com,+1-768-448-6424,1951-06-11,Male,2023-01-16,Active
C02194,Isabella,Hernandez,isabella.hernandez801@email.com,+1-847-686-4750,1969-06-06,Other,2023-01-06,Active
C02195,Lucas,Clark,lucas.clark840@email.com,+1-455-600-8696,1976-06-04,Female,2024-12-12,Active
C02196,Sophia,Gonzalez,sophia.gonzalez769@email.com,+1-351-738-6269,1977-06-04,Other,2024-10-09,Active
C02197,David,Martin,david.martin923@email.com,+1-945-372-2096,1959-06-09,Female,2023-09-28,Active
C02198,Charlotte,Sanchez,charlotte.sanchez789@email.com,+1-482-828-3344,1978-06-04,Male,2023-12-25,Active
C02199,Lucas,Davis,lucas.davis649@email.com,+1-203-435-6835,1973-06-05,Female,2023-04-06,Active
C02200,William,Sanchez,william.sanchez280@email.com,+1-527-596-6147,1996-05-30,Other,2023-04-22,Active
C02201,Charlotte,Robinson,charlotte.robinson612@email.com,+1-819-223-5843,1952-06-10,Other,2024-10-30,Active
C02202,Charlotte,Taylor,charlotte.taylor819@email.com,+1-716-389-5066,1964-06-07,Female,2023-12-12,Active
C02203,Emma,Martinez,emma.martinez268@email.com,+1-409-247-5851,1967-06-07,Male,2024-12-06,Active
C02204,Sofia,Williams,sofia.williams378@email.com,+1-676-894-3418,1984-06-02,Other,2023-10-01,Active
C02205,Sebastian,Garcia,sebastian.garcia609@email.com,+1-654-876-6146,1979-06-04,Female,2024-09-12,Active
C02206,Henry,Miller,henry.miller724@email.com,+1-821-564-5665,2000-05-29,Other,2024-07-18,Active
C02207,Abigail,Smith,abigail.smith127@email.com,+1-253-988-6349,1985-06-02,Female,2023-06-15,Active
C02208,William,Hernandez,william.hernandez852@email.com,+1-937-484-1417,1967-06-07,Female,2023-03-29,Active
C02209,Abigail,Gonzalez,abigail.gonzalez183@email.com,+1-534-727-1565,1988-06-01,Female,2023-03-13,Active
C02210,Chloe,Harris,chloe.harris583@email.com,+1-240-623-1915,1977-06-04,Male,2023-01-01,Active
C02211,Ava,Robinson,ava.robinson70@email.com,+1-343-255-2675,1963-06-08,Male,2023-07-15,Active
C02212,Lucas,Williams,lucas.williams773@email.com,+1-568-465-6540,1987-06-02,Female,2024-10-09,Active
C02213,Ava,Thomas,ava.thomas411@email.com,+1-758-163-9596,1958-06-09,Other,2023-11-01,Active
C02214,Matthew,Thompson,matthew.thompson159@email.com,+1-761-942-2465,1998-05-30,Female,2024-06-02,Active
C02215,Mason,Harris,mason.harris934@email.com,+1-467-332-4920,1965-06-07,Other,2024-11-04,Active
C02216,Sebastian,Smith,sebastian.smith54@email.com,+1-858-963-4694,2006-05-28,Male,2023-08-29,Active
C02217,Amelia,Harris,amelia.harris239@email.com,+1-356-991-3255,1988-06-01,Female,2023-08-07,Active
C02218,Elizabeth,Harris,elizabeth.harris650@email.com,+1-886-505-1315,1977-06-04,Female,2023-07-28,Active
C02219,Liam,Perez,liam.perez732@email.com,+1-913-524-2113,1971-06-06,Male,2024-11-20,Active
C02220,Olivia,Miller,olivia.miller236@email.com,+1-796-603-1117,2003-05-29,Other,2024-01-09,Active
C02221,John,Lewis,john.lewis377@email.com,+1-721-948-3689,1999-05-30,Male,2023-11-21,Active
C02222,Grace,Smith,grace.smith938@email.com,+1-842-862-5610,1985-06-02,Other,2024-04-03,Active
C02223,Scarlett,Gonzalez,scarlett.gonzalez164@email.com,+1-406-872-5198,1988-06-01,Male,2024-01-24,Active
C02224,Harper,Gonzalez,harper.gonzalez123@email.com,+1-866-392-8399,1970-06-06,Female,2024-12-02,Active
C02225,Scarlett,Harris,scarlett.harris416@email.com,+1-409-289-2846,1957-06-09,Female,2024-11-19,Active
C02226,Sophia,White,sophia.white956@email.com,+1-410-304-5892,1995-05-31,Other,2023-01-25,Active
C02227,John,Clark,john.clark311@email.com,+1-569-574-1890,1994-05-31,Other,2023-03-09,Active
C02228,Chloe,Lewis,chloe.lewis906@email.com,+1-458-322-9373,2008-05-27,Female,2024-12-07,Active
C02229,Benjamin,Clark,benjamin.clark186@email.com,+1-541-311-9185,1988-06-01,Other,2023-11-30,Active
C02230,David,Gonzalez,david.gonzalez617@email.com,+1-971-269-9055,1970-06-06,Other,2023-08-28,Active
C02231,Evelyn,Sanchez,evelyn.sanchez684@email.com,+1-454-179-2757,1969-06-06,Male,2024-12-31,Active
C02232,Noah,Ramirez,noah.ramirez12@email.com,+1-480-100-5971,1962-06-08,Female,2023-10-03,Active
C02233,Chloe,Garcia,chloe.garcia100@email.com,+1-254-476-4527,1981-06-03,Male,2023-03-11,Active
C02234,Daniel,Williams,daniel.williams287@email.com,+1-627-769-1366,1951-06-11,Male,2024-03-02,Active
C02235,Mason,Martinez,mason.martinez146@email.com,+1-469-567-4353,1961-06-08,Other,2024-08-30,Active
C02236,Liam,Lewis,liam.lewis954@email.com,+1-687-278-1235,1962-06-08,Male,2024-09-07,Active
C02237,Lucas,Anderson,lucas.anderson891@email.com,+1-793-811-5475,1964-06-07,Male,2024-03-30,Active
C02238,Chloe,Thomas,chloe.thomas65@email.com,+1-948-808-3511,1983-06-03,Male,2024-05-25,Active
C02239,Elizabeth,Smith,elizabeth.smith39@email.com,+1-709-542-8630,2008-05-27,Male,2023-11-05,Active
C02240,Chloe,Lewis,chloe.lewis46@email.com,+1-872-164-5601,1962-06-08,Female,2023-01-05,Active
C02241,Ella,Miller,ella.miller822@email.com,+1-473-124-5455,1964-06-07,Male,2024-06-22,Active
C02242,Avery,Sanchez,avery.sanchez2@email.com,+1-865-145-8132,1977-06-04,Other,2023-06-08,Active
C02243,Amelia,Thompson,amelia.thompson869@email.com,+1-960-148-5694,1970-06-06,Male,2023-12-25,Active
C02244,Daniel,Anderson,daniel.anderson841@email.com,+1-683-657-3685,1951-06-11,Other,2023-12-15,Active
C02245,Daniel,White,daniel.white565@email.com,+1-753-249-6254,1982-06-03,Female,2023-03-18,Active
C02246,James,Jackson,james.jackson412@email.com,+1-581-578-6692,1956-06-09,Male,2024-03-07,Active
C02247,Joseph,Perez,joseph.perez556@email.com,+1-617-468-8073,1992-05-31,Other,2024-10-04,Active
C02248,Isabella,Hernandez,isabella.hernandez947@email.com,+1-567-760-8644,1953-06-10,Other,2023-09-27,Active
C02249,Mia,Lewis,mia.lewis44@email.com,+1-551-618-3376,1974-06-05,Female,2023-04-28,Active
C02250,Mia,Ramirez,mia.ramirez818@email.com,+1-787-242-4372,2003-05-29,Female,2023-01-22,Active
C02251,Sofia,Lewis,sofia.lewis115@email.com,+1-713-657-1687,1972-06-05,Male,2023-07-18,Active
C02252,Emma,Rodriguez,emma.rodriguez957@email.com,+1-763-780-3698,1963-06-08,Other,2024-05-13,Active
C02253,Michael,Thomas,michael.thomas120@email.com,+1-533-849-7116,1975-06-05,Female,2023-06-19,Active
C02254,Matthew,Davis,matthew.davis591@email.com,+1-559-867-7684,1994-05-31,Male,2023-01-27,Active
C02255,David,Jones,david.jones855@email.com,+1-910-871-4085,1957-06-09,Other,2024-12-31,Active
C02256,Sophia,Thomas,sophia.thomas148@email.com,+1-273-811-6022,1989-06-01,Female,2024-04-28,Active
C02257,Benjamin,Moore,benjamin.moore654@email.com,+1-298-934-4129,2007-05-28,Male,2024-12-07,Active
C02258,Evelyn,Brown,evelyn.brown213@email.com,+1-390-947-2168,1980-06-03,Female,2024-10-24,Active
C02259,Mason,Wilson,mason.wilson968@email.com,+1-566-777-7602,1970-06-06,Other,2024-12-21,Active
C02260,Alexander,Hernandez,alexander.hernandez398@email.com,+1-583-313-5977,1971-06-06,Other,2023-10-20,Active
C02261,Ella,Lee,ella.lee630@email.com,+1-807-142-9050,1988-06-01,Female,2024-11-29,Active
C02262,Emily,Smith,emily.smith262@email.com,+1-917-584-7287,1981-06-03,Male,2023-06-29,Active
C02263,John,Martin,john.martin902@email.com,+1-559-801-9033,2006-05-28,Female,2024-12-04,Active
C02264,Joseph,Harris,joseph.harris928@email.com,+1-288-586-5131,2003-05-29,Male,2023-06-24,Active
C02265,Lucas,White,lucas.white851@email.com,+1-932-746-2540,1961-06-08,Female,2023-09-23,Active
C02266,Michael,Davis,michael.davis619@email.com,+1-680-135-6289,1959-06-09,Other,2024-02-18,Active
C02267,Avery,Miller,avery.miller629@email.com,+1-620-197-1168,1971-06-06,Male,2023-01-31,Active
C02268,Liam,Robinson,liam.robinson519@email.com,+1-655-170-9225,1991-06-01,Female,2024-06-29,Active
C02269,Chloe,Gonzalez,chloe.gonzalez821@email.com,+1-748-769-1798,2001-05-29,Other,2024-04-16,Active
C02270,Samuel,Thomas,samuel.thomas179@email.com,+1-662-400-3666,1970-06-06,Female,2024-11-21,Active
C02271,Michael,Wilson,michael.wilson113@email.com,+1-903-258-2258,1977-06-04,Female,2024-06-11,Active
C02272,Lucas,Smith,lucas.smith397@email.com,+1-994-862-3893,1989-06-01,Male,2023-12-12,Active
C02273,James,Davis,james.davis349@email.com,+1-899-697-9083,1980-06-03,Other,2024-05-11,Active
C02274,Mason,Brown,mason.brown169@email.com,+1-342-235-1387,1985-06-02,Female,2023-10-10,Active
C02275,Jackson,Smith,jackson.smith726@email.com,+1-737-810-7034,2002-05-29,Other,2023-03-22,Active
C02276,Sofia,Thomas,sofia.thomas35@email.com,+1-485-546-7918,2003-05-29,Male,2024-10-24,Active
C02277,Harper,Lewis,harper.lewis972@email.com,+1-880-466-8776,1993-05-31,Other,2023-11-17,Active
C02278,Isabella,Brown,isabella.brown25@email.com,+1-365-188-4060,1980-06-03,Male,2023-02-20,Active
C02279,Grace,Lopez,grace.lopez571@email.com,+1-469-589-2094,1971-06-06,Male,2023-02-28,Active
C02280,Sofia,Brown,sofia.brown574@email.com,+1-240-337-4316,2000-05-29,Female,2024-08-03,Active
C02281,Matthew,Smith,matthew.smith381@email.com,+1-261-622-1199,1966-06-07,Other,2024-09-07,Active
C02282,Henry,Jackson,henry.jackson544@email.com,+1-209-410-3245,1953-06-10,Male,2024-02-08,Active
C02283,Ella,Sanchez,ella.sanchez219@email.com,+1-393-779-8778,1995-05-31,Female,2023-08-30,Active
C02284,Sophia,Garcia,sophia.garcia398@email.com,+1-766-748-9870,1966-06-07,Male,2024-10-20,Active
C02285,Isabella,Ramirez,isabella.ramirez523@email.com,+1-348-981-2114,2004-05-28,Other,2023-08-30,Active
C02286,Chloe,Garcia,chloe.garcia253@email.com,+1-841-871-7774,1994-05-31,Female,2023-04-01,Active
C02287,Harper,Wilson,harper.wilson62@email.com,+1-970-542-1703,2007-05-28,Female,2024-02-07,Active
C02288,Charlotte,Perez,charlotte.perez744@email.com,+1-582-500-8369,1961-06-08,Male,2023-04-21,Active
C02289,Isabella,Thomas,isabella.thomas630@email.com,+1-721-516-3576,1975-06-05,Other,2024-04-28,Active
C02290,Evelyn,Thomas,evelyn.thomas792@email.com,+1-276-543-1506,1973-06-05,Male,2023-10-31,Active
C02291,Ethan,Thompson,ethan.thompson914@email.com,+1-995-249-1654,1983-06-03,Female,2023-12-19,Active
C02292,Henry,Anderson,henry.anderson666@email.com,+1-549-410-9770,1989-06-01,Female,2023-04-22,Active
C02293,Ella,Taylor,ella.taylor500@email.com,+1-595-875-3248,2003-05-29,Female,2023-09-08,Active
C02294,Joseph,Hernandez,joseph.hernandez546@email.com,+1-729-731-2031,1991-06-01,Other,2024-04-18,Active
C02295,Henry,Ramirez,henry.ramirez296@email.com,+1-808-625-4732,1993-05-31,Female,2024-02-15,Active
C02296,Chloe,Miller,chloe.miller357@email.com,+1-513-296-6488,1982-06-03,Other,2023-07-20,Active
C02297,Henry,Rodriguez,henry.rodriguez613@email.com,+1-634-785-4085,1957-06-09,Male,2023-04-14,Active
C02298,Evelyn,Miller,evelyn.miller704@email.com,+1-902-470-9892,1995-05-31,Female,2023-06-14,Active
C02299,David,Jackson,david.jackson533@email.com,+1-377-220-5775,1995-05-31,Male,2023-03-19,Active
C02300,Victoria,Sanchez,victoria.sanchez649@email.com,+1-545-287-9142,1983-06-03,Male,2023-12-14,Active
C02301,Ella,Thompson,ella.thompson278@email.com,+1-781-570-9804,1992-05-31,Male,2024-01-17,Active
C02302,Victoria,Williams,victoria.williams259@email.com,+1-327-485-7440,1996-05-30,Male,2024-12-28,Active
C02303,Harper,Robinson,harper.robinson507@email.com,+1-665-663-5539,1982-06-03,Other,2023-07-27,Active
C02304,Charlotte,Rodriguez,charlotte.rodriguez53@email.com,+1-637-743-9020,1978-06-04,Male,2023-05-02,Active
C02305,Jackson,Gonzalez,jackson.gonzalez321@email.com,+1-322-243-3967,1960-06-08,Female,2024-08-28,Active
C02306,Noah,Johnson,noah.johnson868@email.com,+1-271-384-2760,1991-06-01,Other,2023-06-19,Active
C02307,Isabella,Sanchez,isabella.sanchez99@email.com,+1-960-803-7934,1951-06-11,Male,2024-06-05,Active
C02308,Chloe,Johnson,chloe.johnson11@email.com,+1-314-445-5541,1993-05-31,Female,2024-03-15,Active
C02309,Amelia,Davis,amelia.davis634@email.com,+1-818-684-5370,1955-06-10,Female,2023-06-15,Active
C02310,Lucas,Jones,lucas.jones24@email.com,+1-766-698-6189,1957-06-09,Male,2024-05-20,Active
C02311,Elizabeth,Miller,elizabeth.miller555@email.com,+1-831-117-3627,1961-06-08,Other,2024-09-29,Active
C02312,Andrew,Rodriguez,andrew.rodriguez829@email.com,+1-697-227-2567,1994-05-31,Female,2024-04-23,Active
C02313,Lucas,Anderson,lucas.anderson625@email.com,+1-369-277-4610,2008-05-27,Male,2024-03-20,Active
C02314,Lucas,Perez,lucas.perez316@email.com,+1-645-693-7335,1994-05-31,Male,2023-10-02,Active
C02315,Sophia,Ramirez,sophia.ramirez84@email.com,+1-618-829-8276,1961-06-08,Male,2023-10-05,Active
C02316,Elizabeth,Ramirez,elizabeth.ramirez630@email.com,+1-968-489-1377,1995-05-31,Female,2023-06-26,Active
C02317,Joseph,Wilson,joseph.wilson809@email.com,+1-736-450-6276,1976-06-04,Female,2024-12-10,Active
C02318,Andrew,Gonzalez,andrew.gonzalez859@email.com,+1-652-721-4366,1963-06-08,Male,2023-12-16,Active
C02319,Ava,Martin,ava.martin858@email.com,+1-915-799-7187,1995-05-31,Female,2024-07-12,Active
C02320,Benjamin,Hernandez,benjamin.hernandez362@email.com,+1-614-380-5075,1984-06-02,Male,2024-03-09,Active
C02321,Victoria,Lewis,victoria.lewis481@email.com,+1-224-802-4998,2004-05-28,Other,2023-03-12,Active
C02322,Avery,Thompson,avery.thompson820@email.com,+1-222-498-6655,2007-05-28,Female,2023-12-29,Active
C02323,Joseph,Wilson,joseph.wilson742@email.com,+1-656-534-2465,1986-06-02,Female,2023-10-11,Active
C02324,Amelia,Rodriguez,amelia.rodriguez376@email.com,+1-466-590-3590,1954-06-10,Male,2024-07-12,Active
C02325,John,Lee,john.lee530@email.com,+1-813-643-4206,1985-06-02,Female,2024-11-24,Active
C02326,Noah,Harris,noah.harris235@email.com,+1-292-824-3601,1964-06-07,Other,2024-09-28,Active
C02327,Sebastian,Johnson,sebastian.johnson257@email.com,+1-281-637-5180,1990-06-01,Male,2023-09-25,Active
C02328,William,Ramirez,william.ramirez447@email.com,+1-485-991-4047,1989-06-01,Female,2024-05-11,Active
C02329,Mia,Taylor,mia.taylor69@email.com,+1-437-992-2511,1972-06-05,Male,2023-04-06,Active
C02330,James,Martinez,james.martinez562@email.com,+1-681-533-3751,1957-06-09,Male,2024-05-04,Active
C02331,Charlotte,Martin,charlotte.martin730@email.com,+1-278-168-2663,1974-06-05,Male,2024-03-31,Active
C02332,Mason,Harris,mason.harris474@email.com,+1-766-879-7044,1974-06-05,Male,2024-07-01,Active
C02333,James,Davis,james.davis806@email.com,+1-208-433-3814,1956-06-09,Other,2024-03-28,Active
C02334,Liam,Taylor,liam.taylor517@email.com,+1-258-503-3211,1978-06-04,Male,2024-07-13,Active
C02335,William,Ramirez,william.ramirez136@email.com,+1-447-982-7016,1979-06-04,Female,2023-05-24,Active
C02336,Lucas,Anderson,lucas.anderson180@email.com,+1-927-212-5066,1970-06-06,Other,2024-07-19,Active
C02337,Olivia,Williams,olivia.williams387@email.com,+1-339-100-5705,1957-06-09,Other,2023-09-17,Active
C02338,Joseph,Perez,joseph.perez773@email.com,+1-604-663-9871,1979-06-04,Other,2023-11-14,Active
C02339,Samuel,Lopez,samuel.lopez806@email.com,+1-820-691-7638,1982-06-03,Other,2024-04-18,Active
C02340,Mia,Taylor,mia.taylor879@email.com,+1-711-229-1596,1970-06-06,Male,2024-06-03,Active
C02341,Daniel,Clark,daniel.clark306@email.com,+1-318-718-7756,1989-06-01,Female,2023-12-06,Active
C02342,Daniel,Smith,daniel.smith323@email.com,+1-698-303-1262,1959-06-09,Female,2024-05-25,Active
C02343,William,Anderson,william.anderson886@email.com,+1-804-909-3291,1983-06-03,Female,2023-03-08,Active
C02344,Lucas,Jones,lucas.jones17@email.com,+1-432-549-5143,1979-06-04,Female,2023-08-21,Active
C02345,David,Lopez,david.lopez904@email.com,+1-409-574-3136,1993-05-31,Male,2023-11-02,Active
C02346,William,Lewis,william.lewis656@email.com,+1-303-402-7128,1979-06-04,Female,2024-11-07,Active
C02347,Elizabeth,Lewis,elizabeth.lewis670@email.com,+1-643-179-5816,1973-06-05,Other,2024-01-03,Active
C02348,Ella,Johnson,ella.johnson957@email.com,+1-690-169-6775,1989-06-01,Male,2024-01-27,Active
C02349,Scarlett,Garcia,scarlett.garcia12@email.com,+1-303-249-5417,1976-06-04,Male,2024-10-31,Active
C02350,Benjamin,Lee,benjamin.lee534@email.com,+1-580-124-8345,1957-06-09,Female,2023-11-14,Active
C02351,Andrew,Anderson,andrew.anderson356@email.com,+1-836-434-5668,1957-06-09,Male,2023-12-21,Active
C02352,Samuel,Jackson,samuel.jackson127@email.com,+1-648-876-8987,2006-05-28,Other,2023-10-15,Active
C02353,Sebastian,White,sebastian.white767@email.com,+1-779-618-2102,1987-06-02,Female,2024-07-27,Active
C02354,Avery,White,avery.white740@email.com,+1-850-373-3358,2003-05-29,Male,2024-08-08,Active
C02355,Andrew,Gonzalez,andrew.gonzalez283@email.com,+1-603-325-1686,2008-05-27,Female,2024-11-16,Active
C02356,Isabella,Miller,isabella.miller429@email.com,+1-782-298-7841,1973-06-05,Female,2024-07-29,Active
C02357,Chloe,Rodriguez,chloe.rodriguez939@email.com,+1-415-100-2085,1992-05-31,Male,2024-07-17,Active
C02358,Ella,Sanchez,ella.sanchez68@email.com,+1-424-579-3713,2001-05-29,Female,2023-02-12,Active
C02359,Ethan,Perez,ethan.perez471@email.com,+1-550-731-7096,1972-06-05,Female,2023-09-08,Active
C02360,Sebastian,Moore,sebastian.moore911@email.com,+1-959-438-6349,1966-06-07,Male,2023-07-11,Active
C02361,John,Taylor,john.taylor699@email.com,+1-485-925-5018,1981-06-03,Male,2024-05-14,Active
C02362,Ella,Rodriguez,ella.rodriguez337@email.com,+1-721-407-9173,1971-06-06,Male,2023-11-13,Active
C02363,Alexander,Sanchez,alexander.sanchez884@email.com,+1-463-209-3424,1954-06-10,Male,2023-06-12,Active
C02364,Amelia,Lewis,amelia.lewis980@email.com,+1-454-575-3510,1974-06-05,Other,2024-09-22,Active
C02365,Scarlett,Lopez,scarlett.lopez423@email.com,+1-960-509-7869,1989-06-01,Female,2023-05-31,Active
C02366,Ethan,Davis,ethan.davis167@email.com,+1-838-592-2086,1981-06-03,Male,2024-02-14,Active
C02367,Matthew,Clark,matthew.clark443@email.com,+1-357-524-8752,1985-06-02,Female,2024-11-30,Active
C02368,Mason,Martinez,mason.martinez242@email.com,+1-698-603-7493,1983-06-03,Male,2023-05-09,Active
C02369,Jackson,Ramirez,jackson.ramirez241@email.com,+1-493-349-3701,1970-06-06,Male,2024-01-22,Active
C02370,Abigail,Jackson,abigail.jackson386@email.com,+1-284-203-2345,2008-05-27,Other,2024-10-08,Active
C02371,William,Moore,william.moore439@email.com,+1-704-194-3488,1978-06-04,Male,2024-11-09,Active
C02372,James,Johnson,james.johnson137@email.com,+1-498-963-7009,1956-06-09,Other,2023-02-05,Active
C02373,Emily,Perez,emily.perez586@email.com,+1-289-141-3706,2002-05-29,Female,2024-02-18,Active
C02374,Olivia,Jackson,olivia.jackson85@email.com,+1-240-729-1003,1951-06-11,Male,2024-06-18,Active
C02375,Matthew,Clark,matthew.clark503@email.com,+1-310-373-5774,2004-05-28,Other,2023-04-11,Active
C02376,Andrew,Martinez,andrew.martinez142@email.com,+1-266-573-5259,1959-06-09,Other,2024-07-23,Active
C02377,Scarlett,Brown,scarlett.brown509@email.com,+1-821-329-5648,1954-06-10,Female,2024-11-29,Active
C02378,Michael,Perez,michael.perez167@email.com,+1-911-584-8413,1989-06-01,Other,2023-12-30,Active
C02379,Evelyn,Lee,evelyn.lee723@email.com,+1-610-528-4852,1988-06-01,Other,2024-02-19,Active
C02380,Benjamin,Davis,benjamin.davis473@email.com,+1-352-820-3543,2005-05-28,Male,2024-11-24,Active
C02381,John,Lewis,john.lewis121@email.com,+1-351-210-8355,1962-06-08,Male,2024-08-24,Active
C02382,Ava,Martinez,ava.martinez789@email.com,+1-540-804-6242,1963-06-08,Male,2023-05-18,Active
C02383,Ella,Wilson,ella.wilson420@email.com,+1-325-759-5956,1951-06-11,Male,2023-01-05,Active
C02384,Ella,Lee,ella.lee35@email.com,+1-572-260-7402,2004-05-28,Female,2024-06-18,Active
C02385,Noah,Johnson,noah.johnson862@email.com,+1-458-498-4056,1966-06-07,Female,2023-08-10,Active
C02386,Matthew,Sanchez,matthew.sanchez727@email.com,+1-531-560-3177,1963-06-08,Other,2024-02-01,Active
C02387,Jackson,Perez,jackson.perez323@email.com,+1-969-680-4014,1992-05-31,Male,2024-12-24,Active
C02388,Sofia,Williams,sofia.williams499@email.com,+1-542-251-1688,1976-06-04,Male,2024-08-10,Active
C02389,Victoria,Thomas,victoria.thomas981@email.com,+1-484-307-3957,1959-06-09,Male,2023-10-31,Active
C02390,Emma,Lee,emma.lee370@email.com,+1-928-451-7111,2002-05-29,Male,2024-01-21,Active
C02391,Ella,Harris,ella.harris845@email.com,+1-713-306-4458,1965-06-07,Female,2024-08-02,Active
C02392,Scarlett,Rodriguez,scarlett.rodriguez544@email.com,+1-600-641-4222,1957-06-09,Other,2023-10-13,Active
C02393,Olivia,Anderson,olivia.anderson988@email.com,+1-936-705-9964,1960-06-08,Other,2024-03-09,Active
C02394,David,Johnson,david.johnson292@email.com,+1-540-118-7673,1958-06-09,Other,2023-05-08,Active
C02395,Ava,Thomas,ava.thomas850@email.com,+1-627-574-4783,1994-05-31,Other,2024-02-13,Active
C02396,Avery,Rodriguez,avery.rodriguez308@email.com,+1-867-972-1634,1951-06-11,Other,2024-05-11,Active
C02397,John,Rodriguez,john.rodriguez405@email.com,+1-471-104-9695,1994-05-31,Male,2024-05-11,Active
C02398,Avery,Davis,avery.davis407@email.com,+1-202-540-1782,1974-06-05,Female,2024-10-15,Active
C02399,Grace,Wilson,grace.wilson17@email.com,+1-713-989-6016,2005-05-28,Other,2023-04-27,Active
C02400,Joseph,Jackson,joseph.jackson219@email.com,+1-746-777-5711,1984-06-02,Male,2024-09-04,Active
C02401,Sebastian,White,sebastian.white337@email.com,+1-381-658-4281,1981-06-03,Other,2024-12-17,Active
C02402,Ethan,Hernandez,ethan.hernandez663@email.com,+1-451-591-1338,1961-06-08,Male,2024-09-21,Active
C02403,Harper,Garcia,harper.garcia674@email.com,+1-499-787-5212,1951-06-11,Male,2023-11-02,Active
C02404,Jackson,Miller,jackson.miller747@email.com,+1-367-470-2599,1974-06-05,Female,2024-03-11,Active
C02405,Sebastian,Lee,sebastian.lee71@email.com,+1-278-259-2989,2004-05-28,Male,2024-12-28,Active
C02406,Henry,Garcia,henry.garcia117@email.com,+1-983-562-6530,1959-06-09,Other,2024-08-29,Active
C02407,Grace,Anderson,grace.anderson524@email.com,+1-325-592-5559,1958-06-09,Female,2024-10-07,Active
C02408,Ethan,Lopez,ethan.lopez181@email.com,+1-597-925-4101,1962-06-08,Female,2023-06-22,Active
C02409,Liam,Robinson,liam.robinson936@email.com,+1-835-923-2415,1999-05-30,Male,2024-10-28,Active
C02410,Michael,Garcia,michael.garcia535@email.com,+1-906-647-4181,1986-06-02,Other,2023-08-29,Active
C02411,Liam,Hernandez,liam.hernandez874@email.com,+1-598-911-8084,1959-06-09,Other,2024-09-16,Active
C02412,Matthew,Miller,matthew.miller172@email.com,+1-394-735-8920,1964-06-07,Other,2023-05-11,Active
C02413,Ava,White,ava.white233@email.com,+1-872-899-9099,1984-06-02,Female,2023-06-10,Active
C02414,Abigail,Lee,abigail.lee378@email.com,+1-403-142-1596,2008-05-27,Male,2023-09-25,Active
C02415,Chloe,Lopez,chloe.lopez18@email.com,+1-880-481-6549,1955-06-10,Other,2023-11-02,Active
C02416,Emma,Hernandez,emma.hernandez883@email.com,+1-674-187-3196,1975-06-05,Other,2024-09-24,Active
C02417,Sebastian,Harris,sebastian.harris120@email.com,+1-807-239-8756,1973-06-05,Other,2023-08-13,Active
C02418,Michael,Brown,michael.brown640@email.com,+1-233-905-6194,1974-06-05,Female,2024-04-24,Active
C02419,Jackson,Martinez,jackson.martinez40@email.com,+1-309-156-5918,1964-06-07,Male,2023-02-20,Active
C02420,Harper,Clark,harper.clark389@email.com,+1-356-387-6569,1975-06-05,Male,2023-11-06,Active
C02421,Daniel,Williams,daniel.williams511@email.com,+1-515-856-5912,2007-05-28,Male,2023-11-11,Active
C02422,Evelyn,Hernandez,evelyn.hernandez190@email.com,+1-928-195-3251,1970-06-06,Other,2023-07-13,Active
C02423,Sophia,Lopez,sophia.lopez117@email.com,+1-297-370-6468,1997-05-30,Male,2024-02-10,Active
C02424,Chloe,Miller,chloe.miller597@email.com,+1-280-337-1804,1955-06-10,Female,2024-03-23,Active
C02425,Sebastian,Harris,sebastian.harris555@email.com,+1-281-931-9993,1974-06-05,Other,2023-05-20,Active
C02426,Alexander,Robinson,alexander.robinson566@email.com,+1-873-404-2645,1989-06-01,Male,2023-11-14,Active
C02427,Sofia,Williams,sofia.williams674@email.com,+1-541-375-1852,2002-05-29,Male,2024-08-13,Active
C02428,John,Smith,john.smith110@email.com,+1-688-143-8687,1974-06-05,Female,2023-12-28,Active
C02429,Sophia,Rodriguez,sophia.rodriguez163@email.com,+1-805-674-5056,1998-05-30,Female,2024-10-09,Active
C02430,James,Lee,james.lee941@email.com,+1-782-817-2701,1978-06-04,Male,2023-03-27,Active
C02431,Benjamin,White,benjamin.white726@email.com,+1-329-273-9350,2008-05-27,Female,2024-05-01,Active
C02432,Samuel,Lewis,samuel.lewis280@email.com,+1-790-913-4072,1993-05-31,Other,2023-08-15,Active
C02433,Noah,Wilson,noah.wilson217@email.com,+1-827-782-7364,1990-06-01,Other,2024-06-17,Active
C02434,Emily,Jones,emily.jones415@email.com,+1-804-521-5713,1969-06-06,Male,2024-03-31,Active
C02435,Mason,Thompson,mason.thompson431@email.com,+1-461-763-9153,1983-06-03,Male,2024-12-30,Active
C02436,John,Miller,john.miller765@email.com,+1-459-807-3100,1956-06-09,Male,2023-05-21,Active
C02437,John,Brown,john.brown991@email.com,+1-887-354-3170,1994-05-31,Male,2023-01-03,Active
C02438,Lucas,White,lucas.white48@email.com,+1-948-173-7467,1991-06-01,Male,2024-08-17,Active
C02439,Mason,Jackson,mason.jackson3@email.com,+1-867-315-2814,1982-06-03,Male,2023-01-19,Active
C02440,Sophia,Hernandez,sophia.hernandez212@email.com,+1-657-247-3408,1953-06-10,Male,2023-03-09,Active
C02441,Daniel,Hernandez,daniel.hernandez421@email.com,+1-587-775-9501,1980-06-03,Female,2023-02-04,Active
C02442,Charlotte,Ramirez,charlotte.ramirez651@email.com,+1-349-311-7376,1953-06-10,Male,2024-01-05,Active
C02443,Lucas,Thomas,lucas.thomas501@email.com,+1-480-547-1801,1981-06-03,Male,2024-04-17,Active
C02444,David,Garcia,david.garcia63@email.com,+1-261-866-8516,1995-05-31,Female,2023-07-14,Active
C02445,Sofia,Brown,sofia.brown903@email.com,+1-494-244-5643,1981-06-03,Male,2024-03-20,Active
C02446,Emma,Thomas,emma.thomas805@email.com,+1-980-642-2069,1986-06-02,Female,2023-05-11,Active
C02447,Alexander,Lee,alexander.lee230@email.com,+1-660-305-5515,1991-06-01,Female,2023-08-31,Active
C02448,Mia,Thomas,mia.thomas226@email.com,+1-648-236-1280,1977-06-04,Other,2024-05-05,Active
C02449,Elizabeth,Davis,elizabeth.davis972@email.com,+1-764-621-3370,1962-06-08,Female,2024-09-10,Active
C02450,Daniel,Taylor,daniel.taylor261@email.com,+1-906-201-5453,1957-06-09,Other,2023-02-26,Active
C02451,Alexander,White,alexander.white414@email.com,+1-220-164-2755,1992-05-31,Female,2024-04-28,Active
C02452,Lucas,Harris,lucas.harris981@email.com,+1-884-669-9682,1977-06-04,Other,2024-06-27,Active
C02453,Samuel,Smith,samuel.smith153@email.com,+1-220-435-7876,2008-05-27,Female,2023-05-30,Active
C02454,Ella,Miller,ella.miller192@email.com,+1-311-850-6019,1964-06-07,Female,2023-10-23,Active
C02455,Henry,Jackson,henry.jackson205@email.com,+1-843-511-6847,1978-06-04,Female,2024-09-24,Active
C02456,Andrew,Miller,andrew.miller912@email.com,+1-450-432-1750,1978-06-04,Female,2024-01-22,Active
C02457,Lucas,Moore,lucas.moore342@email.com,+1-704-333-8058,1964-06-07,Male,2023-06-05,Active
C02458,Ava,Brown,ava.brown579@email.com,+1-340-336-7729,1979-06-04,Male,2024-11-17,Active
C02459,Sofia,Moore,sofia.moore757@email.com,+1-274-205-9987,2000-05-29,Other,2023-10-07,Active
C02460,Amelia,White,amelia.white220@email.com,+1-423-479-2586,2008-05-27,Female,2024-11-24,Active
C02461,John,Wilson,john.wilson124@email.com,+1-487-758-8370,1987-06-02,Male,2024-05-31,Active
C02462,Lucas,Martin,lucas.martin122@email.com,+1-295-924-5101,1961-06-08,Other,2023-04-29,Active
C02463,Lucas,Johnson,lucas.johnson488@email.com,+1-905-383-9864,1960-06-08,Other,2024-07-13,Active
C02464,Emma,Robinson,emma.robinson863@email.com,+1-701-936-4544,2002-05-29,Female,2023-11-06,Active
C02465,Ethan,Taylor,ethan.taylor597@email.com,+1-434-689-5549,1964-06-07,Female,2024-12-31,Active
C02466,Emily,Robinson,emily.robinson366@email.com,+1-971-563-3691,2002-05-29,Other,2024-12-04,Active
C02467,Chloe,Smith,chloe.smith684@email.com,+1-481-297-3819,1961-06-08,Male,2024-07-24,Active
C02468,Olivia,White,olivia.white184@email.com,+1-400-947-4425,1990-06-01,Male,2024-06-12,Active
C02469,David,Johnson,david.johnson678@email.com,+1-660-331-3203,1962-06-08,Male,2024-11-29,Active
C02470,Benjamin,Lopez,benjamin.lopez643@email.com,+1-974-879-5908,1999-05-30,Female,2023-01-28,Active
C02471,Ava,Clark,ava.clark923@email.com,+1-362-585-7194,1985-06-02,Male,2024-12-24,Active
C02472,Olivia,Moore,olivia.moore180@email.com,+1-900-963-7887,1960-06-08,Male,2024-09-11,Active
C02473,Mia,Miller,mia.miller75@email.com,+1-357-525-2776,1964-06-07,Male,2023-10-13,Active
C02474,Mia,Rodriguez,mia.rodriguez731@email.com,+1-732-830-9697,1987-06-02,Other,2023-05-06,Active
C02475,Avery,Garcia,avery.garcia849@email.com,+1-808-645-4532,1997-05-30,Female,2023-09-29,Active
C02476,Andrew,Clark,andrew.clark814@email.com,+1-655-385-6172,1995-05-31,Other,2024-04-09,Active
C02477,Liam,Miller,liam.miller416@email.com,+1-502-484-9772,1953-06-10,Male,2023-09-12,Active
C02478,John,Brown,john.brown816@email.com,+1-911-229-1881,1964-06-07,Other,2024-05-10,Active
C02479,Grace,Ramirez,grace.ramirez116@email.com,+1-773-590-7465,1963-06-08,Other,2023-03-07,Active
C02480,Isabella,Johnson,isabella.johnson531@email.com,+1-384-651-4797,2005-05-28,Male,2024-08-24,Active
C02481,Scarlett,Ramirez,scarlett.ramirez622@email.com,+1-756-175-4956,2003-05-29,Other,2023-06-29,Active
C02482,Michael,Taylor,michael.taylor551@email.com,+1-295-365-5278,2000-05-29,Other,2024-01-26,Active
C02483,James,Johnson,james.johnson438@email.com,+1-702-970-4363,1964-06-07,Male,2024-08-10,Active
C02484,Ethan,Taylor,ethan.taylor152@email.com,+1-839-552-2170,1968-06-06,Other,2023-10-26,Active
C02485,Grace,Williams,grace.williams756@email.com,+1-978-429-8551,1991-06-01,Other,2024-07-16,Active
C02486,Michael,Smith,michael.smith34@email.com,+1-983-111-1447,2007-05-28,Other,2023-02-20,Active
C02487,Liam,Williams,liam.williams331@email.com,+1-368-875-2328,1996-05-30,Other,2024-10-08,Active
C02488,Ella,Sanchez,ella.sanchez101@email.com,+1-649-902-9831,2005-05-28,Female,2023-03-09,Active
C02489,Victoria,Smith,victoria.smith737@email.com,+1-353-461-6125,2001-05-29,Other,2023-12-09,Active
C02490,Scarlett,Lee,scarlett.lee297@email.com,+1-970-399-5273,1974-06-05,Male,2024-07-21,Active
C02491,William,Martin,william.martin685@email.com,+1-790-652-8811,1975-06-05,Female,2024-03-12,Active
C02492,Ava,Jones,ava.jones180@email.com,+1-981-395-9215,1988-06-01,Male,2023-04-05,Active
C02493,Elizabeth,Thomas,elizabeth.thomas42@email.com,+1-719-545-8656,1970-06-06,Male,2024-12-05,Active
C02494,Noah,Smith,noah.smith678@email.com,+1-467-351-7191,1987-06-02,Other,2024-01-13,Active
C02495,Ethan,Lopez,ethan.lopez742@email.com,+1-728-381-9684,1984-06-02,Female,2024-07-31,Active
C02496,Chloe,Brown,chloe.brown242@email.com,+1-622-252-5414,1988-06-01,Male,2023-07-27,Active
C02497,Daniel,Perez,daniel.perez51@email.com,+1-574-417-3789,1962-06-08,Female,2023-05-21,Active
C02498,Olivia,Moore,olivia.moore732@email.com,+1-240-740-8696,1995-05-31,Female,2024-11-07,Active
C02499,Lucas,Wilson,lucas.wilson617@email.com,+1-828-671-8537,1958-06-09,Female,2023-04-09,Active
C02500,Liam,Harris,liam.harris640@email.com,+1-997-751-9615,2004-05-28,Male,2024-06-25,Active
C02501,Noah,Rodriguez,noah.rodriguez822@email.com,+1-248-225-7417,2001-05-29,Other,2024-04-17,Active
C02502,Sebastian,Robinson,sebastian.robinson542@email.com,+1-956-105-5286,1992-05-31,Other,2023-04-01,Active
C02503,James,Moore,james.moore972@email.com,+1-685-610-5079,1984-06-02,Male,2023-07-22,Active
C02504,Charlotte,Taylor,charlotte.taylor664@email.com,+1-265-509-5387,1965-06-07,Male,2024-04-27,Active
C02505,Ava,Jones,ava.jones714@email.com,+1-609-733-5835,1972-06-05,Other,2024-07-10,Active
C02506,Alexander,Wilson,alexander.wilson305@email.com,+1-362-121-4976,2000-05-29,Other,2023-10-29,Active
C02507,Daniel,White,daniel.white743@email.com,+1-741-541-4504,1959-06-09,Female,2024-09-16,Active
C02508,Harper,Williams,harper.williams474@email.com,+1-241-941-7392,1984-06-02,Other,2024-03-08,Active
C02509,Mia,Lopez,mia.lopez969@email.com,+1-968-482-5761,1983-06-03,Male,2024-11-18,Active
C02510,Amelia,White,amelia.white692@email.com,+1-577-448-9904,1990-06-01,Male,2023-02-01,Active
C02511,Charlotte,Ramirez,charlotte.ramirez934@email.com,+1-946-123-2386,1989-06-01,Female,2023-09-07,Active
C02512,Sofia,Sanchez,sofia.sanchez287@email.com,+1-497-625-9689,1959-06-09,Male,2023-08-02,Active
C02513,Amelia,White,amelia.white112@email.com,+1-577-347-9207,1955-06-10,Male,2023-07-19,Active
C02514,Henry,Hernandez,henry.hernandez743@email.com,+1-337-576-2008,1987-06-02,Other,2023-02-11,Active
C02515,Olivia,Martinez,olivia.martinez704@email.com,+1-854-158-5773,1995-05-31,Male,2024-05-01,Active
C02516,Benjamin,Harris,benjamin.harris844@email.com,+1-563-298-9621,1988-06-01,Other,2024-04-12,Active
C02517,Mason,Gonzalez,mason.gonzalez746@email.com,+1-427-926-3316,2002-05-29,Male,2024-09-18,Active
C02518,Victoria,Anderson,victoria.anderson539@email.com,+1-677-838-3027,1970-06-06,Male,2023-06-23,Active
C02519,Charlotte,Davis,charlotte.davis608@email.com,+1-293-746-4243,2000-05-29,Male,2023-08-15,Active
C02520,Matthew,Lee,matthew.lee331@email.com,+1-431-140-7662,2004-05-28,Other,2024-11-26,Active
C02521,Ethan,Robinson,ethan.robinson769@email.com,+1-826-879-9272,1984-06-02,Female,2023-08-11,Active
C02522,Sophia,Anderson,sophia.anderson984@email.com,+1-712-978-7671,1953-06-10,Other,2023-06-15,Active
C02523,Samuel,Lewis,samuel.lewis9@email.com,+1-210-289-4419,1971-06-06,Male,2024-12-04,Active
C02524,Sophia,Hernandez,sophia.hernandez798@email.com,+1-624-214-3095,2008-05-27,Other,2023-04-30,Active
C02525,Lucas,Thompson,lucas.thompson387@email.com,+1-541-583-9148,1990-06-01,Other,2024-04-05,Active
C02526,Victoria,Brown,victoria.brown984@email.com,+1-942-525-1050,1995-05-31,Other,2023-04-06,Active
C02527,Matthew,Lopez,matthew.lopez625@email.com,+1-554-237-1949,1970-06-06,Female,2024-10-14,Active
C02528,Ava,Sanchez,ava.sanchez127@email.com,+1-738-754-5699,1990-06-01,Other,2024-09-11,Active
C02529,Amelia,Davis,amelia.davis407@email.com,+1-742-588-6618,2000-05-29,Other,2024-12-04,Active
C02530,Sofia,Miller,sofia.miller175@email.com,+1-940-261-4532,1976-06-04,Other,2023-04-20,Active
C02531,William,Williams,william.williams246@email.com,+1-662-381-6491,2004-05-28,Female,2024-01-21,Active
C02532,Ethan,Rodriguez,ethan.rodriguez957@email.com,+1-237-812-5816,1974-06-05,Other,2024-08-20,Active
C02533,Sofia,White,sofia.white44@email.com,+1-575-745-1348,1977-06-04,Male,2024-01-21,Active
C02534,Matthew,Wilson,matthew.wilson446@email.com,+1-961-147-9508,2001-05-29,Male,2023-01-21,Active
C02535,Isabella,Wilson,isabella.wilson800@email.com,+1-218-143-4161,1952-06-10,Other,2024-11-05,Active
C02536,Benjamin,Lopez,benjamin.lopez400@email.com,+1-607-722-2448,1999-05-30,Female,2024-12-04,Active
C02537,David,Williams,david.williams329@email.com,+1-963-317-2637,1992-05-31,Male,2024-07-05,Active
C02538,Michael,Lopez,michael.lopez54@email.com,+1-640-621-4004,2002-05-29,Other,2023-10-12,Active
C02539,Joseph,Lee,joseph.lee868@email.com,+1-696-534-3336,1975-06-05,Male,2023-04-05,Active
C02540,Harper,Martinez,harper.martinez768@email.com,+1-241-218-4966,2008-05-27,Other,2024-02-24,Active
C02541,Samuel,Anderson,samuel.anderson799@email.com,+1-398-450-5889,1953-06-10,Female,2024-05-02,Active
C02542,Sebastian,White,sebastian.white916@email.com,+1-741-239-7675,1994-05-31,Male,2024-11-14,Active
C02543,Daniel,Martin,daniel.martin742@email.com,+1-327-154-2678,1980-06-03,Female,2023-02-17,Active
C02544,Liam,Martin,liam.martin842@email.com,+1-248-619-7033,1963-06-08,Other,2023-06-02,Active
C02545,Ava,Sanchez,ava.sanchez297@email.com,+1-492-687-3978,1980-06-03,Other,2024-12-15,Active
C02546,Harper,Jackson,harper.jackson827@email.com,+1-369-512-7893,1957-06-09,Other,2023-04-02,Active
C02547,Elizabeth,Ramirez,elizabeth.ramirez800@email.com,+1-872-403-8474,1990-06-01,Other,2024-10-01,Active
C02548,William,Moore,william.moore803@email.com,+1-574-693-7293,1993-05-31,Other,2023-03-20,Active
C02549,William,Hernandez,william.hernandez579@email.com,+1-305-401-1348,1972-06-05,Female,2023-08-07,Active
C02550,Andrew,Sanchez,andrew.sanchez999@email.com,+1-399-279-4119,1955-06-10,Male,2024-09-12,Active
C02551,Amelia,Martinez,amelia.martinez800@email.com,+1-344-894-8043,1973-06-05,Other,2023-11-14,Active
C02552,Noah,Wilson,noah.wilson638@email.com,+1-916-123-8749,1968-06-06,Female,2024-07-26,Active
C02553,Mason,Anderson,mason.anderson783@email.com,+1-627-131-8241,1995-05-31,Other,2024-07-06,Active
C02554,Alexander,Moore,alexander.moore966@email.com,+1-941-333-9519,1988-06-01,Male,2023-04-20,Active
C02555,Victoria,Robinson,victoria.robinson371@email.com,+1-865-349-9523,1951-06-11,Other,2024-08-12,Active
C02556,Sebastian,Harris,sebastian.harris18@email.com,+1-491-947-1050,1952-06-10,Female,2024-01-14,Active
C02557,Mason,Jones,mason.jones924@email.com,+1-911-679-8113,1973-06-05,Male,2024-01-17,Active
C02558,William,Gonzalez,william.gonzalez605@email.com,+1-981-467-9921,1981-06-03,Male,2023-02-08,Active
C02559,Henry,Williams,henry.williams803@email.com,+1-763-491-7198,1968-06-06,Female,2024-01-14,Active
C02560,Ava,Robinson,ava.robinson850@email.com,+1-421-115-8895,1965-06-07,Male,2023-10-22,Active
C02561,William,Harris,william.harris195@email.com,+1-741-421-6518,1955-06-10,Female,2024-08-30,Active
C02562,Charlotte,Harris,charlotte.harris274@email.com,+1-608-654-3440,1958-06-09,Other,2024-04-29,Active
C02563,Alexander,Ramirez,alexander.ramirez522@email.com,+1-478-741-1664,1978-06-04,Male,2024-12-01,Active
C02564,Amelia,Smith,amelia.smith7@email.com,+1-883-972-9419,1983-06-03,Other,2023-10-14,Active
C02565,Elizabeth,Williams,elizabeth.williams57@email.com,+1-319-953-7343,2004-05-28,Male,2023-08-04,Active
C02566,Ethan,Perez,ethan.perez198@email.com,+1-826-442-1417,1984-06-02,Male,2024-11-12,Active
C02567,Samuel,Johnson,samuel.johnson627@email.com,+1-863-385-2312,1970-06-06,Other,2024-03-06,Active
C02568,Ava,Ramirez,ava.ramirez756@email.com,+1-529-155-8424,1953-06-10,Male,2023-11-10,Active
C02569,Samuel,Miller,samuel.miller893@email.com,+1-796-553-7736,2005-05-28,Male,2023-03-30,Active
C02570,Daniel,Davis,daniel.davis653@email.com,+1-486-376-1275,1980-06-03,Female,2023-08-12,Active
C02571,Victoria,Martinez,victoria.martinez401@email.com,+1-366-159-8356,1983-06-03,Other,2024-08-10,Active
C02572,Sofia,Perez,sofia.perez134@email.com,+1-810-240-6645,1957-06-09,Other,2024-12-12,Active
C02573,Ethan,White,ethan.white894@email.com,+1-703-842-8768,1998-05-30,Male,2023-12-04,Active
C02574,Chloe,Thompson,chloe.thompson955@email.com,+1-816-168-5317,1975-06-05,Female,2024-12-08,Active
C02575,Grace,Rodriguez,grace.rodriguez69@email.com,+1-399-303-4320,2003-05-29,Male,2023-09-24,Active
C02576,Isabella,Robinson,isabella.robinson322@email.com,+1-566-832-3805,1983-06-03,Female,2024-06-07,Active
C02577,Sophia,Anderson,sophia.anderson558@email.com,+1-281-575-1174,1965-06-07,Male,2024-06-05,Active
C02578,Sophia,Williams,sophia.williams618@email.com,+1-367-100-7223,1960-06-08,Male,2024-09-07,Active
C02579,Jackson,Davis,jackson.davis845@email.com,+1-725-785-6206,1977-06-04,Female,2024-08-18,Active
C02580,Grace,Jackson,grace.jackson354@email.com,+1-585-224-4119,2004-05-28,Female,2024-05-22,Active
C02581,Grace,Martinez,grace.martinez315@email.com,+1-470-706-1805,1988-06-01,Other,2024-07-12,Active
C02582,Noah,Jones,noah.jones885@email.com,+1-605-401-9360,1981-06-03,Male,2024-11-17,Active
C02583,Henry,Martinez,henry.martinez55@email.com,+1-442-562-4356,1955-06-10,Female,2023-02-02,Active
C02584,Sophia,Gonzalez,sophia.gonzalez482@email.com,+1-747-210-3322,1958-06-09,Other,2023-09-14,Active
C02585,Joseph,Perez,joseph.perez526@email.com,+1-374-291-2231,1968-06-06,Male,2024-12-17,Active
C02586,Ethan,Lewis,ethan.lewis504@email.com,+1-803-649-3988,1996-05-30,Other,2024-09-18,Active
C02587,Harper,Taylor,harper.taylor953@email.com,+1-629-275-9947,1955-06-10,Other,2024-01-18,Active
C02588,Joseph,Sanchez,joseph.sanchez749@email.com,+1-903-721-8175,1953-06-10,Female,2024-05-06,Active
C02589,Amelia,Ramirez,amelia.ramirez843@email.com,+1-752-348-2883,1974-06-05,Male,2023-07-23,Active
C02590,Abigail,Wilson,abigail.wilson30@email.com,+1-546-334-8366,1958-06-09,Female,2024-12-08,Active
C02591,John,Moore,john.moore737@email.com,+1-851-538-7599,1979-06-04,Male,2023-02-03,Active
C02592,Ella,Thompson,ella.thompson63@email.com,+1-612-981-9134,1975-06-05,Female,2024-05-04,Active
C02593,William,Ramirez,william.ramirez812@email.com,+1-215-473-1036,1999-05-30,Other,2023-12-12,Active
C02594,Ethan,Perez,ethan.perez861@email.com,+1-375-284-4668,1988-06-01,Female,2023-03-28,Active
C02595,Mia,Williams,mia.williams403@email.com,+1-895-994-6997,1974-06-05,Female,2024-12-16,Active
C02596,Avery,Robinson,avery.robinson108@email.com,+1-903-371-7634,1962-06-08,Male,2023-05-28,Active
C02597,Ava,Taylor,ava.taylor667@email.com,+1-988-278-2191,1988-06-01,Male,2023-05-27,Active
C02598,Chloe,Gonzalez,chloe.gonzalez993@email.com,+1-667-873-1646,1974-06-05,Other,2023-06-10,Active
C02599,Henry,Davis,henry.davis441@email.com,+1-838-723-9877,1953-06-10,Other,2024-03-11,Active
C02600,Liam,Garcia,liam.garcia130@email.com,+1-238-971-6421,1964-06-07,Other,2024-11-27,Active
C02601,Amelia,Perez,amelia.perez862@email.com,+1-755-543-5108,1967-06-07,Female,2023-07-31,Active
C02602,Isabella,Martinez,isabella.martinez904@email.com,+1-820-445-9391,2004-05-28,Other,2023-06-14,Active
C02603,Ethan,Martinez,ethan.martinez356@email.com,+1-662-741-9940,1957-06-09,Female,2023-07-31,Active
C02604,Olivia,Thompson,olivia.thompson671@email.com,+1-651-193-6848,1951-06-11,Male,2024-07-01,Active
C02605,Grace,Gonzalez,grace.gonzalez459@email.com,+1-599-589-4211,1997-05-30,Other,2023-06-28,Active
C02606,Liam,Robinson,liam.robinson631@email.com,+1-662-381-7233,2004-05-28,Other,2024-10-13,Active
C02607,David,Thomas,david.thomas626@email.com,+1-744-604-7299,1954-06-10,Male,2023-06-26,Active
C02608,Andrew,Jackson,andrew.jackson938@email.com,+1-646-617-9146,1988-06-01,Male,2024-07-27,Active
C02609,Samuel,Jackson,samuel.jackson201@email.com,+1-705-867-1625,1988-06-01,Other,2023-03-14,Active
C02610,Samuel,Smith,samuel.smith409@email.com,+1-858-290-4890,1964-06-07,Male,2023-12-20,Active
C02611,Henry,Lewis,henry.lewis31@email.com,+1-879-988-6904,1962-06-08,Female,2023-11-28,Active
C02612,Andrew,Hernandez,andrew.hernandez703@email.com,+1-667-682-1627,2001-05-29,Other,2024-11-30,Active
C02613,Mia,Rodriguez,mia.rodriguez922@email.com,+1-754-280-6613,1992-05-31,Female,2023-12-14,Active
C02614,James,Robinson,james.robinson537@email.com,+1-602-571-7456,1986-06-02,Male,2024-06-14,Active
C02615,Andrew,Martinez,andrew.martinez191@email.com,+1-853-352-3180,1961-06-08,Other,2023-02-01,Active
C02616,Chloe,Ramirez,chloe.ramirez276@email.com,+1-600-950-4640,1951-06-11,Other,2024-06-15,Active
C02617,Chloe,Robinson,chloe.robinson106@email.com,+1-548-514-3693,1965-06-07,Male,2024-04-09,Active
C02618,Abigail,Garcia,abigail.garcia546@email.com,+1-979-445-8918,1984-06-02,Female,2024-07-02,Active
C02619,Mia,Jackson,mia.jackson176@email.com,+1-613-703-4631,1987-06-02,Male,2023-01-20,Active
C02620,Samuel,Martin,samuel.martin801@email.com,+1-902-478-2674,2002-05-29,Other,2024-05-17,Active
C02621,Sebastian,Thompson,sebastian.thompson401@email.com,+1-578-474-1420,1975-06-05,Female,2023-03-11,Active
C02622,Harper,Gonzalez,harper.gonzalez973@email.com,+1-772-432-1256,1960-06-08,Female,2023-04-17,Active
C02623,Joseph,Harris,joseph.harris697@email.com,+1-494-944-5287,1996-05-30,Male,2024-05-16,Active
C02624,Alexander,Lee,alexander.lee639@email.com,+1-322-998-9393,1955-06-10,Male,2023-05-21,Active
C02625,Mason,Robinson,mason.robinson493@email.com,+1-813-595-3700,1975-06-05,Male,2024-11-13,Active
C02626,Michael,Jackson,michael.jackson242@email.com,+1-475-912-1617,1995-05-31,Female,2024-10-04,Active
C02627,Matthew,Martinez,matthew.martinez91@email.com,+1-533-400-8433,1956-06-09,Female,2024-09-12,Active
C02628,Abigail,Miller,abigail.miller110@email.com,+1-421-846-3842,1952-06-10,Other,2023-12-23,Active
C02629,Benjamin,Clark,benjamin.clark430@email.com,+1-687-845-9593,1957-06-09,Male,2024-09-23,Active
C02630,Jackson,Anderson,jackson.anderson872@email.com,+1-524-146-1263,1954-06-10,Female,2023-04-06,Active
C02631,William,Thompson,william.thompson886@email.com,+1-858-921-2787,2006-05-28,Male,2024-03-16,Active
C02632,Emily,Garcia,emily.garcia468@email.com,+1-592-730-9670,1971-06-06,Other,2024-08-29,Active
C02633,Samuel,Thomas,samuel.thomas575@email.com,+1-261-719-3156,1991-06-01,Male,2023-08-30,Active
C02634,Daniel,Jones,daniel.jones241@email.com,+1-726-639-6706,1952-06-10,Male,2023-11-16,Active
C02635,Isabella,Robinson,isabella.robinson339@email.com,+1-770-928-8014,1988-06-01,Male,2023-11-01,Active
C02636,John,Taylor,john.taylor426@email.com,+1-972-560-9829,1989-06-01,Female,2023-10-06,Active
C02637,Mia,Jones,mia.jones505@email.com,+1-923-445-9359,1951-06-11,Other,2024-01-21,Active
C02638,Henry,Moore,henry.moore648@email.com,+1-547-850-7913,1958-06-09,Female,2023-12-25,Active
C02639,Andrew,Martinez,andrew.martinez183@email.com,+1-714-231-5989,2003-05-29,Male,2023-04-12,Active
C02640,Jackson,Hernandez,jackson.hernandez27@email.com,+1-339-971-1102,1999-05-30,Male,2024-11-21,Active
C02641,Alexander,Lopez,alexander.lopez655@email.com,+1-435-700-4802,2000-05-29,Male,2024-10-18,Active
C02642,Mason,Sanchez,mason.sanchez334@email.com,+1-524-170-4413,1987-06-02,Female,2024-12-26,Active
C02643,Ella,Johnson,ella.johnson535@email.com,+1-408-748-7974,1997-05-30,Other,2023-06-12,Active
C02644,Sophia,Martinez,sophia.martinez311@email.com,+1-491-971-9516,1984-06-02,Other,2023-07-13,Active
C02645,Elizabeth,Jackson,elizabeth.jackson635@email.com,+1-933-602-3360,1994-05-31,Other,2023-08-08,Active
C02646,Jackson,Anderson,jackson.anderson921@email.com,+1-852-907-8226,1982-06-03,Other,2024-03-07,Active
C02647,William,White,william.white7@email.com,+1-332-475-9442,1985-06-02,Male,2023-01-11,Active
C02648,Evelyn,Miller,evelyn.miller973@email.com,+1-271-638-4578,1974-06-05,Other,2024-07-07,Active
C02649,Sophia,White,sophia.white137@email.com,+1-394-956-2030,1970-06-06,Male,2024-08-24,Active
C02650,William,Lewis,william.lewis862@email.com,+1-860-107-5994,2005-05-28,Male,2023-04-02,Active
C02651,Elizabeth,White,elizabeth.white9@email.com,+1-292-632-5009,1977-06-04,Female,2023-11-02,Active
C02652,Mia,Miller,mia.miller735@email.com,+1-766-574-6652,1998-05-30,Other,2024-12-07,Active
C02653,Ella,Gonzalez,ella.gonzalez532@email.com,+1-923-189-8471,1951-06-11,Male,2024-07-03,Active
C02654,Emily,Thomas,emily.thomas476@email.com,+1-528-366-6950,1991-06-01,Other,2023-06-05,Active
C02655,Ella,Jones,ella.jones389@email.com,+1-358-983-1535,1969-06-06,Male,2024-02-02,Active
C02656,Ethan,Taylor,ethan.taylor837@email.com,+1-994-975-8431,1973-06-05,Other,2023-12-06,Active
C02657,Lucas,White,lucas.white105@email.com,+1-601-154-3976,1967-06-07,Male,2023-10-08,Active
C02658,Ella,Garcia,ella.garcia65@email.com,+1-668-803-4523,1958-06-09,Female,2024-06-11,Active
C02659,Benjamin,Robinson,benjamin.robinson579@email.com,+1-871-696-4049,1997-05-30,Female,2024-12-02,Active
C02660,James,Jones,james.jones591@email.com,+1-780-729-4507,2002-05-29,Male,2023-11-06,Active
C02661,Jackson,Sanchez,jackson.sanchez335@email.com,+1-873-974-2234,1993-05-31,Female,2023-03-17,Active
C02662,Sebastian,Moore,sebastian.moore148@email.com,+1-442-270-6326,1964-06-07,Female,2023-03-04,Active
C02663,Lucas,Sanchez,lucas.sanchez592@email.com,+1-753-308-6246,1991-06-01,Female,2023-06-11,Active
C02664,Sofia,Brown,sofia.brown501@email.com,+1-942-760-8586,1998-05-30,Male,2023-08-15,Active
C02665,Matthew,Martinez,matthew.martinez254@email.com,+1-220-684-6449,1972-06-05,Female,2024-04-08,Active
C02666,Joseph,Martin,joseph.martin733@email.com,+1-942-219-3956,1956-06-09,Other,2023-10-01,Active
C02667,John,Anderson,john.anderson3@email.com,+1-391-684-3856,1998-05-30,Male,2023-10-08,Active
C02668,Noah,Hernandez,noah.hernandez253@email.com,+1-882-710-8676,1962-06-08,Female,2023-07-11,Active
C02669,Mason,Miller,mason.miller503@email.com,+1-924-937-6355,1973-06-05,Other,2024-08-12,Active
C02670,Samuel,Davis,samuel.davis134@email.com,+1-352-128-2614,1983-06-03,Female,2024-08-16,Active
C02671,Noah,Moore,noah.moore193@email.com,+1-377-138-1728,1977-06-04,Other,2024-04-04,Active
C02672,Victoria,Sanchez,victoria.sanchez963@email.com,+1-902-576-9497,1953-06-10,Other,2023-08-04,Active
C02673,Chloe,Anderson,chloe.anderson358@email.com,+1-900-315-7098,1986-06-02,Other,2023-02-17,Active
C02674,James,Davis,james.davis653@email.com,+1-747-503-1997,2007-05-28,Male,2024-11-20,Active
C02675,Henry,Martinez,henry.martinez242@email.com,+1-597-760-2343,1988-06-01,Other,2023-05-25,Active
C02676,Mason,Anderson,mason.anderson69@email.com,+1-555-955-3670,1972-06-05,Other,2024-05-30,Active
C02677,Ethan,Smith,ethan.smith798@email.com,+1-352-758-3743,1986-06-02,Other,2023-05-11,Active
C02678,Liam,Williams,liam.williams311@email.com,+1-403-589-5541,1976-06-04,Other,2023-03-03,Active
C02679,Charlotte,Johnson,charlotte.johnson627@email.com,+1-401-105-7808,1995-05-31,Male,2023-09-07,Active
C02680,John,Thomas,john.thomas96@email.com,+1-823-217-3378,1968-06-06,Male,2023-11-20,Active
C02681,William,White,william.white156@email.com,+1-318-312-3578,1964-06-07,Other,2024-09-02,Active
C02682,David,Wilson,david.wilson478@email.com,+1-970-776-3287,1970-06-06,Male,2024-11-07,Active
C02683,Ethan,Brown,ethan.brown116@email.com,+1-591-512-2712,2006-05-28,Male,2024-08-21,Active
C02684,Mason,Martin,mason.martin739@email.com,+1-232-557-3228,1961-06-08,Other,2024-01-15,Active
C02685,Samuel,Harris,samuel.harris449@email.com,+1-454-302-4507,1972-06-05,Female,2024-11-24,Active
C02686,Charlotte,Wilson,charlotte.wilson390@email.com,+1-545-313-9784,1997-05-30,Other,2024-12-18,Active
C02687,David,Lee,david.lee898@email.com,+1-881-930-5939,1999-05-30,Male,2023-07-17,Active
C02688,Evelyn,Garcia,evelyn.garcia103@email.com,+1-292-391-1372,1983-06-03,Other,2023-06-09,Active
C02689,Samuel,Jones,samuel.jones945@email.com,+1-545-980-1143,1988-06-01,Other,2023-05-21,Active
C02690,Isabella,Jones,isabella.jones611@email.com,+1-493-484-3110,1996-05-30,Other,2024-12-14,Active
C02691,Daniel,Lopez,daniel.lopez739@email.com,+1-589-959-2081,1957-06-09,Male,2023-03-02,Active
C02692,Benjamin,Thompson,benjamin.thompson683@email.com,+1-782-710-6656,1971-06-06,Other,2024-08-22,Active
C02693,Joseph,Clark,joseph.clark18@email.com,+1-994-199-4749,1999-05-30,Male,2023-09-24,Active
C02694,Henry,Miller,henry.miller435@email.com,+1-567-662-6351,1984-06-02,Female,2023-06-28,Active
C02695,Alexander,Harris,alexander.harris947@email.com,+1-333-317-1443,1952-06-10,Male,2024-04-10,Active
C02696,William,Smith,william.smith145@email.com,+1-693-155-7921,1969-06-06,Female,2024-08-27,Active
C02697,Mia,Thomas,mia.thomas237@email.com,+1-770-606-5553,1970-06-06,Male,2024-10-31,Active
C02698,Andrew,Johnson,andrew.johnson454@email.com,+1-936-838-2398,1953-06-10,Female,2023-10-17,Active
C02699,John,Smith,john.smith423@email.com,+1-433-233-3072,1967-06-07,Other,2024-03-18,Active
C02700,Sophia,Hernandez,sophia.hernandez328@email.com,+1-467-984-3598,1967-06-07,Other,2023-01-31,Active
C02701,Emma,Davis,emma.davis719@email.com,+1-927-987-5676,2005-05-28,Male,2024-11-28,Active
C02702,Mason,Smith,mason.smith631@email.com,+1-571-515-9132,1980-06-03,Other,2023-06-03,Active
C02703,Daniel,Wilson,daniel.wilson915@email.com,+1-515-737-2063,1971-06-06,Female,2023-12-18,Active
C02704,Emily,Lopez,emily.lopez292@email.com,+1-635-963-3825,1978-06-04,Female,2024-04-23,Active
C02705,Sophia,Jones,sophia.jones857@email.com,+1-457-572-8113,2006-05-28,Male,2024-12-29,Active
C02706,Sebastian,Johnson,sebastian.johnson788@email.com,+1-321-916-9424,1995-05-31,Male,2024-08-28,Active
C02707,Liam,Sanchez,liam.sanchez934@email.com,+1-954-911-7759,2002-05-29,Male,2023-06-13,Active
C02708,Avery,Gonzalez,avery.gonzalez283@email.com,+1-981-192-9011,1975-06-05,Female,2024-07-19,Active
C02709,Olivia,Moore,olivia.moore14@email.com,+1-729-199-7000,1999-05-30,Male,2023-09-30,Active
C02710,John,Smith,john.smith890@email.com,+1-937-210-6615,1979-06-04,Male,2023-01-10,Active
C02711,Ethan,Miller,ethan.miller521@email.com,+1-243-518-8421,2005-05-28,Male,2024-09-18,Active
C02712,David,Thompson,david.thompson235@email.com,+1-540-181-1783,1975-06-05,Female,2024-03-12,Active
C02713,Henry,Thomas,henry.thomas308@email.com,+1-404-920-7563,1963-06-08,Male,2024-07-05,Active
C02714,Charlotte,Smith,charlotte.smith18@email.com,+1-778-545-3977,1953-06-10,Other,2024-01-09,Active
C02715,Samuel,Perez,samuel.perez364@email.com,+1-657-536-8036,1977-06-04,Female,2023-05-01,Active
C02716,Liam,Miller,liam.miller124@email.com,+1-774-105-6468,1957-06-09,Other,2024-06-11,Active
C02717,Charlotte,Martin,charlotte.martin413@email.com,+1-360-942-8200,1952-06-10,Female,2024-04-15,Active
C02718,Matthew,Wilson,matthew.wilson843@email.com,+1-352-180-6787,1975-06-05,Male,2023-05-12,Active
C02719,Lucas,Clark,lucas.clark142@email.com,+1-916-974-8782,2005-05-28,Male,2024-12-12,Active
C02720,Henry,Gonzalez,henry.gonzalez425@email.com,+1-635-202-6088,1971-06-06,Other,2024-01-28,Active
C02721,Liam,Harris,liam.harris70@email.com,+1-319-151-8322,1966-06-07,Female,2023-05-09,Active
C02722,David,Brown,david.brown936@email.com,+1-458-138-1321,1971-06-06,Female,2023-03-02,Active
C02723,Lucas,Moore,lucas.moore787@email.com,+1-765-169-5416,1988-06-01,Male,2023-05-24,Active
C02724,Lucas,Perez,lucas.perez725@email.com,+1-267-424-3820,1969-06-06,Female,2024-11-18,Active
C02725,Victoria,Taylor,victoria.taylor39@email.com,+1-803-404-9141,1975-06-05,Other,2023-11-23,Active
C02726,Joseph,Lee,joseph.lee230@email.com,+1-863-166-4254,1980-06-03,Other,2023-09-14,Active
C02727,Mason,Clark,mason.clark425@email.com,+1-591-717-5794,1984-06-02,Female,2024-09-18,Active
C02728,Sophia,Jones,sophia.jones222@email.com,+1-696-393-1804,1972-06-05,Female,2023-08-23,Active
C02729,Henry,Davis,henry.davis239@email.com,+1-378-880-6280,1995-05-31,Male,2023-10-11,Active
C02730,Scarlett,Perez,scarlett.perez606@email.com,+1-809-396-2866,1957-06-09,Female,2023-04-16,Active
C02731,Emma,Williams,emma.williams729@email.com,+1-470-269-8058,2007-05-28,Male,2023-02-24,Active
C02732,Benjamin,Anderson,benjamin.anderson53@email.com,+1-727-571-9856,2003-05-29,Male,2024-07-09,Active
C02733,Sofia,Johnson,sofia.johnson862@email.com,+1-362-776-1449,1968-06-06,Other,2023-03-27,Active
C02734,Harper,Brown,harper.brown871@email.com,+1-758-918-2371,1965-06-07,Female,2024-05-05,Active
C02735,Andrew,Jackson,andrew.jackson526@email.com,+1-809-616-8349,2003-05-29,Male,2024-08-03,Active
C02736,Avery,Smith,avery.smith749@email.com,+1-750-615-5747,2007-05-28,Other,2023-02-23,Active
C02737,Ava,Moore,ava.moore951@email.com,+1-608-366-5982,1998-05-30,Male,2023-07-03,Active
C02738,Mason,Anderson,mason.anderson970@email.com,+1-564-634-9407,1980-06-03,Other,2024-05-07,Active
C02739,Scarlett,Lopez,scarlett.lopez449@email.com,+1-211-652-3827,1992-05-31,Male,2024-10-29,Active
C02740,Grace,Johnson,grace.johnson429@email.com,+1-685-427-8754,1955-06-10,Male,2023-02-18,Active
C02741,James,Clark,james.clark194@email.com,+1-589-676-2394,1983-06-03,Other,2024-02-29,Active
C02742,Ethan,Harris,ethan.harris664@email.com,+1-884-186-3585,1965-06-07,Female,2023-07-27,Active
C02743,John,Rodriguez,john.rodriguez811@email.com,+1-369-714-7938,1999-05-30,Other,2023-06-07,Active
C02744,David,White,david.white771@email.com,+1-601-692-8817,2005-05-28,Other,2023-02-20,Active
C02745,Henry,Johnson,henry.johnson603@email.com,+1-563-334-2931,1958-06-09,Male,2024-04-11,Active
C02746,John,Wilson,john.wilson116@email.com,+1-563-537-1721,1967-06-07,Other,2023-08-13,Active
C02747,Lucas,Garcia,lucas.garcia500@email.com,+1-490-790-4672,1984-06-02,Other,2024-01-25,Active
C02748,Emily,Brown,emily.brown798@email.com,+1-671-694-7523,1968-06-06,Female,2024-06-28,Active
C02749,Olivia,Lewis,olivia.lewis620@email.com,+1-631-818-5637,1984-06-02,Female,2023-04-17,Active
C02750,Grace,Davis,grace.davis738@email.com,+1-471-726-8033,1980-06-03,Female,2024-12-05,Active
C02751,Scarlett,Martinez,scarlett.martinez156@email.com,+1-266-554-1190,1987-06-02,Other,2024-07-28,Active
C02752,Sophia,Gonzalez,sophia.gonzalez146@email.com,+1-363-464-4983,1991-06-01,Female,2023-03-27,Active
C02753,Grace,Moore,grace.moore129@email.com,+1-200-614-4637,1983-06-03,Other,2024-04-03,Active
C02754,Grace,Thompson,grace.thompson514@email.com,+1-433-728-1673,1992-05-31,Male,2023-10-12,Active
C02755,Matthew,Thomas,matthew.thomas155@email.com,+1-970-639-8293,2004-05-28,Other,2023-04-25,Active
C02756,Jackson,Smith,jackson.smith639@email.com,+1-264-191-5913,1955-06-10,Male,2024-10-17,Active
C02757,Mason,Jackson,mason.jackson918@email.com,+1-974-842-5067,1960-06-08,Other,2023-12-31,Active
C02758,Victoria,Lee,victoria.lee835@email.com,+1-367-940-4351,1994-05-31,Male,2023-11-10,Active
C02759,Benjamin,Thomas,benjamin.thomas737@email.com,+1-617-100-6598,2006-05-28,Male,2024-06-23,Active
C02760,Harper,Hernandez,harper.hernandez570@email.com,+1-723-196-7563,2007-05-28,Other,2024-01-26,Active
C02761,Mia,Lopez,mia.lopez929@email.com,+1-485-868-5949,1992-05-31,Male,2023-08-12,Active
C02762,Mason,Martin,mason.martin100@email.com,+1-639-425-1517,1990-06-01,Other,2024-06-17,Active
C02763,Henry,Smith,henry.smith807@email.com,+1-780-526-7587,1960-06-08,Female,2024-10-28,Active
C02764,Ella,Lewis,ella.lewis934@email.com,+1-965-166-9450,1992-05-31,Other,2024-08-24,Active
C02765,Victoria,Moore,victoria.moore587@email.com,+1-971-659-1685,1962-06-08,Other,2023-06-21,Active
C02766,Emma,Ramirez,emma.ramirez411@email.com,+1-672-953-3383,2003-05-29,Female,2024-09-23,Active
C02767,Avery,Rodriguez,avery.rodriguez424@email.com,+1-729-968-2713,1969-06-06,Female,2024-05-14,Active
C02768,James,Robinson,james.robinson404@email.com,+1-841-485-5342,1969-06-06,Female,2023-06-21,Active
C02769,Grace,Martin,grace.martin825@email.com,+1-454-815-7485,1973-06-05,Other,2023-01-18,Active
C02770,Avery,Martinez,avery.martinez953@email.com,+1-718-490-6117,1988-06-01,Male,2023-01-26,Active
C02771,Michael,Jackson,michael.jackson268@email.com,+1-521-922-1807,1969-06-06,Male,2024-09-09,Active
C02772,Isabella,White,isabella.white614@email.com,+1-895-284-1959,1985-06-02,Female,2023-01-28,Active
C02773,Lucas,Thompson,lucas.thompson952@email.com,+1-590-811-1728,2004-05-28,Male,2024-01-07,Active
C02774,Ella,Williams,ella.williams433@email.com,+1-899-845-2013,1974-06-05,Other,2024-05-13,Active
C02775,Sebastian,Sanchez,sebastian.sanchez405@email.com,+1-412-531-6150,1963-06-08,Female,2024-04-21,Active
C02776,Isabella,Brown,isabella.brown528@email.com,+1-793-366-6368,2005-05-28,Other,2023-12-16,Active
C02777,Elizabeth,Thomas,elizabeth.thomas8@email.com,+1-250-125-5933,1975-06-05,Female,2024-08-14,Active
C02778,John,Rodriguez,john.rodriguez184@email.com,+1-248-400-7165,1953-06-10,Other,2023-12-13,Active
C02779,Henry,Sanchez,henry.sanchez925@email.com,+1-958-982-8125,1982-06-03,Female,2023-10-17,Active
C02780,Noah,Hernandez,noah.hernandez809@email.com,+1-646-368-3651,1988-06-01,Female,2024-12-17,Active
C02781,Jackson,Ramirez,jackson.ramirez373@email.com,+1-701-874-8259,1951-06-11,Other,2024-01-18,Active
C02782,Liam,Jackson,liam.jackson462@email.com,+1-515-886-6225,1958-06-09,Male,2024-05-19,Active
C02783,Scarlett,Sanchez,scarlett.sanchez624@email.com,+1-229-535-3143,1992-05-31,Female,2024-04-27,Active
C02784,Matthew,Lewis,matthew.lewis391@email.com,+1-333-974-4019,1964-06-07,Female,2023-10-30,Active
C02785,Evelyn,Johnson,evelyn.johnson112@email.com,+1-606-747-6472,1986-06-02,Other,2023-04-23,Active
C02786,Amelia,Robinson,amelia.robinson55@email.com,+1-209-811-7971,2001-05-29,Male,2024-07-20,Active
C02787,James,Jones,james.jones302@email.com,+1-385-880-8404,1964-06-07,Female,2023-10-20,Active
C02788,Ella,Martinez,ella.martinez411@email.com,+1-337-882-6177,1984-06-02,Male,2023-04-14,Active
C02789,Liam,Brown,liam.brown81@email.com,+1-381-387-2637,1954-06-10,Female,2024-09-28,Active
C02790,Scarlett,Clark,scarlett.clark980@email.com,+1-457-646-9471,2005-05-28,Female,2023-03-18,Active
C02791,Emma,Harris,emma.harris927@email.com,+1-749-115-2775,1975-06-05,Other,2023-09-03,Active
C02792,Matthew,Thomas,matthew.thomas729@email.com,+1-706-672-3094,1997-05-30,Male,2024-06-14,Active
C02793,Chloe,Martin,chloe.martin904@email.com,+1-566-554-1223,2000-05-29,Female,2024-03-27,Active
C02794,Sofia,Sanchez,sofia.sanchez270@email.com,+1-368-753-7963,1962-06-08,Male,2024-10-15,Active
C02795,Mason,Robinson,mason.robinson169@email.com,+1-254-308-9663,1961-06-08,Male,2024-04-18,Active
C02796,Ella,Hernandez,ella.hernandez234@email.com,+1-640-454-7322,1979-06-04,Male,2023-07-05,Active
C02797,Sebastian,Lopez,sebastian.lopez998@email.com,+1-850-272-7037,1997-05-30,Other,2024-04-04,Active
C02798,Alexander,Jones,alexander.jones127@email.com,+1-887-670-4810,1952-06-10,Female,2023-08-04,Active
C02799,Harper,Lopez,harper.lopez817@email.com,+1-970-374-1772,1981-06-03,Other,2024-11-29,Active
C02800,Harper,Martinez,harper.martinez669@email.com,+1-576-392-8654,1999-05-30,Other,2024-01-20,Active
C02801,Charlotte,Ramirez,charlotte.ramirez902@email.com,+1-278-214-3292,1963-06-08,Male,2024-06-16,Active
C02802,Avery,Martinez,avery.martinez789@email.com,+1-750-729-9048,1962-06-08,Other,2023-02-02,Active
C02803,Ethan,Anderson,ethan.anderson449@email.com,+1-992-507-4379,1990-06-01,Other,2024-04-27,Active
C02804,Mia,Thomas,mia.thomas174@email.com,+1-231-296-9829,1998-05-30,Other,2023-12-09,Active
C02805,Ava,Lewis,ava.lewis487@email.com,+1-562-831-1206,2005-05-28,Other,2023-03-02,Active
C02806,Ava,Martin,ava.martin803@email.com,+1-596-352-1683,1963-06-08,Female,2024-04-14,Active
C02807,Charlotte,Johnson,charlotte.johnson396@email.com,+1-823-911-4760,1974-06-05,Other,2024-02-03,Active
C02808,Scarlett,Clark,scarlett.clark149@email.com,+1-473-739-4759,1952-06-10,Male,2024-01-28,Active
C02809,Alexander,Smith,alexander.smith37@email.com,+1-916-906-2701,1963-06-08,Male,2023-07-23,Active
C02810,Matthew,Anderson,matthew.anderson486@email.com,+1-717-393-9424,1986-06-02,Female,2024-10-24,Active
C02811,James,Rodriguez,james.rodriguez261@email.com,+1-460-786-6889,1981-06-03,Female,2024-04-08,Active
C02812,Noah,Clark,noah.clark545@email.com,+1-415-939-9766,2004-05-28,Other,2023-12-27,Active
C02813,Ella,Martin,ella.martin635@email.com,+1-422-561-2755,1965-06-07,Other,2024-12-16,Active
C02814,Abigail,Davis,abigail.davis660@email.com,+1-810-226-3409,1976-06-04,Female,2023-07-01,Active
C02815,Scarlett,Perez,scarlett.perez262@email.com,+1-751-852-7324,1971-06-06,Other,2023-04-04,Active
C02816,Jackson,Jackson,jackson.jackson541@email.com,+1-726-895-3539,2005-05-28,Other,2023-01-24,Active
C02817,Alexander,Hernandez,alexander.hernandez493@email.com,+1-792-819-3176,1991-06-01,Male,2023-08-29,Active
C02818,Avery,Perez,avery.perez141@email.com,+1-459-485-4810,1953-06-10,Male,2024-11-24,Active
C02819,Victoria,Moore,victoria.moore766@email.com,+1-590-827-5139,2000-05-29,Female,2024-07-05,Active
C02820,Benjamin,Clark,benjamin.clark571@email.com,+1-864-331-8365,1993-05-31,Other,2024-07-18,Active
C02821,Lucas,Jackson,lucas.jackson812@email.com,+1-305-254-2846,1973-06-05,Other,2023-03-11,Active
C02822,Joseph,Smith,joseph.smith402@email.com,+1-360-680-4442,1953-06-10,Other,2024-07-08,Active
C02823,Scarlett,Robinson,scarlett.robinson51@email.com,+1-928-691-4474,2001-05-29,Male,2024-07-13,Active
C02824,Olivia,Clark,olivia.clark120@email.com,+1-215-289-4768,2007-05-28,Male,2024-07-05,Active
C02825,Ava,Thompson,ava.thompson535@email.com,+1-595-572-8110,2006-05-28,Male,2023-12-09,Active
C02826,Liam,Taylor,liam.taylor862@email.com,+1-846-711-8878,2008-05-27,Male,2023-12-02,Active
C02827,Sebastian,Williams,sebastian.williams838@email.com,+1-502-293-7105,1990-06-01,Male,2023-12-05,Active
C02828,Noah,Robinson,noah.robinson742@email.com,+1-440-666-5740,1993-05-31,Other,2024-02-09,Active
C02829,Ethan,Jackson,ethan.jackson523@email.com,+1-973-148-8906,1958-06-09,Female,2024-03-24,Active
C02830,Sebastian,Lee,sebastian.lee142@email.com,+1-399-422-6068,1988-06-01,Other,2023-11-09,Active
C02831,Sophia,Johnson,sophia.johnson4@email.com,+1-403-850-1276,1997-05-30,Female,2023-09-20,Active
C02832,Emma,Lopez,emma.lopez837@email.com,+1-485-437-7212,1987-06-02,Male,2023-10-10,Active
C02833,Liam,Lewis,liam.lewis706@email.com,+1-247-546-8091,1981-06-03,Female,2023-02-16,Active
C02834,Henry,Williams,henry.williams76@email.com,+1-213-762-7438,1953-06-10,Female,2023-12-18,Active
C02835,Ethan,Thompson,ethan.thompson93@email.com,+1-920-960-4683,1957-06-09,Male,2024-03-18,Active
C02836,Avery,Moore,avery.moore332@email.com,+1-302-508-5405,2006-05-28,Female,2023-04-08,Active
C02837,Samuel,Martin,samuel.martin16@email.com,+1-576-891-4189,1973-06-05,Female,2023-10-18,Active
C02838,Charlotte,Martinez,charlotte.martinez568@email.com,+1-344-486-9753,1969-06-06,Other,2023-05-30,Active
C02839,Matthew,Garcia,matthew.garcia398@email.com,+1-821-570-1252,1974-06-05,Male,2023-07-10,Active
C02840,Jackson,Moore,jackson.moore569@email.com,+1-732-750-2938,1965-06-07,Other,2023-09-05,Active
C02841,Joseph,Sanchez,joseph.sanchez630@email.com,+1-274-472-1501,1981-06-03,Other,2023-12-18,Active
C02842,James,Lopez,james.lopez465@email.com,+1-279-683-8446,1964-06-07,Male,2023-12-11,Active
C02843,Victoria,Davis,victoria.davis130@email.com,+1-222-189-3174,1960-06-08,Other,2023-10-17,Active
C02844,Emily,Anderson,emily.anderson870@email.com,+1-846-634-4060,1989-06-01,Male,2023-12-08,Active
C02845,Ethan,Moore,ethan.moore876@email.com,+1-205-879-7038,1958-06-09,Male,2024-08-11,Active
C02846,David,Lopez,david.lopez344@email.com,+1-722-421-2929,1979-06-04,Female,2023-09-17,Active
C02847,Evelyn,Thompson,evelyn.thompson93@email.com,+1-887-865-3260,1984-06-02,Female,2023-08-20,Active
C02848,Victoria,Garcia,victoria.garcia803@email.com,+1-276-198-9877,1973-06-05,Other,2023-02-11,Active
C02849,William,Rodriguez,william.rodriguez95@email.com,+1-823-829-7599,1991-06-01,Female,2024-08-12,Active
C02850,James,Garcia,james.garcia145@email.com,+1-817-588-6476,2004-05-28,Other,2023-07-26,Active
C02851,Avery,Johnson,avery.johnson831@email.com,+1-924-370-7003,2002-05-29,Male,2024-04-03,Active
C02852,Sebastian,Lopez,sebastian.lopez698@email.com,+1-500-481-8964,1981-06-03,Female,2024-11-15,Active
C02853,Scarlett,Jones,scarlett.jones3@email.com,+1-791-244-3069,1955-06-10,Female,2023-12-22,Active
C02854,Emma,Thompson,emma.thompson589@email.com,+1-218-851-1815,1983-06-03,Other,2024-10-28,Active
C02855,Amelia,Robinson,amelia.robinson722@email.com,+1-550-519-5507,1998-05-30,Female,2024-11-07,Active
C02856,Benjamin,Clark,benjamin.clark140@email.com,+1-485-967-8700,1998-05-30,Other,2024-07-03,Active
C02857,Sebastian,Martin,sebastian.martin336@email.com,+1-938-906-5587,2003-05-29,Male,2024-12-26,Active
C02858,Joseph,Taylor,joseph.taylor668@email.com,+1-729-287-3636,1963-06-08,Female,2023-01-26,Active
C02859,Avery,Davis,avery.davis93@email.com,+1-339-529-2187,1958-06-09,Other,2023-11-29,Active
C02860,Daniel,Smith,daniel.smith494@email.com,+1-267-160-6757,1964-06-07,Other,2023-06-05,Active
C02861,Noah,Williams,noah.williams119@email.com,+1-788-480-1016,1954-06-10,Male,2023-04-16,Active
C02862,David,Lewis,david.lewis827@email.com,+1-311-935-2411,1981-06-03,Male,2024-02-13,Active
C02863,Ethan,White,ethan.white902@email.com,+1-244-861-6942,2005-05-28,Female,2024-05-13,Active
C02864,Chloe,Jones,chloe.jones205@email.com,+1-244-133-8575,1971-06-06,Female,2024-10-20,Active
C02865,Abigail,Perez,abigail.perez16@email.com,+1-204-595-5201,2003-05-29,Other,2023-01-14,Active
C02866,Scarlett,Jackson,scarlett.jackson805@email.com,+1-519-675-6361,1994-05-31,Female,2023-01-16,Active
C02867,William,Sanchez,william.sanchez582@email.com,+1-734-579-7769,1972-06-05,Other,2023-05-04,Active
C02868,Benjamin,Ramirez,benjamin.ramirez879@email.com,+1-622-452-3154,1991-06-01,Female,2023-05-02,Active
C02869,Ella,Harris,ella.harris119@email.com,+1-623-956-2443,1976-06-04,Other,2023-04-02,Active
C02870,William,Thomas,william.thomas208@email.com,+1-518-930-9821,1951-06-11,Male,2024-10-08,Active
C02871,Ava,Johnson,ava.johnson265@email.com,+1-540-146-3518,1966-06-07,Other,2024-01-06,Active
C02872,Andrew,Gonzalez,andrew.gonzalez228@email.com,+1-901-287-2125,1995-05-31,Female,2023-09-09,Active
C02873,Daniel,Anderson,daniel.anderson263@email.com,+1-736-882-4964,1982-06-03,Male,2024-01-21,Active
C02874,Samuel,Johnson,samuel.johnson416@email.com,+1-479-658-8133,1981-06-03,Other,2024-11-22,Active
C02875,Avery,Miller,avery.miller603@email.com,+1-761-324-5118,1976-06-04,Other,2024-02-29,Active
C02876,Charlotte,Moore,charlotte.moore311@email.com,+1-381-425-4733,1954-06-10,Other,2023-12-06,Active
C02877,Alexander,Gonzalez,alexander.gonzalez937@email.com,+1-341-653-1777,2005-05-28,Female,2024-01-28,Active
C02878,Avery,Clark,avery.clark455@email.com,+1-483-821-1821,1980-06-03,Female,2023-11-25,Active
C02879,Andrew,Hernandez,andrew.hernandez361@email.com,+1-281-472-7505,1972-06-05,Male,2024-07-21,Active
C02880,James,White,james.white845@email.com,+1-209-708-1557,1951-06-11,Female,2023-06-27,Active
C02881,Abigail,Brown,abigail.brown44@email.com,+1-705-744-6070,1970-06-06,Other,2024-12-03,Active
C02882,Sophia,Lewis,sophia.lewis240@email.com,+1-302-185-2640,1984-06-02,Other,2023-09-15,Active
C02883,Sophia,Martin,sophia.martin704@email.com,+1-219-245-6382,1980-06-03,Other,2024-03-04,Active
C02884,Elizabeth,Johnson,elizabeth.johnson704@email.com,+1-919-281-3755,1983-06-03,Male,2023-03-23,Active
C02885,Andrew,Lopez,andrew.lopez942@email.com,+1-439-422-5391,1965-06-07,Male,2023-01-16,Active
C02886,James,Smith,james.smith915@email.com,+1-284-782-3215,1951-06-11,Female,2024-06-28,Active
C02887,Abigail,Sanchez,abigail.sanchez813@email.com,+1-779-465-1975,1953-06-10,Male,2024-12-21,Active
C02888,Sofia,Harris,sofia.harris832@email.com,+1-916-151-2293,1987-06-02,Male,2024-02-08,Active
C02889,Benjamin,Ramirez,benjamin.ramirez737@email.com,+1-387-999-6685,1965-06-07,Other,2023-03-02,Active
C02890,John,Rodriguez,john.rodriguez451@email.com,+1-848-732-6567,1990-06-01,Female,2024-11-29,Active
C02891,Olivia,Clark,olivia.clark505@email.com,+1-302-883-8257,1954-06-10,Male,2023-01-10,Active
C02892,Isabella,Anderson,isabella.anderson610@email.com,+1-763-150-6797,1971-06-06,Other,2023-01-06,Active
C02893,Daniel,Lee,daniel.lee29@email.com,+1-436-782-2077,1983-06-03,Male,2024-11-12,Active
C02894,Evelyn,Perez,evelyn.perez637@email.com,+1-421-411-1199,1951-06-11,Other,2024-06-06,Active
C02895,John,Brown,john.brown4@email.com,+1-484-456-3065,1981-06-03,Male,2024-11-29,Active
C02896,Olivia,Taylor,olivia.taylor627@email.com,+1-915-878-5656,1974-06-05,Male,2024-10-27,Active
C02897,Alexander,Lee,alexander.lee629@email.com,+1-296-326-6518,1951-06-11,Other,2023-04-11,Active
C02898,James,Moore,james.moore368@email.com,+1-554-878-4991,1972-06-05,Other,2023-12-15,Active
C02899,Michael,Jones,michael.jones47@email.com,+1-570-497-2157,1982-06-03,Male,2024-11-27,Active
C02900,Joseph,Jackson,joseph.jackson964@email.com,+1-791-113-1314,1981-06-03,Other,2023-11-20,Active
C02901,Sebastian,Johnson,sebastian.johnson76@email.com,+1-759-496-8196,2006-05-28,Female,2023-08-31,Active
C02902,Lucas,Thomas,lucas.thomas513@email.com,+1-473-811-3053,1996-05-30,Other,2024-05-22,Active
C02903,Chloe,Ramirez,chloe.ramirez296@email.com,+1-514-694-7143,2008-05-27,Male,2024-05-15,Active
C02904,Matthew,Thomas,matthew.thomas470@email.com,+1-586-876-3575,2008-05-27,Female,2024-01-24,Active
C02905,Benjamin,Garcia,benjamin.garcia649@email.com,+1-556-948-1181,1995-05-31,Female,2024-10-18,Active
C02906,Elizabeth,Hernandez,elizabeth.hernandez262@email.com,+1-333-500-4008,1979-06-04,Male,2024-03-14,Active
C02907,Grace,Rodriguez,grace.rodriguez189@email.com,+1-796-162-4060,1964-06-07,Other,2023-02-23,Active
C02908,William,Davis,william.davis809@email.com,+1-426-415-6423,2008-05-27,Male,2024-09-25,Active
C02909,Olivia,Jackson,olivia.jackson41@email.com,+1-858-531-1760,2008-05-27,Male,2024-01-02,Active
C02910,Grace,Moore,grace.moore936@email.com,+1-623-622-5149,1999-05-30,Male,2024-04-27,Active
C02911,Mason,Williams,mason.williams394@email.com,+1-602-554-4603,2008-05-27,Other,2024-08-14,Active
C02912,Evelyn,Lewis,evelyn.lewis695@email.com,+1-542-567-6473,1958-06-09,Other,2023-06-04,Active
C02913,Grace,Anderson,grace.anderson332@email.com,+1-779-981-4048,1971-06-06,Male,2024-10-03,Active
C02914,John,Harris,john.harris434@email.com,+1-519-271-7475,1955-06-10,Male,2024-11-14,Active
C02915,Lucas,Wilson,lucas.wilson688@email.com,+1-383-916-1138,1979-06-04,Male,2023-01-21,Active
C02916,Daniel,Lopez,daniel.lopez534@email.com,+1-391-179-5191,1952-06-10,Female,2023-09-15,Active
C02917,Liam,Thompson,liam.thompson611@email.com,+1-329-101-8289,1957-06-09,Male,2024-09-05,Active
C02918,Emily,Clark,emily.clark166@email.com,+1-431-830-1100,1981-06-03,Male,2024-06-29,Active
C02919,Mia,Brown,mia.brown663@email.com,+1-822-842-3800,1975-06-05,Female,2024-10-23,Active
C02920,Mason,Taylor,mason.taylor587@email.com,+1-700-840-1070,1972-06-05,Female,2023-01-29,Active
C02921,Sophia,Wilson,sophia.wilson109@email.com,+1-991-214-9243,1974-06-05,Male,2023-10-11,Active
C02922,Daniel,Hernandez,daniel.hernandez564@email.com,+1-763-183-6127,1979-06-04,Other,2023-05-29,Active
C02923,Ella,Garcia,ella.garcia721@email.com,+1-907-196-7254,2006-05-28,Other,2023-06-11,Active
C02924,Noah,Harris,noah.harris792@email.com,+1-547-342-8843,1970-06-06,Other,2023-07-03,Active
C02925,Benjamin,Williams,benjamin.williams561@email.com,+1-584-723-3532,1978-06-04,Other,2023-07-30,Active
C02926,James,Sanchez,james.sanchez522@email.com,+1-482-439-6095,2002-05-29,Other,2024-11-07,Active
C02927,Scarlett,Jones,scarlett.jones173@email.com,+1-939-872-8811,2005-05-28,Male,2024-07-18,Active
C02928,James,Moore,james.moore219@email.com,+1-829-401-9792,1955-06-10,Other,2024-08-23,Active
C02929,Amelia,Jones,amelia.jones679@email.com,+1-359-160-5128,1991-06-01,Female,2024-10-02,Active
C02930,Joseph,Rodriguez,joseph.rodriguez671@email.com,+1-416-848-3157,2001-05-29,Other,2023-07-13,Active
C02931,Ava,Wilson,ava.wilson998@email.com,+1-568-691-4215,1965-06-07,Male,2023-01-14,Active
C02932,Isabella,White,isabella.white643@email.com,+1-952-113-3090,1995-05-31,Other,2024-11-25,Active
C02933,Noah,Rodriguez,noah.rodriguez960@email.com,+1-931-812-3445,2000-05-29,Male,2024-05-21,Active
C02934,Avery,Thomas,avery.thomas368@email.com,+1-330-812-2691,1963-06-08,Female,2024-04-26,Active
C02935,Charlotte,Johnson,charlotte.johnson921@email.com,+1-995-877-3140,1982-06-03,Male,2023-08-04,Active
C02936,Michael,Lewis,michael.lewis49@email.com,+1-616-359-7485,1965-06-07,Male,2024-06-13,Active
C02937,Noah,Lopez,noah.lopez733@email.com,+1-809-336-8208,1986-06-02,Female,2023-09-21,Active
C02938,Matthew,Lewis,matthew.lewis599@email.com,+1-298-725-9802,1959-06-09,Male,2024-05-16,Active
C02939,Ava,Perez,ava.perez24@email.com,+1-867-265-2468,1952-06-10,Other,2023-11-02,Active
C02940,Ava,Thomas,ava.thomas306@email.com,+1-587-985-1669,1961-06-08,Other,2024-07-22,Active
C02941,Samuel,Miller,samuel.miller123@email.com,+1-229-369-5062,2004-05-28,Female,2023-06-26,Active
C02942,Andrew,Gonzalez,andrew.gonzalez402@email.com,+1-366-254-2329,1982-06-03,Male,2024-06-07,Active
C02943,Joseph,Smith,joseph.smith514@email.com,+1-257-475-7649,1955-06-10,Female,2023-06-10,Active
C02944,Sofia,Clark,sofia.clark993@email.com,+1-602-571-1664,1964-06-07,Male,2023-12-05,Active
C02945,Matthew,Robinson,matthew.robinson157@email.com,+1-286-684-9390,1985-06-02,Female,2023-11-24,Active
C02946,Noah,Martinez,noah.martinez596@email.com,+1-493-897-5173,2006-05-28,Other,2024-02-28,Active
C02947,Avery,Wilson,avery.wilson401@email.com,+1-401-801-6016,1963-06-08,Male,2023-04-22,Active
C02948,Amelia,Jackson,amelia.jackson427@email.com,+1-552-108-5952,1984-06-02,Other,2023-03-10,Active
C02949,Mia,Anderson,mia.anderson195@email.com,+1-332-966-3767,1981-06-03,Male,2023-12-03,Active
C02950,Mason,Williams,mason.williams303@email.com,+1-350-361-4546,2000-05-29,Other,2023-11-07,Active
C02951,Michael,Lee,michael.lee569@email.com,+1-912-428-5367,2002-05-29,Male,2023-02-11,Active
C02952,Scarlett,Ramirez,scarlett.ramirez526@email.com,+1-851-140-9745,1965-06-07,Other,2023-08-15,Active
C02953,Andrew,Brown,andrew.brown758@email.com,+1-837-517-3416,1962-06-08,Male,2023-03-18,Active
C02954,Alexander,Robinson,alexander.robinson841@email.com,+1-928-186-7230,1996-05-30,Male,2024-04-06,Active
C02955,Sebastian,Hernandez,sebastian.hernandez825@email.com,+1-445-237-5615,1952-06-10,Male,2023-09-17,Active
C02956,Daniel,Perez,daniel.perez59@email.com,+1-573-644-4864,1992-05-31,Male,2024-05-15,Active
C02957,Charlotte,Clark,charlotte.clark36@email.com,+1-906-346-2270,1955-06-10,Other,2024-10-12,Active
C02958,Daniel,Ramirez,daniel.ramirez685@email.com,+1-741-611-7646,1962-06-08,Female,2024-12-03,Active
C02959,Henry,Lopez,henry.lopez885@email.com,+1-678-897-7396,1965-06-07,Other,2023-01-25,Active
C02960,Henry,Thomas,henry.thomas339@email.com,+1-664-511-5395,1996-05-30,Female,2023-03-22,Active
C02961,Daniel,Davis,daniel.davis448@email.com,+1-579-677-8736,1984-06-02,Female,2024-03-29,Active
C02962,Victoria,Harris,victoria.harris515@email.com,+1-591-926-2041,1951-06-11,Male,2023-10-17,Active
C02963,Henry,Jones,henry.jones81@email.com,+1-381-451-5678,1974-06-05,Male,2023-12-19,Active
C02964,Emma,Jackson,emma.jackson341@email.com,+1-833-413-9323,1997-05-30,Female,2024-10-03,Active
C02965,Matthew,Martin,matthew.martin147@email.com,+1-530-905-7081,1983-06-03,Female,2023-05-22,Active
C02966,Alexander,Ramirez,alexander.ramirez458@email.com,+1-386-215-4924,1953-06-10,Female,2024-12-18,Active
C02967,Henry,Jones,henry.jones246@email.com,+1-576-895-2944,1984-06-02,Male,2024-04-03,Active
C02968,Mason,Robinson,mason.robinson834@email.com,+1-492-153-5338,1971-06-06,Other,2023-03-06,Active
C02969,Charlotte,Davis,charlotte.davis812@email.com,+1-361-525-2906,1952-06-10,Female,2024-02-27,Active
C02970,Alexander,Miller,alexander.miller736@email.com,+1-257-563-7760,1959-06-09,Other,2024-05-20,Active
C02971,David,Davis,david.davis107@email.com,+1-897-118-1491,1965-06-07,Other,2023-07-04,Active
C02972,Mason,Thomas,mason.thomas963@email.com,+1-743-941-6837,2001-05-29,Male,2024-07-13,Active
C02973,Ethan,Lopez,ethan.lopez748@email.com,+1-762-557-2513,1988-06-01,Female,2023-06-10,Active
C02974,Mia,Miller,mia.miller372@email.com,+1-873-386-3887,1957-06-09,Other,2023-10-15,Active
C02975,David,Rodriguez,david.rodriguez274@email.com,+1-896-766-9160,1977-06-04,Male,2024-11-12,Active
C02976,Charlotte,Lee,charlotte.lee989@email.com,+1-367-990-1414,1982-06-03,Other,2023-01-23,Active
C02977,Michael,Lewis,michael.lewis760@email.com,+1-351-327-8286,2000-05-29,Female,2023-09-15,Active
C02978,Chloe,Wilson,chloe.wilson410@email.com,+1-898-431-7663,1979-06-04,Male,2024-06-22,Active
C02979,Emma,Brown,emma.brown286@email.com,+1-263-761-1764,1986-06-02,Other,2023-03-28,Active
C02980,William,Clark,william.clark450@email.com,+1-749-164-1402,1967-06-07,Female,2023-12-21,Active
C02981,Samuel,Perez,samuel.perez47@email.com,+1-237-125-3490,1997-05-30,Other,2023-08-24,Active
C02982,Isabella,Williams,isabella.williams317@email.com,+1-390-427-8587,2001-05-29,Male,2023-02-22,Active
C02983,Jackson,Smith,jackson.smith619@email.com,+1-508-332-3022,1975-06-05,Female,2024-05-23,Active
C02984,Ethan,Thomas,ethan.thomas169@email.com,+1-235-303-2992,1969-06-06,Female,2024-06-12,Active
C02985,Emily,Lopez,emily.lopez727@email.com,+1-357-630-7402,2007-05-28,Other,2024-07-04,Active
C02986,Victoria,Lee,victoria.lee191@email.com,+1-789-843-8940,2000-05-29,Female,2024-04-23,Active
C02987,Daniel,Martin,daniel.martin361@email.com,+1-875-799-4493,1998-05-30,Male,2024-05-05,Active
C02988,William,Lee,william.lee710@email.com,+1-989-934-8253,1969-06-06,Other,2024-05-13,Active
C02989,Charlotte,Lewis,charlotte.lewis535@email.com,+1-817-722-3855,1985-06-02,Female,2024-12-30,Active
C02990,Ella,Thompson,ella.thompson711@email.com,+1-427-900-6800,1994-05-31,Male,2024-05-15,Active
C02991,Jackson,Wilson,jackson.wilson90@email.com,+1-719-458-1569,2003-05-29,Female,2023-09-08,Active
C02992,Noah,Moore,noah.moore471@email.com,+1-246-623-4070,1977-06-04,Other,2023-11-29,Active
C02993,Mason,Harris,mason.harris518@email.com,+1-362-949-4275,2002-05-29,Male,2023-12-07,Active
C02994,Emma,Thomas,emma.thomas128@email.com,+1-359-505-2634,1954-06-10,Other,2024-01-04,Active
C02995,Sebastian,Davis,sebastian.davis915@email.com,+1-771-794-3996,1954-06-10,Male,2023-01-08,Active
C02996,Joseph,Perez,joseph.perez813@email.com,+1-845-545-5294,1959-06-09,Female,2023-07-04,Active
C02997,Matthew,Thomas,matthew.thomas206@email.com,+1-532-553-5303,1995-05-31,Male,2024-08-19,Active
C02998,Benjamin,Thompson,benjamin.thompson157@email.com,+1-345-265-9328,2002-05-29,Other,2024-12-14,Active
C02999,Victoria,Martinez,victoria.martinez260@email.com,+1-357-454-3527,1968-06-06,Other,2023-02-20,Active
C03000,James,Garcia,james.garcia752@email.com,+1-562-514-1936,1956-06-09,Male,2023-12-11,Active
C03001,Andrew,Hernandez,andrew.hernandez217@email.com,+1-580-771-1807,1955-06-10,Male,2023-11-29,Active
C03002,Ella,Ramirez,ella.ramirez818@email.com,+1-450-168-2879,1991-06-01,Male,2023-07-06,Active
C03003,Matthew,Perez,matthew.perez813@email.com,+1-703-382-2712,1977-06-04,Male,2024-05-04,Active
C03004,Abigail,Davis,abigail.davis878@email.com,+1-772-412-2999,1988-06-01,Other,2023-03-04,Active
C03005,William,Smith,william.smith910@email.com,+1-875-173-4600,1983-06-03,Male,2023-12-03,Active
C03006,Noah,Taylor,noah.taylor804@email.com,+1-493-779-7542,1955-06-10,Other,2024-05-11,Active
C03007,Ella,Perez,ella.perez375@email.com,+1-595-164-6141,2006-05-28,Female,2024-03-23,Active
C03008,Daniel,Hernandez,daniel.hernandez258@email.com,+1-782-174-3855,2004-05-28,Other,2023-03-31,Active
C03009,Daniel,Williams,daniel.williams439@email.com,+1-937-374-2179,1959-06-09,Other,2024-10-13,Active
C03010,Michael,Hernandez,michael.hernandez439@email.com,+1-478-117-2496,1984-06-02,Other,2023-05-21,Active
C03011,John,Miller,john.miller606@email.com,+1-528-561-9964,1957-06-09,Female,2023-08-11,Active
C03012,James,Johnson,james.johnson489@email.com,+1-200-930-3246,1998-05-30,Female,2024-12-13,Active
C03013,Jackson,Garcia,jackson.garcia683@email.com,+1-215-172-9128,1962-06-08,Male,2024-09-24,Active
C03014,Ethan,Jones,ethan.jones315@email.com,+1-275-306-4991,1983-06-03,Other,2023-10-18,Active
C03015,David,Moore,david.moore581@email.com,+1-862-564-7651,1975-06-05,Other,2024-11-24,Active
C03016,Ella,Miller,ella.miller76@email.com,+1-368-536-9037,2003-05-29,Male,2023-08-24,Active
C03017,Victoria,Harris,victoria.harris190@email.com,+1-335-548-7379,1979-06-04,Male,2023-02-09,Active
C03018,Michael,Thompson,michael.thompson591@email.com,+1-743-647-8784,1982-06-03,Other,2023-03-08,Active
C03019,Emily,Davis,emily.davis861@email.com,+1-852-312-6058,1970-06-06,Male,2024-06-07,Active
C03020,Ethan,Lee,ethan.lee789@email.com,+1-591-436-6058,1976-06-04,Male,2024-06-22,Active
C03021,John,Lee,john.lee343@email.com,+1-386-338-3042,1998-05-30,Male,2024-08-05,Active
C03022,Mason,Jackson,mason.jackson71@email.com,+1-560-962-1385,1957-06-09,Female,2024-01-09,Active
C03023,Elizabeth,Rodriguez,elizabeth.rodriguez290@email.com,+1-776-755-8472,2008-05-27,Female,2024-03-16,Active
C03024,Noah,Smith,noah.smith144@email.com,+1-630-674-8606,1989-06-01,Female,2023-11-22,Active
C03025,Grace,Perez,grace.perez781@email.com,+1-645-608-7568,1980-06-03,Other,2024-03-02,Active
C03026,John,Anderson,john.anderson946@email.com,+1-516-191-7877,1952-06-10,Female,2024-06-08,Active
C03027,Emily,Wilson,emily.wilson708@email.com,+1-234-363-6416,1982-06-03,Male,2024-11-28,Active
C03028,Lucas,Lopez,lucas.lopez323@email.com,+1-915-325-8704,1971-06-06,Male,2024-06-11,Active
C03029,Elizabeth,Rodriguez,elizabeth.rodriguez579@email.com,+1-636-731-4055,2003-05-29,Female,2023-09-13,Active
C03030,Mason,Lewis,mason.lewis651@email.com,+1-779-765-6867,1964-06-07,Other,2024-08-13,Active
C03031,Elizabeth,Davis,elizabeth.davis329@email.com,+1-410-150-7077,1962-06-08,Female,2023-05-04,Active
C03032,Emma,Garcia,emma.garcia377@email.com,+1-558-212-3646,1979-06-04,Male,2023-07-09,Active
C03033,Sofia,Perez,sofia.perez212@email.com,+1-636-406-4846,1969-06-06,Female,2024-10-12,Active
C03034,Evelyn,Robinson,evelyn.robinson538@email.com,+1-835-970-6495,1986-06-02,Female,2023-04-15,Active
C03035,Evelyn,Wilson,evelyn.wilson674@email.com,+1-645-353-5891,1953-06-10,Female,2024-01-28,Active
C03036,Evelyn,White,evelyn.white227@email.com,+1-514-826-5217,1969-06-06,Female,2024-10-18,Active
C03037,Mason,Gonzalez,mason.gonzalez584@email.com,+1-817-703-5007,1955-06-10,Male,2023-04-19,Active
C03038,Harper,Rodriguez,harper.rodriguez593@email.com,+1-661-391-4709,1952-06-10,Female,2023-05-23,Active
C03039,Sofia,Rodriguez,sofia.rodriguez18@email.com,+1-738-877-3807,2005-05-28,Male,2024-08-04,Active
C03040,John,Hernandez,john.hernandez513@email.com,+1-630-231-8815,1966-06-07,Other,2024-05-22,Active
C03041,Grace,Lee,grace.lee790@email.com,+1-734-696-5417,1998-05-30,Male,2024-09-20,Active
C03042,Sophia,Smith,sophia.smith916@email.com,+1-978-684-8299,1964-06-07,Male,2024-08-21,Active
C03043,James,Brown,james.brown882@email.com,+1-690-879-1710,1989-06-01,Female,2023-08-29,Active
C03044,Samuel,Lopez,samuel.lopez198@email.com,+1-493-745-7763,1978-06-04,Female,2023-12-18,Active
C03045,John,Jones,john.jones880@email.com,+1-996-228-1610,2006-05-28,Male,2024-04-25,Active
C03046,Alexander,Rodriguez,alexander.rodriguez581@email.com,+1-643-968-5987,1999-05-30,Male,2023-12-07,Active
C03047,Andrew,Davis,andrew.davis581@email.com,+1-255-942-1448,1953-06-10,Other,2024-08-09,Active
C03048,Emily,Brown,emily.brown140@email.com,+1-997-217-4342,1954-06-10,Female,2023-09-16,Active
C03049,Matthew,Ramirez,matthew.ramirez365@email.com,+1-741-823-7416,1971-06-06,Female,2024-06-20,Active
C03050,Michael,Lee,michael.lee694@email.com,+1-682-102-8049,1969-06-06,Other,2024-10-12,Active
C03051,Benjamin,Williams,benjamin.williams268@email.com,+1-922-469-5888,1964-06-07,Female,2024-06-21,Active
C03052,Abigail,Gonzalez,abigail.gonzalez398@email.com,+1-426-186-2187,1973-06-05,Other,2024-05-17,Active
C03053,Daniel,Johnson,daniel.johnson907@email.com,+1-409-403-4007,1998-05-30,Female,2024-06-19,Active
C03054,Isabella,Johnson,isabella.johnson879@email.com,+1-454-299-6079,1997-05-30,Female,2023-09-20,Active
C03055,Harper,Wilson,harper.wilson213@email.com,+1-871-210-1306,1966-06-07,Male,2024-02-27,Active
C03056,Avery,Thompson,avery.thompson594@email.com,+1-625-616-7492,2006-05-28,Male,2023-06-27,Active
C03057,Sebastian,Sanchez,sebastian.sanchez924@email.com,+1-866-421-3307,1984-06-02,Female,2023-05-29,Active
C03058,John,Johnson,john.johnson157@email.com,+1-869-191-8983,2004-05-28,Female,2023-10-10,Active
C03059,David,Rodriguez,david.rodriguez193@email.com,+1-238-409-4405,1999-05-30,Male,2024-02-09,Active
C03060,Amelia,Moore,amelia.moore813@email.com,+1-575-148-3676,1969-06-06,Other,2024-07-19,Active
C03061,Henry,Wilson,henry.wilson401@email.com,+1-546-285-8347,1953-06-10,Other,2024-01-22,Active
C03062,Mia,Miller,mia.miller206@email.com,+1-336-632-3511,2008-05-27,Male,2023-04-03,Active
C03063,Isabella,Smith,isabella.smith138@email.com,+1-538-510-2766,1952-06-10,Male,2024-05-25,Active
C03064,Emma,Davis,emma.davis23@email.com,+1-424-302-5155,1980-06-03,Female,2023-11-09,Active
C03065,Ava,White,ava.white709@email.com,+1-325-786-8008,1956-06-09,Female,2023-09-21,Active
C03066,Emma,Anderson,emma.anderson877@email.com,+1-637-245-8837,1986-06-02,Other,2023-04-17,Active
C03067,Abigail,Davis,abigail.davis921@email.com,+1-966-158-3843,1985-06-02,Other,2024-03-22,Active
C03068,Benjamin,Johnson,benjamin.johnson81@email.com,+1-377-336-5232,1993-05-31,Male,2023-08-20,Active
C03069,Liam,Miller,liam.miller278@email.com,+1-933-911-3159,1974-06-05,Male,2024-11-14,Active
C03070,Evelyn,Anderson,evelyn.anderson70@email.com,+1-795-928-1268,1963-06-08,Female,2024-09-29,Active
C03071,Mia,Garcia,mia.garcia678@email.com,+1-335-399-1853,1980-06-03,Male,2023-12-15,Active
C03072,Sofia,Robinson,sofia.robinson852@email.com,+1-465-776-9953,1959-06-09,Other,2023-09-15,Active
C03073,Sophia,Clark,sophia.clark940@email.com,+1-687-757-9113,1982-06-03,Female,2024-02-07,Active
C03074,Sophia,Martin,sophia.martin806@email.com,+1-815-982-3996,1984-06-02,Male,2024-04-05,Active
C03075,Daniel,Lee,daniel.lee555@email.com,+1-432-649-8220,1978-06-04,Other,2024-07-27,Active
C03076,William,Hernandez,william.hernandez518@email.com,+1-265-284-3548,2006-05-28,Other,2024-02-11,Active
C03077,John,Sanchez,john.sanchez705@email.com,+1-551-494-7458,1963-06-08,Female,2023-07-04,Active
C03078,Harper,Robinson,harper.robinson520@email.com,+1-942-857-3415,1993-05-31,Female,2024-04-22,Active
C03079,Charlotte,Anderson,charlotte.anderson588@email.com,+1-987-178-4052,2003-05-29,Male,2024-09-20,Active
C03080,Ethan,Johnson,ethan.johnson123@email.com,+1-743-568-9413,1964-06-07,Male,2024-11-19,Active
C03081,Emily,Thompson,emily.thompson567@email.com,+1-625-926-1819,1979-06-04,Male,2023-02-15,Active
C03082,Noah,Ramirez,noah.ramirez845@email.com,+1-696-398-1590,1970-06-06,Male,2023-03-28,Active
C03083,William,Lopez,william.lopez107@email.com,+1-801-734-5125,1997-05-30,Female,2023-01-20,Active
C03084,Victoria,Hernandez,victoria.hernandez753@email.com,+1-982-212-9093,1997-05-30,Male,2024-09-18,Active
C03085,William,Lewis,william.lewis505@email.com,+1-597-866-5170,1973-06-05,Male,2024-04-20,Active
C03086,David,Garcia,david.garcia168@email.com,+1-221-469-5739,2001-05-29,Male,2024-07-31,Active
C03087,Elizabeth,Garcia,elizabeth.garcia386@email.com,+1-895-428-5270,1984-06-02,Other,2023-05-06,Active
C03088,Charlotte,Robinson,charlotte.robinson200@email.com,+1-957-853-1024,1956-06-09,Other,2023-01-23,Active
C03089,Charlotte,Miller,charlotte.miller297@email.com,+1-501-409-8255,1976-06-04,Female,2024-12-13,Active
C03090,Samuel,Thomas,samuel.thomas521@email.com,+1-813-694-6416,1979-06-04,Female,2024-12-19,Active
C03091,Liam,Sanchez,liam.sanchez171@email.com,+1-210-980-7130,1984-06-02,Other,2023-04-13,Active
C03092,Scarlett,Perez,scarlett.perez358@email.com,+1-273-726-6131,1980-06-03,Other,2024-06-20,Active
C03093,Joseph,Rodriguez,joseph.rodriguez639@email.com,+1-918-286-7508,1966-06-07,Other,2023-10-21,Active
C03094,Benjamin,Garcia,benjamin.garcia971@email.com,+1-812-858-6186,1991-06-01,Male,2023-11-03,Active
C03095,James,Anderson,james.anderson944@email.com,+1-709-585-6224,1986-06-02,Male,2024-07-10,Active
C03096,Chloe,Jones,chloe.jones18@email.com,+1-628-182-7543,2003-05-29,Other,2024-01-09,Active
C03097,William,Sanchez,william.sanchez620@email.com,+1-337-128-7043,1998-05-30,Other,2023-05-25,Active
C03098,William,Jackson,william.jackson293@email.com,+1-319-173-6285,2006-05-28,Male,2023-11-07,Active
C03099,William,Jackson,william.jackson326@email.com,+1-523-875-7590,1993-05-31,Female,2024-05-07,Active
C03100,David,Perez,david.perez738@email.com,+1-357-761-7694,1962-06-08,Other,2024-07-08,Active
C03101,Evelyn,Perez,evelyn.perez783@email.com,+1-384-143-8069,1987-06-02,Male,2023-12-11,Active
C03102,Harper,Martin,harper.martin527@email.com,+1-227-761-6564,1995-05-31,Male,2024-09-23,Active
C03103,Sophia,Davis,sophia.davis671@email.com,+1-751-878-1662,1972-06-05,Female,2024-11-17,Active
C03104,Grace,Ramirez,grace.ramirez872@email.com,+1-429-821-3572,2003-05-29,Other,2024-10-27,Active
C03105,James,Ramirez,james.ramirez156@email.com,+1-296-948-3832,1961-06-08,Female,2024-10-14,Active
C03106,Evelyn,Taylor,evelyn.taylor679@email.com,+1-315-828-7102,1953-06-10,Male,2023-06-29,Active
C03107,Jackson,Moore,jackson.moore428@email.com,+1-748-611-7577,2002-05-29,Male,2024-03-01,Active
C03108,John,Brown,john.brown544@email.com,+1-534-368-9802,1989-06-01,Female,2024-11-02,Active
C03109,Alexander,Harris,alexander.harris137@email.com,+1-889-100-1697,1972-06-05,Male,2023-11-30,Active
C03110,Scarlett,Robinson,scarlett.robinson955@email.com,+1-709-552-9592,1955-06-10,Male,2023-08-28,Active
C03111,Abigail,Taylor,abigail.taylor336@email.com,+1-994-854-7352,1990-06-01,Female,2023-03-19,Active
C03112,Matthew,White,matthew.white319@email.com,+1-993-863-2945,1962-06-08,Female,2023-05-01,Active
C03113,Isabella,Miller,isabella.miller304@email.com,+1-874-284-2831,1963-06-08,Male,2023-04-16,Active
C03114,Jackson,Sanchez,jackson.sanchez149@email.com,+1-383-176-4167,1989-06-01,Male,2024-06-27,Active
C03115,Ava,Johnson,ava.johnson292@email.com,+1-367-726-5144,1958-06-09,Male,2023-07-06,Active
C03116,Mason,Martinez,mason.martinez751@email.com,+1-697-623-2833,1953-06-10,Female,2024-09-30,Active
C03117,Andrew,Anderson,andrew.anderson158@email.com,+1-978-516-5549,1975-06-05,Other,2023-05-22,Active
C03118,Sophia,Lee,sophia.lee165@email.com,+1-726-815-4263,1973-06-05,Other,2024-09-09,Active
C03119,Liam,Johnson,liam.johnson225@email.com,+1-642-532-7714,1964-06-07,Other,2024-12-10,Active
C03120,Mia,Thompson,mia.thompson3@email.com,+1-263-105-6698,1998-05-30,Other,2024-06-13,Active
C03121,Grace,Hernandez,grace.hernandez199@email.com,+1-757-505-4089,1988-06-01,Male,2024-09-24,Active
C03122,Olivia,Hernandez,olivia.hernandez830@email.com,+1-383-376-5002,1973-06-05,Male,2023-07-08,Active
C03123,Emma,Robinson,emma.robinson364@email.com,+1-766-805-3651,1998-05-30,Other,2023-10-31,Active
C03124,Chloe,Harris,chloe.harris627@email.com,+1-263-161-8390,1964-06-07,Other,2023-11-20,Active
C03125,Jackson,Garcia,jackson.garcia843@email.com,+1-668-874-8145,1997-05-30,Male,2024-04-26,Active
C03126,Sebastian,Lewis,sebastian.lewis212@email.com,+1-713-724-7313,1995-05-31,Male,2023-02-11,Active
C03127,Ella,Wilson,ella.wilson922@email.com,+1-964-185-9284,2001-05-29,Other,2024-01-22,Active
C03128,Grace,Robinson,grace.robinson831@email.com,+1-968-947-7594,1979-06-04,Female,2024-07-03,Active
C03129,Sophia,Davis,sophia.davis445@email.com,+1-765-412-2780,1996-05-30,Male,2024-12-31,Active
C03130,William,Perez,william.perez518@email.com,+1-360-305-4696,2002-05-29,Male,2023-04-18,Active
C03131,Grace,Ramirez,grace.ramirez521@email.com,+1-948-329-6723,1961-06-08,Female,2024-06-23,Active
C03132,Victoria,White,victoria.white877@email.com,+1-264-641-8813,1960-06-08,Other,2024-02-02,Active
C03133,Liam,Gonzalez,liam.gonzalez976@email.com,+1-693-604-7318,2006-05-28,Other,2024-09-25,Active
C03134,Jackson,Harris,jackson.harris645@email.com,+1-940-479-3736,1951-06-11,Other,2024-12-25,Active
C03135,Grace,Taylor,grace.taylor103@email.com,+1-869-932-5364,1969-06-06,Male,2024-04-22,Active
C03136,Isabella,Anderson,isabella.anderson622@email.com,+1-655-519-2913,1964-06-07,Other,2023-09-17,Active
C03137,Mason,Lopez,mason.lopez994@email.com,+1-807-529-9736,1974-06-05,Male,2023-03-14,Active
C03138,Alexander,Lopez,alexander.lopez677@email.com,+1-709-282-1272,1983-06-03,Other,2024-07-30,Active
C03139,Elizabeth,Lopez,elizabeth.lopez713@email.com,+1-608-646-7299,1953-06-10,Other,2024-07-10,Active
C03140,Emily,Jackson,emily.jackson850@email.com,+1-296-241-6303,1989-06-01,Male,2023-09-30,Active
C03141,Andrew,Taylor,andrew.taylor608@email.com,+1-779-266-6626,1970-06-06,Male,2024-02-02,Active
C03142,Henry,Perez,henry.perez446@email.com,+1-843-751-1147,1989-06-01,Other,2023-10-03,Active
C03143,Isabella,Jackson,isabella.jackson883@email.com,+1-822-123-8291,1978-06-04,Other,2024-04-01,Active
C03144,William,Harris,william.harris633@email.com,+1-621-533-5989,1972-06-05,Female,2024-10-28,Active
C03145,Andrew,Gonzalez,andrew.gonzalez497@email.com,+1-222-675-1063,1979-06-04,Other,2023-06-14,Active
C03146,Alexander,Perez,alexander.perez697@email.com,+1-709-361-6766,1954-06-10,Other,2023-01-29,Active
C03147,Chloe,Martinez,chloe.martinez416@email.com,+1-482-177-9340,1957-06-09,Other,2024-06-16,Active
C03148,Scarlett,Ramirez,scarlett.ramirez310@email.com,+1-315-520-8570,1955-06-10,Female,2024-04-27,Active
C03149,David,Taylor,david.taylor967@email.com,+1-845-451-4379,1971-06-06,Other,2023-11-19,Active
C03150,Grace,Sanchez,grace.sanchez547@email.com,+1-309-489-5799,2007-05-28,Other,2023-05-13,Active
C03151,Harper,Martinez,harper.martinez324@email.com,+1-210-911-3730,1976-06-04,Other,2023-02-22,Active
C03152,Matthew,Lewis,matthew.lewis11@email.com,+1-534-275-2937,1983-06-03,Male,2024-11-29,Active
C03153,Isabella,Anderson,isabella.anderson41@email.com,+1-606-509-5749,1951-06-11,Other,2023-06-14,Active
C03154,Noah,Smith,noah.smith861@email.com,+1-757-283-5432,1986-06-02,Female,2023-07-03,Active
C03155,Samuel,Brown,samuel.brown789@email.com,+1-426-100-9841,1996-05-30,Other,2023-05-25,Active
C03156,Olivia,Hernandez,olivia.hernandez495@email.com,+1-512-782-9861,1969-06-06,Male,2023-06-16,Active
C03157,Victoria,White,victoria.white486@email.com,+1-468-953-2736,1982-06-03,Female,2023-06-14,Active
C03158,Lucas,Smith,lucas.smith153@email.com,+1-657-907-7071,2008-05-27,Male,2024-12-18,Active
C03159,Benjamin,Johnson,benjamin.johnson696@email.com,+1-553-837-7395,2002-05-29,Female,2023-02-05,Active
C03160,John,Lewis,john.lewis891@email.com,+1-997-710-6830,2007-05-28,Male,2023-03-12,Active
C03161,Emily,Gonzalez,emily.gonzalez300@email.com,+1-299-671-5277,1956-06-09,Male,2023-06-02,Active
C03162,Avery,Moore,avery.moore681@email.com,+1-501-542-8353,1976-06-04,Male,2023-05-28,Active
C03163,Ella,Robinson,ella.robinson739@email.com,+1-219-769-2938,1998-05-30,Female,2023-07-07,Active
C03164,Sofia,Lewis,sofia.lewis659@email.com,+1-235-131-2851,1981-06-03,Male,2023-03-26,Active
C03165,Daniel,Lewis,daniel.lewis705@email.com,+1-325-148-4783,1989-06-01,Female,2024-03-29,Active
C03166,Harper,Jones,harper.jones616@email.com,+1-809-144-7445,1966-06-07,Female,2023-08-24,Active
C03167,Michael,Wilson,michael.wilson573@email.com,+1-610-938-7131,2006-05-28,Female,2024-07-16,Active
C03168,Elizabeth,Jones,elizabeth.jones807@email.com,+1-996-229-2914,1969-06-06,Female,2024-02-04,Active
C03169,Victoria,Wilson,victoria.wilson894@email.com,+1-689-240-6167,1997-05-30,Male,2023-10-23,Active
C03170,James,Brown,james.brown624@email.com,+1-208-439-4865,1967-06-07,Other,2024-05-25,Active
C03171,Evelyn,Anderson,evelyn.anderson813@email.com,+1-230-364-9174,1951-06-11,Female,2024-02-21,Active
C03172,Elizabeth,Martinez,elizabeth.martinez555@email.com,+1-495-801-6335,1994-05-31,Other,2023-12-16,Active
C03173,Victoria,Wilson,victoria.wilson335@email.com,+1-374-198-4797,1988-06-01,Male,2023-07-03,Active
C03174,Emma,Thomas,emma.thomas851@email.com,+1-283-240-5709,1986-06-02,Other,2024-01-25,Active
C03175,Benjamin,Brown,benjamin.brown171@email.com,+1-918-948-1923,1993-05-31,Other,2024-12-28,Active
C03176,Matthew,Jones,matthew.jones675@email.com,+1-389-193-2113,1959-06-09,Male,2023-09-05,Active
C03177,William,Lee,william.lee994@email.com,+1-674-606-3573,1974-06-05,Female,2023-10-23,Active
C03178,Grace,White,grace.white253@email.com,+1-832-454-6259,1988-06-01,Other,2023-01-02,Active
C03179,Sebastian,Hernandez,sebastian.hernandez176@email.com,+1-385-698-6001,1955-06-10,Other,2024-07-10,Active
C03180,Emily,Jones,emily.jones730@email.com,+1-520-203-7653,1988-06-01,Other,2024-09-04,Active
C03181,Joseph,Lopez,joseph.lopez630@email.com,+1-286-559-2090,2005-05-28,Female,2024-11-05,Active
C03182,Samuel,Ramirez,samuel.ramirez653@email.com,+1-248-471-6054,1992-05-31,Male,2023-04-28,Active
C03183,Avery,Anderson,avery.anderson315@email.com,+1-475-582-4773,1995-05-31,Other,2023-12-23,Active
C03184,Emily,Harris,emily.harris145@email.com,+1-504-548-9665,1955-06-10,Male,2024-03-04,Active
C03185,David,Brown,david.brown365@email.com,+1-794-407-8527,1990-06-01,Female,2024-06-10,Active
C03186,Victoria,Miller,victoria.miller38@email.com,+1-541-336-9000,2007-05-28,Other,2023-07-28,Active
C03187,Amelia,Miller,amelia.miller128@email.com,+1-742-322-7902,1964-06-07,Male,2024-10-07,Active
C03188,Charlotte,Davis,charlotte.davis846@email.com,+1-859-633-3985,1976-06-04,Male,2023-10-21,Active
C03189,Ella,Taylor,ella.taylor548@email.com,+1-379-931-2119,1978-06-04,Male,2024-01-05,Active
C03190,Grace,Thomas,grace.thomas202@email.com,+1-209-392-8123,1965-06-07,Female,2024-06-26,Active
C03191,Ava,Hernandez,ava.hernandez186@email.com,+1-325-555-6009,1955-06-10,Female,2023-11-09,Active
C03192,Benjamin,Robinson,benjamin.robinson336@email.com,+1-946-331-8907,2002-05-29,Male,2023-07-26,Active
C03193,Scarlett,Jackson,scarlett.jackson885@email.com,+1-309-464-7960,1996-05-30,Female,2023-01-29,Active
C03194,Evelyn,Rodriguez,evelyn.rodriguez891@email.com,+1-590-608-2435,1961-06-08,Female,2023-08-29,Active
C03195,Elizabeth,Robinson,elizabeth.robinson167@email.com,+1-806-928-7512,1989-06-01,Male,2023-05-09,Active
C03196,Amelia,Miller,amelia.miller834@email.com,+1-605-239-5209,1958-06-09,Other,2023-12-12,Active
C03197,Jackson,Rodriguez,jackson.rodriguez995@email.com,+1-549-153-1475,2001-05-29,Male,2023-01-25,Active
C03198,Noah,Moore,noah.moore610@email.com,+1-767-448-8859,2007-05-28,Other,2024-05-12,Active
C03199,Grace,Lewis,grace.lewis240@email.com,+1-900-825-6576,1963-06-08,Male,2024-07-17,Active
C03200,Ethan,Moore,ethan.moore609@email.com,+1-619-779-9553,1998-05-30,Female,2024-03-09,Active
C03201,Evelyn,Gonzalez,evelyn.gonzalez284@email.com,+1-953-626-9465,1960-06-08,Other,2024-03-02,Active
C03202,Andrew,White,andrew.white469@email.com,+1-796-479-8176,1952-06-10,Other,2024-07-10,Active
C03203,Daniel,Clark,daniel.clark794@email.com,+1-702-436-6710,1975-06-05,Male,2023-07-18,Active
C03204,Mason,Clark,mason.clark607@email.com,+1-252-283-3350,1961-06-08,Female,2024-10-19,Active
C03205,John,Anderson,john.anderson749@email.com,+1-751-723-2212,1975-06-05,Female,2024-08-13,Active
C03206,Grace,Miller,grace.miller655@email.com,+1-823-980-8403,2008-05-27,Female,2024-10-09,Active
C03207,Michael,Harris,michael.harris595@email.com,+1-741-406-5303,1958-06-09,Male,2024-01-30,Active
C03208,Henry,Sanchez,henry.sanchez949@email.com,+1-411-535-9132,1983-06-03,Other,2024-07-21,Active
C03209,Samuel,Brown,samuel.brown85@email.com,+1-386-843-4565,1995-05-31,Male,2023-03-19,Active
C03210,Samuel,Taylor,samuel.taylor350@email.com,+1-970-544-9787,1972-06-05,Male,2024-09-06,Active
C03211,Lucas,Martin,lucas.martin504@email.com,+1-751-181-5507,2008-05-27,Other,2024-01-22,Active
C03212,Liam,White,liam.white815@email.com,+1-832-772-3734,1979-06-04,Female,2024-09-15,Active
C03213,Chloe,Johnson,chloe.johnson380@email.com,+1-523-251-7966,1995-05-31,Other,2023-10-25,Active
C03214,Amelia,Clark,amelia.clark809@email.com,+1-582-191-6129,1960-06-08,Other,2023-08-03,Active
C03215,Liam,Harris,liam.harris740@email.com,+1-675-866-1194,1996-05-30,Female,2023-02-16,Active
C03216,Isabella,Perez,isabella.perez405@email.com,+1-220-864-2991,1993-05-31,Other,2024-08-29,Active
C03217,John,Williams,john.williams11@email.com,+1-454-978-9726,1978-06-04,Other,2024-08-25,Active
C03218,Alexander,Jones,alexander.jones662@email.com,+1-522-457-2986,1981-06-03,Other,2024-04-26,Active
C03219,Olivia,Jackson,olivia.jackson61@email.com,+1-906-643-6375,1954-06-10,Male,2023-07-03,Active
C03220,Scarlett,Thompson,scarlett.thompson126@email.com,+1-243-390-6369,1989-06-01,Male,2024-10-30,Active
C03221,Benjamin,Thompson,benjamin.thompson473@email.com,+1-411-510-2141,1958-06-09,Other,2024-01-15,Active
C03222,Samuel,Thomas,samuel.thomas211@email.com,+1-588-875-7587,2003-05-29,Female,2024-08-10,Active
C03223,Benjamin,Thompson,benjamin.thompson358@email.com,+1-721-837-7569,1995-05-31,Male,2023-05-30,Active
C03224,Emily,Davis,emily.davis818@email.com,+1-833-161-1116,1974-06-05,Female,2023-03-31,Active
C03225,Abigail,Ramirez,abigail.ramirez770@email.com,+1-640-192-7008,1980-06-03,Female,2023-03-24,Active
C03226,Lucas,Williams,lucas.williams667@email.com,+1-542-981-7321,1971-06-06,Male,2023-12-13,Active
C03227,Joseph,Jackson,joseph.jackson191@email.com,+1-565-455-2895,1990-06-01,Female,2024-09-19,Active
C03228,Lucas,Gonzalez,lucas.gonzalez980@email.com,+1-895-728-1697,1955-06-10,Male,2023-02-25,Active
C03229,Scarlett,Robinson,scarlett.robinson246@email.com,+1-682-597-3977,1954-06-10,Male,2023-09-21,Active
C03230,Mia,Moore,mia.moore609@email.com,+1-631-884-7196,1987-06-02,Male,2023-11-08,Active
C03231,Lucas,Martinez,lucas.martinez182@email.com,+1-733-184-7188,2004-05-28,Female,2024-04-14,Active
C03232,Sofia,Williams,sofia.williams36@email.com,+1-307-738-8566,1951-06-11,Other,2024-02-04,Active
C03233,Benjamin,Hernandez,benjamin.hernandez549@email.com,+1-850-406-7710,1985-06-02,Male,2024-04-04,Active
C03234,Mason,Johnson,mason.johnson194@email.com,+1-885-673-9959,1977-06-04,Male,2024-12-30,Active
C03235,Benjamin,Smith,benjamin.smith271@email.com,+1-346-598-7876,2000-05-29,Female,2024-06-01,Active
C03236,Scarlett,Ramirez,scarlett.ramirez105@email.com,+1-469-748-5246,1979-06-04,Female,2023-02-08,Active
C03237,Mason,Taylor,mason.taylor774@email.com,+1-792-335-6193,1972-06-05,Male,2024-05-29,Active
C03238,Sofia,Jackson,sofia.jackson817@email.com,+1-245-528-9114,1964-06-07,Female,2023-11-16,Active
C03239,Victoria,Lee,victoria.lee989@email.com,+1-908-103-3845,1974-06-05,Other,2024-07-07,Active
C03240,Henry,Martin,henry.martin522@email.com,+1-665-883-5417,2001-05-29,Female,2024-02-08,Active
C03241,Lucas,Clark,lucas.clark852@email.com,+1-985-436-9808,1954-06-10,Male,2023-09-24,Active
C03242,Joseph,Brown,joseph.brown465@email.com,+1-472-301-1348,1957-06-09,Female,2023-03-15,Active
C03243,Sebastian,Moore,sebastian.moore123@email.com,+1-308-875-7287,1959-06-09,Other,2024-03-29,Active
C03244,Olivia,Miller,olivia.miller313@email.com,+1-413-704-9255,1976-06-04,Male,2023-07-15,Active
C03245,Joseph,Miller,joseph.miller562@email.com,+1-681-553-6884,1962-06-08,Male,2023-07-26,Active
C03246,Amelia,Miller,amelia.miller415@email.com,+1-490-879-8780,1955-06-10,Male,2023-09-28,Active
C03247,Harper,Brown,harper.brown239@email.com,+1-934-108-1204,1986-06-02,Male,2023-04-04,Active
C03248,Charlotte,Taylor,charlotte.taylor846@email.com,+1-852-994-7867,1974-06-05,Male,2024-12-08,Active
C03249,Isabella,Gonzalez,isabella.gonzalez137@email.com,+1-557-370-3733,2004-05-28,Female,2024-11-21,Active
C03250,Mia,Ramirez,mia.ramirez891@email.com,+1-438-187-1570,1980-06-03,Female,2023-03-04,Active
C03251,David,Jones,david.jones8@email.com,+1-474-876-5579,2005-05-28,Male,2024-10-25,Active
C03252,Joseph,Thompson,joseph.thompson606@email.com,+1-921-378-2633,1998-05-30,Male,2023-06-02,Active
C03253,Henry,Lopez,henry.lopez800@email.com,+1-445-960-2233,1978-06-04,Other,2024-11-01,Active
C03254,Andrew,Martinez,andrew.martinez102@email.com,+1-849-247-3362,1979-06-04,Other,2024-03-23,Active
C03255,Liam,Jackson,liam.jackson748@email.com,+1-953-671-8776,1984-06-02,Other,2024-07-30,Active
C03256,Harper,Ramirez,harper.ramirez956@email.com,+1-788-516-4353,1985-06-02,Male,2024-06-27,Active
C03257,Ethan,Thomas,ethan.thomas863@email.com,+1-505-912-3361,2008-05-27,Female,2024-06-25,Active
C03258,Harper,Clark,harper.clark912@email.com,+1-910-761-4505,2002-05-29,Female,2024-07-08,Active
C03259,Sophia,Moore,sophia.moore849@email.com,+1-836-152-1580,1984-06-02,Female,2024-06-17,Active
C03260,Samuel,Wilson,samuel.wilson102@email.com,+1-904-490-4524,2008-05-27,Female,2024-11-10,Active
C03261,William,Moore,william.moore409@email.com,+1-659-811-3782,1959-06-09,Male,2024-11-04,Active
C03262,Olivia,Johnson,olivia.johnson609@email.com,+1-543-898-4873,1962-06-08,Female,2023-11-27,Active
C03263,Isabella,Williams,isabella.williams585@email.com,+1-569-301-7705,2007-05-28,Other,2023-06-24,Active
C03264,Emma,Hernandez,emma.hernandez477@email.com,+1-687-719-6128,2002-05-29,Male,2024-12-01,Active
C03265,Joseph,Davis,joseph.davis140@email.com,+1-541-917-1201,1995-05-31,Female,2024-12-05,Active
C03266,Andrew,Anderson,andrew.anderson92@email.com,+1-394-870-1567,1998-05-30,Female,2023-03-02,Active
C03267,Mia,Williams,mia.williams112@email.com,+1-409-653-7236,1961-06-08,Male,2023-06-01,Active
C03268,Scarlett,Thomas,scarlett.thomas906@email.com,+1-277-770-7387,1997-05-30,Male,2023-08-12,Active
C03269,Mason,Smith,mason.smith824@email.com,+1-459-423-5576,1977-06-04,Male,2023-11-10,Active
C03270,Mason,Jackson,mason.jackson172@email.com,+1-760-927-2120,1979-06-04,Male,2023-09-03,Active
C03271,Harper,Martinez,harper.martinez251@email.com,+1-616-155-3370,1990-06-01,Female,2024-05-15,Active
C03272,Isabella,Garcia,isabella.garcia370@email.com,+1-347-195-7509,1987-06-02,Male,2024-12-16,Active
C03273,James,Miller,james.miller934@email.com,+1-801-376-2348,1966-06-07,Other,2024-08-08,Active
C03274,Liam,Jackson,liam.jackson279@email.com,+1-512-859-8308,1984-06-02,Male,2023-09-03,Active
C03275,Andrew,Smith,andrew.smith214@email.com,+1-890-287-7892,1986-06-02,Other,2023-03-16,Active
C03276,Abigail,Brown,abigail.brown231@email.com,+1-333-581-7700,1979-06-04,Other,2024-10-12,Active
C03277,Victoria,Clark,victoria.clark308@email.com,+1-937-670-1394,1991-06-01,Male,2023-02-07,Active
C03278,Emily,Clark,emily.clark709@email.com,+1-567-698-9848,1984-06-02,Male,2024-01-07,Active
C03279,Olivia,Jones,olivia.jones109@email.com,+1-308-688-2809,1971-06-06,Other,2024-02-08,Active
C03280,Ethan,Garcia,ethan.garcia825@email.com,+1-640-653-7629,1962-06-08,Female,2023-01-12,Active
C03281,Victoria,Sanchez,victoria.sanchez549@email.com,+1-623-361-8847,1958-06-09,Female,2023-06-11,Active
C03282,Scarlett,Perez,scarlett.perez432@email.com,+1-329-319-8595,2008-05-27,Male,2023-12-09,Active
C03283,Scarlett,Taylor,scarlett.taylor276@email.com,+1-519-567-5240,1961-06-08,Other,2024-12-07,Active
C03284,Amelia,Anderson,amelia.anderson841@email.com,+1-873-670-2451,1972-06-05,Male,2023-06-02,Active
C03285,Olivia,Thomas,olivia.thomas299@email.com,+1-834-966-3140,1989-06-01,Female,2024-10-05,Active
C03286,Olivia,Johnson,olivia.johnson414@email.com,+1-784-854-9668,1970-06-06,Female,2024-06-08,Active
C03287,Isabella,Clark,isabella.clark203@email.com,+1-533-335-5564,1976-06-04,Female,2023-06-27,Active
C03288,Jackson,Rodriguez,jackson.rodriguez460@email.com,+1-240-616-3584,1972-06-05,Male,2024-09-02,Active
C03289,Samuel,Wilson,samuel.wilson327@email.com,+1-480-542-4071,1954-06-10,Other,2024-08-02,Active
C03290,Emma,Garcia,emma.garcia68@email.com,+1-370-304-9055,1999-05-30,Other,2023-01-29,Active
C03291,Emma,Lopez,emma.lopez925@email.com,+1-536-101-4410,2005-05-28,Male,2024-05-22,Active
C03292,Liam,Smith,liam.smith562@email.com,+1-731-485-5074,1963-06-08,Other,2024-03-08,Active
C03293,Matthew,Anderson,matthew.anderson246@email.com,+1-807-213-1079,1975-06-05,Other,2024-12-28,Active
C03294,Chloe,Harris,chloe.harris797@email.com,+1-781-192-2987,1983-06-03,Male,2024-04-17,Active
C03295,Emma,Smith,emma.smith594@email.com,+1-294-493-3494,1965-06-07,Male,2024-05-05,Active
C03296,Joseph,Miller,joseph.miller957@email.com,+1-667-859-9715,1979-06-04,Other,2023-05-20,Active
C03297,Andrew,Johnson,andrew.johnson398@email.com,+1-209-654-6518,1955-06-10,Other,2024-02-28,Active
C03298,Ethan,Ramirez,ethan.ramirez888@email.com,+1-760-535-8864,1993-05-31,Female,2024-04-11,Active
C03299,Olivia,Johnson,olivia.johnson24@email.com,+1-811-935-9438,1994-05-31,Other,2024-03-23,Active
C03300,Lucas,Wilson,lucas.wilson122@email.com,+1-299-840-5002,2002-05-29,Male,2023-10-02,Active
C03301,Samuel,Lewis,samuel.lewis88@email.com,+1-525-194-7051,1987-06-02,Female,2023-01-21,Active
C03302,Scarlett,Jones,scarlett.jones778@email.com,+1-787-924-6063,1996-05-30,Male,2024-07-31,Active
C03303,Harper,Sanchez,harper.sanchez869@email.com,+1-880-112-2120,1988-06-01,Male,2023-12-26,Active
C03304,Lucas,Rodriguez,lucas.rodriguez423@email.com,+1-620-130-8315,1972-06-05,Female,2024-02-06,Active
C03305,Victoria,Martin,victoria.martin257@email.com,+1-490-695-5478,1980-06-03,Female,2023-11-13,Active
C03306,William,Thompson,william.thompson55@email.com,+1-297-159-3260,1962-06-08,Other,2024-04-02,Active
C03307,Liam,Sanchez,liam.sanchez143@email.com,+1-923-888-9832,1976-06-04,Other,2024-09-29,Active
C03308,William,Robinson,william.robinson142@email.com,+1-868-327-9410,1959-06-09,Other,2023-10-01,Active
C03309,Evelyn,Smith,evelyn.smith153@email.com,+1-600-244-1551,1976-06-04,Female,2023-07-07,Active
C03310,Ava,Thomas,ava.thomas269@email.com,+1-905-432-3227,1958-06-09,Male,2023-09-10,Active
C03311,Emily,Lee,emily.lee995@email.com,+1-397-521-6104,1986-06-02,Male,2024-07-21,Active
C03312,David,Smith,david.smith9@email.com,+1-501-189-3612,1959-06-09,Male,2023-04-07,Active
C03313,Sebastian,Jones,sebastian.jones565@email.com,+1-918-439-2756,1965-06-07,Male,2023-06-18,Active
C03314,Sofia,Williams,sofia.williams644@email.com,+1-380-905-6363,2007-05-28,Other,2024-01-12,Active
C03315,Evelyn,Perez,evelyn.perez888@email.com,+1-607-217-1519,1970-06-06,Female,2024-10-30,Active
C03316,James,Davis,james.davis57@email.com,+1-470-536-7691,2003-05-29,Male,2024-12-07,Active
C03317,Isabella,Moore,isabella.moore249@email.com,+1-734-246-8508,2003-05-29,Male,2024-10-04,Active
C03318,James,Miller,james.miller926@email.com,+1-330-681-7999,2003-05-29,Female,2024-10-22,Active
C03319,Isabella,Smith,isabella.smith671@email.com,+1-470-645-7131,1961-06-08,Female,2024-12-20,Active
C03320,Jackson,Wilson,jackson.wilson770@email.com,+1-532-329-5236,1962-06-08,Female,2024-02-16,Active
C03321,Olivia,Lewis,olivia.lewis313@email.com,+1-870-281-3364,1994-05-31,Female,2023-10-08,Active
C03322,Alexander,Gonzalez,alexander.gonzalez846@email.com,+1-225-209-2443,2008-05-27,Male,2024-01-26,Active
C03323,Daniel,Thomas,daniel.thomas737@email.com,+1-961-917-4358,1954-06-10,Female,2024-02-19,Active
C03324,William,Rodriguez,william.rodriguez241@email.com,+1-558-671-7911,1982-06-03,Female,2024-10-07,Active
C03325,Grace,Garcia,grace.garcia168@email.com,+1-525-875-2663,1956-06-09,Male,2023-02-05,Active
C03326,David,Perez,david.perez976@email.com,+1-387-503-8422,1983-06-03,Other,2024-12-28,Active
C03327,Sofia,Thompson,sofia.thompson829@email.com,+1-596-459-7556,1991-06-01,Male,2024-07-28,Active
C03328,Ava,Robinson,ava.robinson637@email.com,+1-652-518-9942,1954-06-10,Other,2023-10-06,Active
C03329,Henry,Sanchez,henry.sanchez639@email.com,+1-500-584-8652,1998-05-30,Other,2024-10-10,Active
C03330,John,Johnson,john.johnson655@email.com,+1-412-470-1246,2002-05-29,Female,2024-11-24,Active
C03331,Scarlett,Martinez,scarlett.martinez513@email.com,+1-779-594-5937,1993-05-31,Male,2024-08-04,Active
C03332,Abigail,Ramirez,abigail.ramirez279@email.com,+1-414-414-1878,1982-06-03,Other,2024-02-21,Active
C03333,Elizabeth,Moore,elizabeth.moore157@email.com,+1-313-254-2423,1981-06-03,Other,2024-01-22,Active
C03334,Harper,Martin,harper.martin756@email.com,+1-969-464-3680,1972-06-05,Female,2024-01-01,Active
C03335,James,Smith,james.smith994@email.com,+1-609-775-5528,1956-06-09,Other,2024-03-17,Active
C03336,Ethan,Harris,ethan.harris127@email.com,+1-303-786-9078,1973-06-05,Other,2024-06-14,Active
C03337,Ethan,Taylor,ethan.taylor151@email.com,+1-674-355-1041,1994-05-31,Female,2023-02-16,Active
C03338,Alexander,Davis,alexander.davis346@email.com,+1-893-700-5710,1957-06-09,Other,2023-08-07,Active
C03339,James,White,james.white67@email.com,+1-740-629-5542,1974-06-05,Female,2023-05-11,Active
C03340,Liam,Gonzalez,liam.gonzalez415@email.com,+1-465-986-1299,1956-06-09,Male,2024-01-11,Active
C03341,Sophia,Johnson,sophia.johnson187@email.com,+1-293-264-7079,1966-06-07,Male,2024-02-17,Active
C03342,Henry,Williams,henry.williams822@email.com,+1-943-290-5049,1963-06-08,Male,2024-12-01,Active
C03343,Matthew,Johnson,matthew.johnson319@email.com,+1-825-861-9648,1956-06-09,Male,2023-10-24,Active
C03344,Lucas,Thomas,lucas.thomas146@email.com,+1-302-830-9277,2005-05-28,Male,2023-12-03,Active
C03345,Charlotte,Garcia,charlotte.garcia64@email.com,+1-915-306-2720,1973-06-05,Female,2023-05-03,Active
C03346,John,Martin,john.martin619@email.com,+1-250-182-2465,2008-05-27,Male,2024-03-24,Active
C03347,Benjamin,Martinez,benjamin.martinez942@email.com,+1-686-932-2913,1960-06-08,Male,2024-04-29,Active
C03348,Joseph,White,joseph.white102@email.com,+1-803-942-8645,1982-06-03,Other,2023-03-05,Active
C03349,Olivia,Harris,olivia.harris768@email.com,+1-307-745-7356,1965-06-07,Female,2024-07-25,Active
C03350,Andrew,Harris,andrew.harris53@email.com,+1-939-619-5233,1967-06-07,Other,2024-09-22,Active
C03351,Evelyn,Ramirez,evelyn.ramirez652@email.com,+1-677-941-9583,2008-05-27,Female,2024-01-30,Active
C03352,Mason,Williams,mason.williams211@email.com,+1-648-448-4661,1998-05-30,Other,2024-01-21,Active
C03353,Mason,Smith,mason.smith484@email.com,+1-370-671-9658,1975-06-05,Female,2023-02-08,Active
C03354,Emma,Thomas,emma.thomas141@email.com,+1-998-579-1921,2001-05-29,Female,2024-05-13,Active
C03355,Sofia,Brown,sofia.brown437@email.com,+1-228-665-9388,1978-06-04,Other,2024-09-09,Active
C03356,William,Jones,william.jones916@email.com,+1-407-793-7294,1977-06-04,Female,2024-04-18,Active
C03357,Mason,Moore,mason.moore203@email.com,+1-696-446-4714,1952-06-10,Female,2024-11-20,Active
C03358,Sofia,Moore,sofia.moore885@email.com,+1-308-107-3982,2008-05-27,Other,2024-03-13,Active
C03359,Sebastian,Lopez,sebastian.lopez804@email.com,+1-560-576-9200,1998-05-30,Male,2024-11-29,Active
C03360,Harper,Perez,harper.perez889@email.com,+1-500-298-3211,1997-05-30,Female,2024-05-27,Active
C03361,Mia,Clark,mia.clark125@email.com,+1-600-699-1623,1966-06-07,Other,2023-12-04,Active
C03362,Elizabeth,Moore,elizabeth.moore361@email.com,+1-666-365-7527,2007-05-28,Female,2023-02-18,Active
C03363,Elizabeth,Sanchez,elizabeth.sanchez454@email.com,+1-898-799-6841,1969-06-06,Female,2024-10-25,Active
C03364,Mason,Davis,mason.davis592@email.com,+1-573-813-3327,2005-05-28,Female,2024-10-01,Active
C03365,Mason,Clark,mason.clark417@email.com,+1-505-943-3378,2008-05-27,Male,2023-11-30,Active
C03366,Ella,Robinson,ella.robinson10@email.com,+1-422-302-6963,1975-06-05,Other,2024-11-14,Active
C03367,Harper,Lewis,harper.lewis801@email.com,+1-360-388-4471,1964-06-07,Other,2023-01-12,Active
C03368,Mason,Martin,mason.martin552@email.com,+1-427-691-3243,1954-06-10,Other,2024-03-11,Active
C03369,Evelyn,Taylor,evelyn.taylor68@email.com,+1-425-124-1167,1961-06-08,Male,2024-02-27,Active
C03370,Jackson,Martin,jackson.martin829@email.com,+1-276-933-1253,2006-05-28,Male,2024-02-12,Active
C03371,William,Brown,william.brown378@email.com,+1-272-486-8803,1973-06-05,Other,2023-12-24,Active
C03372,Elizabeth,Thompson,elizabeth.thompson298@email.com,+1-613-830-5015,1953-06-10,Other,2024-05-09,Active
C03373,Andrew,Ramirez,andrew.ramirez338@email.com,+1-438-417-2486,1988-06-01,Male,2024-09-27,Active
C03374,Liam,Clark,liam.clark122@email.com,+1-979-382-9170,1959-06-09,Female,2023-10-28,Active
C03375,William,Thomas,william.thomas518@email.com,+1-799-906-7954,1978-06-04,Female,2024-08-28,Active
C03376,Lucas,Moore,lucas.moore346@email.com,+1-528-862-2821,1959-06-09,Other,2024-08-13,Active
C03377,Ava,Lewis,ava.lewis460@email.com,+1-704-437-2613,1971-06-06,Male,2024-08-16,Active
C03378,Daniel,Harris,daniel.harris577@email.com,+1-709-618-2613,1992-05-31,Female,2024-01-17,Active
C03379,William,Gonzalez,william.gonzalez875@email.com,+1-854-146-8567,1962-06-08,Male,2024-07-20,Active
C03380,Elizabeth,Smith,elizabeth.smith158@email.com,+1-502-905-5795,1955-06-10,Other,2023-10-13,Active
C03381,Daniel,Harris,daniel.harris287@email.com,+1-632-891-8578,2006-05-28,Male,2023-09-09,Active
C03382,Emily,Williams,emily.williams453@email.com,+1-304-127-8547,1956-06-09,Male,2024-06-06,Active
C03383,Scarlett,Anderson,scarlett.anderson126@email.com,+1-570-493-5318,1974-06-05,Female,2023-03-05,Active
C03384,Amelia,Thomas,amelia.thomas681@email.com,+1-940-162-4547,1988-06-01,Female,2024-09-22,Active
C03385,Alexander,Davis,alexander.davis543@email.com,+1-216-894-4042,1956-06-09,Female,2023-10-06,Active
C03386,Ava,Clark,ava.clark309@email.com,+1-715-966-6313,1966-06-07,Female,2023-01-09,Active
C03387,James,Gonzalez,james.gonzalez52@email.com,+1-365-676-3830,1959-06-09,Female,2024-01-26,Active
C03388,Matthew,Perez,matthew.perez541@email.com,+1-612-251-8387,1975-06-05,Other,2024-06-24,Active
C03389,Alexander,Johnson,alexander.johnson460@email.com,+1-626-538-5107,1980-06-03,Male,2024-08-14,Active
C03390,Elizabeth,Perez,elizabeth.perez212@email.com,+1-347-589-2107,1987-06-02,Male,2023-01-08,Active
C03391,Benjamin,White,benjamin.white562@email.com,+1-610-587-7841,1986-06-02,Male,2023-01-23,Active
C03392,Victoria,Jones,victoria.jones224@email.com,+1-741-541-9256,2005-05-28,Other,2023-09-02,Active
C03393,Sofia,Lewis,sofia.lewis688@email.com,+1-910-130-5313,1983-06-03,Other,2023-07-21,Active
C03394,John,Perez,john.perez240@email.com,+1-380-158-6482,1992-05-31,Male,2023-12-18,Active
C03395,Emma,Lopez,emma.lopez808@email.com,+1-226-803-9598,1978-06-04,Male,2023-04-23,Active
C03396,Charlotte,Jackson,charlotte.jackson429@email.com,+1-960-185-6363,1981-06-03,Female,2023-05-01,Active
C03397,Harper,Harris,harper.harris10@email.com,+1-521-296-6270,2005-05-28,Female,2023-11-06,Active
C03398,Ella,Taylor,ella.taylor610@email.com,+1-674-611-6554,1998-05-30,Female,2024-01-14,Active
C03399,Jackson,Ramirez,jackson.ramirez79@email.com,+1-800-821-1452,1992-05-31,Other,2024-04-28,Active
C03400,William,Ramirez,william.ramirez186@email.com,+1-688-315-7593,1962-06-08,Female,2024-08-20,Active
C03401,Benjamin,Garcia,benjamin.garcia62@email.com,+1-923-280-3874,1978-06-04,Male,2023-03-14,Active
C03402,Sophia,Brown,sophia.brown780@email.com,+1-276-955-8615,1952-06-10,Other,2023-12-18,Active
C03403,Joseph,Wilson,joseph.wilson622@email.com,+1-323-603-2746,2005-05-28,Male,2023-10-25,Active
C03404,Evelyn,Garcia,evelyn.garcia632@email.com,+1-756-480-2868,1955-06-10,Female,2024-03-11,Active
C03405,Sebastian,Gonzalez,sebastian.gonzalez591@email.com,+1-766-338-1530,2002-05-29,Male,2023-12-14,Active
C03406,Jackson,Jackson,jackson.jackson9@email.com,+1-412-698-3935,1951-06-11,Male,2024-06-23,Active
C03407,James,White,james.white424@email.com,+1-782-913-1227,1997-05-30,Female,2024-09-25,Active
C03408,Matthew,Rodriguez,matthew.rodriguez508@email.com,+1-279-162-7919,1953-06-10,Male,2023-06-21,Active
C03409,Ava,Anderson,ava.anderson476@email.com,+1-977-119-4539,1996-05-30,Female,2024-10-10,Active
C03410,Avery,Lewis,avery.lewis798@email.com,+1-240-450-1176,1971-06-06,Female,2024-11-28,Active
C03411,Charlotte,Miller,charlotte.miller190@email.com,+1-623-955-8517,1991-06-01,Female,2024-06-27,Active
C03412,Elizabeth,Jackson,elizabeth.jackson230@email.com,+1-315-983-8218,1991-06-01,Other,2024-07-21,Active
C03413,Avery,Wilson,avery.wilson248@email.com,+1-768-105-9846,2006-05-28,Other,2024-05-18,Active
C03414,Matthew,Harris,matthew.harris952@email.com,+1-532-366-1997,1969-06-06,Female,2024-07-24,Active
C03415,Andrew,Clark,andrew.clark564@email.com,+1-532-211-4587,2000-05-29,Male,2023-04-22,Active
C03416,David,Thompson,david.thompson162@email.com,+1-976-605-3952,1998-05-30,Male,2023-06-27,Active
C03417,Chloe,Brown,chloe.brown842@email.com,+1-596-327-6702,1989-06-01,Male,2023-03-05,Active
C03418,Chloe,Clark,chloe.clark440@email.com,+1-260-228-8052,1983-06-03,Female,2023-10-29,Active
C03419,Michael,Clark,michael.clark176@email.com,+1-664-983-3723,1989-06-01,Other,2023-06-14,Active
C03420,Emily,Miller,emily.miller603@email.com,+1-700-371-7121,1962-06-08,Female,2024-12-08,Active
C03421,Emma,Taylor,emma.taylor880@email.com,+1-759-545-5937,1961-06-08,Female,2024-12-29,Active
C03422,Joseph,Lopez,joseph.lopez772@email.com,+1-622-966-1355,1974-06-05,Male,2024-07-11,Active
C03423,Emma,Perez,emma.perez733@email.com,+1-305-678-3814,1998-05-30,Male,2023-05-02,Active
C03424,James,Harris,james.harris80@email.com,+1-580-895-5903,2006-05-28,Other,2024-05-02,Active
C03425,Henry,Rodriguez,henry.rodriguez556@email.com,+1-786-135-4689,1986-06-02,Male,2024-07-07,Active
C03426,Charlotte,Davis,charlotte.davis212@email.com,+1-377-106-3748,2004-05-28,Female,2024-04-25,Active
C03427,Olivia,Jones,olivia.jones830@email.com,+1-583-767-6429,2001-05-29,Male,2024-01-14,Active
C03428,Andrew,Lewis,andrew.lewis747@email.com,+1-431-445-5647,1965-06-07,Other,2024-01-30,Active
C03429,Olivia,Davis,olivia.davis876@email.com,+1-614-694-9262,1990-06-01,Other,2023-06-13,Active
C03430,Benjamin,Martin,benjamin.martin199@email.com,+1-973-894-5023,1990-06-01,Male,2024-06-17,Active
C03431,Lucas,Gonzalez,lucas.gonzalez942@email.com,+1-367-706-7991,1957-06-09,Male,2024-08-18,Active
C03432,Grace,Smith,grace.smith356@email.com,+1-777-864-9820,2001-05-29,Male,2023-03-12,Active
C03433,Isabella,Clark,isabella.clark990@email.com,+1-475-870-5427,1952-06-10,Male,2024-09-30,Active
C03434,John,Johnson,john.johnson455@email.com,+1-998-441-7435,1970-06-06,Other,2024-02-15,Active
C03435,Andrew,Jones,andrew.jones975@email.com,+1-257-220-3337,1983-06-03,Female,2024-04-27,Active
C03436,Charlotte,Williams,charlotte.williams493@email.com,+1-670-416-7089,2004-05-28,Male,2024-03-22,Active
C03437,Emma,Gonzalez,emma.gonzalez187@email.com,+1-809-893-5394,1972-06-05,Male,2023-03-16,Active
C03438,Benjamin,Lewis,benjamin.lewis459@email.com,+1-550-737-2602,1997-05-30,Male,2023-05-11,Active
C03439,Matthew,Anderson,matthew.anderson78@email.com,+1-919-334-2636,1994-05-31,Female,2023-08-26,Active
C03440,Matthew,Jones,matthew.jones967@email.com,+1-633-975-5490,1999-05-30,Female,2023-09-04,Active
C03441,Scarlett,Lee,scarlett.lee940@email.com,+1-608-357-7276,1964-06-07,Male,2024-09-17,Active
C03442,Liam,Lewis,liam.lewis636@email.com,+1-635-223-8349,2008-05-27,Male,2024-05-11,Active
C03443,Chloe,Jackson,chloe.jackson163@email.com,+1-875-859-9733,1953-06-10,Female,2024-03-31,Active
C03444,Isabella,Rodriguez,isabella.rodriguez63@email.com,+1-395-270-2734,1964-06-07,Female,2024-10-28,Active
C03445,Amelia,Ramirez,amelia.ramirez340@email.com,+1-563-110-6206,1995-05-31,Female,2024-09-26,Active
C03446,Isabella,Brown,isabella.brown596@email.com,+1-855-207-5907,1955-06-10,Other,2024-05-02,Active
C03447,Noah,Taylor,noah.taylor872@email.com,+1-652-596-8552,1992-05-31,Male,2023-03-19,Active
C03448,David,Martin,david.martin998@email.com,+1-329-483-5117,2003-05-29,Male,2024-08-19,Active
C03449,Scarlett,Moore,scarlett.moore242@email.com,+1-925-938-5167,1988-06-01,Other,2023-03-29,Active
C03450,Grace,Sanchez,grace.sanchez113@email.com,+1-804-284-1121,1978-06-04,Other,2024-02-26,Active
C03451,Joseph,Johnson,joseph.johnson442@email.com,+1-704-749-7262,1995-05-31,Male,2023-05-23,Active
C03452,Lucas,Harris,lucas.harris175@email.com,+1-803-703-8045,1986-06-02,Male,2024-01-04,Active
C03453,Andrew,Johnson,andrew.johnson170@email.com,+1-548-578-9894,1981-06-03,Female,2023-02-19,Active
C03454,Henry,Johnson,henry.johnson905@email.com,+1-732-441-9248,1975-06-05,Other,2023-12-30,Active
C03455,Samuel,Miller,samuel.miller850@email.com,+1-956-654-3814,1981-06-03,Other,2024-02-07,Active
C03456,Ella,Jones,ella.jones415@email.com,+1-376-118-9321,1978-06-04,Female,2024-04-03,Active
C03457,Isabella,Perez,isabella.perez599@email.com,+1-997-272-6937,1953-06-10,Male,2024-02-23,Active
C03458,Abigail,White,abigail.white383@email.com,+1-282-904-7419,1998-05-30,Other,2024-07-12,Active
C03459,James,Garcia,james.garcia891@email.com,+1-558-108-2741,1986-06-02,Male,2023-07-04,Active
C03460,Matthew,Garcia,matthew.garcia776@email.com,+1-507-557-3819,1996-05-30,Female,2023-06-15,Active
C03461,John,Harris,john.harris258@email.com,+1-384-761-1208,1958-06-09,Male,2024-09-30,Active
C03462,Mia,Davis,mia.davis945@email.com,+1-480-189-5709,1997-05-30,Other,2023-05-28,Active
C03463,Victoria,Smith,victoria.smith807@email.com,+1-213-720-7840,1955-06-10,Male,2023-11-24,Active
C03464,Avery,Johnson,avery.johnson138@email.com,+1-619-508-1004,1956-06-09,Female,2024-04-07,Active
C03465,Noah,Jackson,noah.jackson370@email.com,+1-640-298-4032,1955-06-10,Female,2024-10-24,Active
C03466,Evelyn,Lee,evelyn.lee41@email.com,+1-219-834-4794,2005-05-28,Male,2023-04-12,Active
C03467,Ethan,Jackson,ethan.jackson225@email.com,+1-451-479-4289,1997-05-30,Other,2023-06-29,Active
C03468,Isabella,Garcia,isabella.garcia306@email.com,+1-674-195-2422,1984-06-02,Male,2023-05-05,Active
C03469,Emma,Thompson,emma.thompson48@email.com,+1-629-121-9665,1977-06-04,Female,2024-08-06,Active
C03470,Olivia,Hernandez,olivia.hernandez410@email.com,+1-487-509-2816,1982-06-03,Other,2023-01-30,Active
C03471,Noah,Thomas,noah.thomas447@email.com,+1-332-500-5610,1975-06-05,Other,2024-05-22,Active
C03472,Emily,Smith,emily.smith16@email.com,+1-786-433-4739,1996-05-30,Male,2023-09-14,Active
C03473,Henry,Wilson,henry.wilson93@email.com,+1-655-945-7973,1954-06-10,Male,2023-02-26,Active
C03474,Amelia,Perez,amelia.perez114@email.com,+1-410-988-4247,2008-05-27,Male,2023-11-07,Active
C03475,Andrew,Rodriguez,andrew.rodriguez290@email.com,+1-929-195-8131,1996-05-30,Male,2024-02-29,Active
C03476,Sophia,Gonzalez,sophia.gonzalez358@email.com,+1-482-936-5713,1996-05-30,Other,2024-09-03,Active
C03477,David,Garcia,david.garcia476@email.com,+1-681-774-7362,1978-06-04,Female,2023-07-15,Active
C03478,Sofia,Lewis,sofia.lewis941@email.com,+1-970-132-7913,1958-06-09,Male,2023-01-22,Active
C03479,Harper,Martin,harper.martin300@email.com,+1-384-738-1737,1957-06-09,Female,2024-03-22,Active
C03480,Ava,Thomas,ava.thomas336@email.com,+1-548-202-9382,2007-05-28,Female,2023-06-17,Active
C03481,Ethan,Clark,ethan.clark867@email.com,+1-706-734-4093,1964-06-07,Female,2024-07-08,Active
C03482,James,Johnson,james.johnson904@email.com,+1-372-393-4591,1991-06-01,Female,2023-10-03,Active
C03483,Henry,Williams,henry.williams788@email.com,+1-708-272-4588,1981-06-03,Female,2024-03-31,Active
C03484,Michael,Sanchez,michael.sanchez202@email.com,+1-713-943-7368,1980-06-03,Female,2023-05-25,Active
C03485,Chloe,Harris,chloe.harris12@email.com,+1-369-467-5807,1961-06-08,Female,2023-07-02,Active
C03486,Amelia,Gonzalez,amelia.gonzalez863@email.com,+1-979-240-7848,2006-05-28,Other,2023-06-08,Active
C03487,Henry,Thompson,henry.thompson479@email.com,+1-377-302-9449,1963-06-08,Other,2023-10-14,Active
C03488,Henry,Williams,henry.williams669@email.com,+1-212-103-6552,1953-06-10,Other,2024-05-13,Active
C03489,Michael,Lee,michael.lee907@email.com,+1-520-593-5389,1983-06-03,Male,2024-07-06,Active
C03490,Henry,Davis,henry.davis329@email.com,+1-998-704-1262,1959-06-09,Other,2024-11-28,Active
C03491,Amelia,Thomas,amelia.thomas547@email.com,+1-279-368-8001,1977-06-04,Female,2024-11-10,Active
C03492,Sofia,White,sofia.white97@email.com,+1-500-327-8464,1992-05-31,Other,2023-08-02,Active
C03493,Henry,Miller,henry.miller469@email.com,+1-252-505-7146,1960-06-08,Other,2024-10-08,Active
C03494,Avery,Clark,avery.clark668@email.com,+1-559-999-7809,1954-06-10,Female,2024-04-13,Active
C03495,David,Jones,david.jones696@email.com,+1-597-873-4831,1957-06-09,Other,2023-11-14,Active
C03496,Ava,Lopez,ava.lopez675@email.com,+1-504-810-2427,1956-06-09,Female,2023-07-19,Active
C03497,Samuel,White,samuel.white624@email.com,+1-784-134-1979,1978-06-04,Female,2024-08-01,Active
C03498,Mia,Jackson,mia.jackson864@email.com,+1-312-111-9470,2006-05-28,Female,2024-02-20,Active
C03499,David,Lee,david.lee862@email.com,+1-775-494-1334,1985-06-02,Male,2024-03-09,Active
C03500,Sofia,Harris,sofia.harris904@email.com,+1-638-134-6528,1963-06-08,Male,2024-11-24,Active
C03501,Lucas,Anderson,lucas.anderson274@email.com,+1-635-706-9342,2007-05-28,Male,2024-04-24,Active
C03502,Matthew,Thomas,matthew.thomas661@email.com,+1-650-781-4456,1978-06-04,Female,2024-12-09,Active
C03503,Mason,Moore,mason.moore956@email.com,+1-338-287-4004,1952-06-10,Female,2023-10-28,Active
C03504,Ella,Robinson,ella.robinson589@email.com,+1-857-387-2331,1959-06-09,Male,2023-04-12,Active
C03505,Scarlett,Anderson,scarlett.anderson521@email.com,+1-862-619-8059,1976-06-04,Male,2024-01-30,Active
C03506,Michael,Perez,michael.perez613@email.com,+1-247-496-8712,1982-06-03,Other,2024-06-04,Active
C03507,Benjamin,Martinez,benjamin.martinez697@email.com,+1-373-813-9438,1953-06-10,Other,2023-01-21,Active
C03508,Scarlett,Harris,scarlett.harris494@email.com,+1-609-124-6159,1954-06-10,Female,2023-03-20,Active
C03509,Liam,Ramirez,liam.ramirez687@email.com,+1-852-409-3261,1964-06-07,Male,2024-08-11,Active
C03510,David,Johnson,david.johnson269@email.com,+1-863-977-7923,1974-06-05,Male,2023-01-15,Active
C03511,Matthew,Perez,matthew.perez741@email.com,+1-653-130-7670,1997-05-30,Male,2023-11-27,Active
C03512,Noah,Harris,noah.harris72@email.com,+1-611-881-3668,1951-06-11,Other,2023-05-20,Active
C03513,Emma,Thomas,emma.thomas197@email.com,+1-794-695-3905,2003-05-29,Other,2023-07-29,Active
C03514,Chloe,Clark,chloe.clark550@email.com,+1-363-602-2966,1982-06-03,Male,2023-06-05,Active
C03515,Abigail,Lewis,abigail.lewis788@email.com,+1-408-891-4823,1979-06-04,Male,2023-09-14,Active
C03516,Emma,Moore,emma.moore434@email.com,+1-515-725-5299,1971-06-06,Female,2024-07-09,Active
C03517,Evelyn,Garcia,evelyn.garcia31@email.com,+1-411-835-9774,1993-05-31,Other,2023-01-28,Active
C03518,Ethan,Perez,ethan.perez790@email.com,+1-443-434-5955,1970-06-06,Other,2023-01-28,Active
C03519,Liam,Brown,liam.brown290@email.com,+1-567-893-7857,1984-06-02,Male,2023-09-28,Active
C03520,Victoria,Garcia,victoria.garcia66@email.com,+1-831-448-9824,2008-05-27,Male,2023-10-09,Active
C03521,Daniel,Rodriguez,daniel.rodriguez622@email.com,+1-743-266-5449,1976-06-04,Other,2024-05-08,Active
C03522,Henry,Perez,henry.perez806@email.com,+1-451-931-1889,1958-06-09,Male,2023-01-17,Active
C03523,Ava,Anderson,ava.anderson743@email.com,+1-751-214-7787,1953-06-10,Other,2023-09-06,Active
C03524,Emma,Gonzalez,emma.gonzalez650@email.com,+1-585-756-5441,1965-06-07,Male,2023-02-21,Active
C03525,Mason,Hernandez,mason.hernandez905@email.com,+1-860-640-1848,1967-06-07,Female,2024-09-17,Active
C03526,Harper,Lewis,harper.lewis791@email.com,+1-794-840-3325,2003-05-29,Other,2023-03-03,Active
C03527,Michael,Smith,michael.smith205@email.com,+1-659-893-1759,2005-05-28,Female,2024-09-05,Active
C03528,Victoria,Jones,victoria.jones423@email.com,+1-845-405-1696,1995-05-31,Male,2023-10-02,Active
C03529,Liam,Taylor,liam.taylor645@email.com,+1-752-132-9480,1979-06-04,Male,2023-03-17,Active
C03530,Mia,Gonzalez,mia.gonzalez154@email.com,+1-741-269-7793,1967-06-07,Male,2023-06-17,Active
C03531,Evelyn,Clark,evelyn.clark307@email.com,+1-739-434-1494,1979-06-04,Male,2023-02-24,Active
C03532,William,Taylor,william.taylor520@email.com,+1-875-693-6552,1967-06-07,Male,2023-06-02,Active
C03533,David,Lee,david.lee283@email.com,+1-290-177-7864,1981-06-03,Male,2023-06-28,Active
C03534,John,Perez,john.perez116@email.com,+1-936-714-7305,1957-06-09,Male,2024-09-10,Active
C03535,Ella,Gonzalez,ella.gonzalez402@email.com,+1-335-115-1542,1955-06-10,Male,2023-07-07,Active
C03536,Liam,Davis,liam.davis640@email.com,+1-322-567-1930,1982-06-03,Male,2023-03-22,Active
C03537,Charlotte,Perez,charlotte.perez923@email.com,+1-470-387-5412,1957-06-09,Female,2024-05-22,Active
C03538,Victoria,Gonzalez,victoria.gonzalez646@email.com,+1-866-288-5146,1965-06-07,Other,2024-01-24,Active
C03539,Joseph,Lewis,joseph.lewis7@email.com,+1-283-282-1179,1966-06-07,Other,2024-03-04,Active
C03540,William,Martinez,william.martinez167@email.com,+1-873-997-7126,1970-06-06,Female,2024-05-25,Active
C03541,Liam,Jackson,liam.jackson93@email.com,+1-359-328-8512,2008-05-27,Male,2023-12-25,Active
C03542,James,Moore,james.moore932@email.com,+1-472-683-8394,2005-05-28,Other,2023-11-13,Active
C03543,Lucas,Martin,lucas.martin386@email.com,+1-864-879-8354,1960-06-08,Male,2024-12-31,Active
C03544,Evelyn,Davis,evelyn.davis385@email.com,+1-525-236-6051,1986-06-02,Female,2024-11-18,Active
C03545,Amelia,Thompson,amelia.thompson783@email.com,+1-635-361-9212,1974-06-05,Other,2024-10-11,Active
C03546,Avery,Sanchez,avery.sanchez377@email.com,+1-997-385-1266,1956-06-09,Female,2024-04-27,Active
C03547,Henry,Clark,henry.clark899@email.com,+1-722-659-3406,1953-06-10,Female,2024-09-01,Active
C03548,Chloe,Anderson,chloe.anderson511@email.com,+1-454-630-7052,1983-06-03,Other,2024-03-23,Active
C03549,Sofia,Jones,sofia.jones203@email.com,+1-330-336-8010,1983-06-03,Female,2024-11-22,Active
C03550,David,Martin,david.martin795@email.com,+1-839-641-7680,2004-05-28,Other,2024-03-16,Active
C03551,Isabella,Lopez,isabella.lopez596@email.com,+1-517-680-8939,2000-05-29,Male,2023-02-18,Active
C03552,Noah,Rodriguez,noah.rodriguez191@email.com,+1-819-637-7339,1982-06-03,Male,2024-06-26,Active
C03553,Chloe,Martin,chloe.martin132@email.com,+1-211-493-7831,1979-06-04,Male,2023-11-20,Active
C03554,Chloe,Jackson,chloe.jackson418@email.com,+1-381-293-6648,1971-06-06,Other,2023-12-11,Active
C03555,Victoria,Perez,victoria.perez841@email.com,+1-358-702-9981,1988-06-01,Male,2024-04-22,Active
C03556,Sebastian,White,sebastian.white489@email.com,+1-609-669-9433,1977-06-04,Other,2023-09-13,Active
C03557,Avery,Martin,avery.martin192@email.com,+1-581-899-8107,2001-05-29,Female,2024-12-19,Active
C03558,Lucas,Rodriguez,lucas.rodriguez538@email.com,+1-376-150-9573,1956-06-09,Other,2024-04-18,Active
C03559,Lucas,Brown,lucas.brown336@email.com,+1-404-717-9648,2003-05-29,Other,2024-06-20,Active
C03560,William,Jones,william.jones413@email.com,+1-210-130-1072,1989-06-01,Female,2024-10-24,Active
C03561,Noah,Lee,noah.lee675@email.com,+1-915-577-7535,1962-06-08,Other,2024-08-03,Active
C03562,Ava,Sanchez,ava.sanchez313@email.com,+1-958-767-4716,1962-06-08,Female,2024-11-27,Active
C03563,Chloe,Williams,chloe.williams223@email.com,+1-507-221-1273,1957-06-09,Other,2024-06-05,Active
C03564,Chloe,Thomas,chloe.thomas330@email.com,+1-355-750-9905,2006-05-28,Male,2023-09-07,Active
C03565,John,Martin,john.martin554@email.com,+1-645-759-6361,1989-06-01,Female,2023-02-13,Active
C03566,Mia,White,mia.white805@email.com,+1-883-814-3218,1987-06-02,Male,2024-03-03,Active
C03567,Andrew,Thompson,andrew.thompson665@email.com,+1-354-156-9496,1987-06-02,Male,2024-06-27,Active
C03568,Amelia,Smith,amelia.smith584@email.com,+1-696-536-8014,1969-06-06,Male,2023-04-18,Active
C03569,Harper,Moore,harper.moore928@email.com,+1-835-510-3049,1956-06-09,Other,2023-05-29,Active
C03570,Olivia,Lee,olivia.lee878@email.com,+1-578-511-9748,2003-05-29,Male,2024-08-19,Active
C03571,Ella,Perez,ella.perez374@email.com,+1-451-743-1045,1982-06-03,Other,2023-09-29,Active
C03572,Sofia,Brown,sofia.brown959@email.com,+1-738-540-6459,1960-06-08,Male,2023-08-28,Active
C03573,Evelyn,Ramirez,evelyn.ramirez867@email.com,+1-206-417-5061,1992-05-31,Female,2024-02-21,Active
C03574,Mason,Thompson,mason.thompson168@email.com,+1-525-330-2188,1978-06-04,Male,2023-02-28,Active
C03575,Andrew,Hernandez,andrew.hernandez871@email.com,+1-614-199-1208,1977-06-04,Female,2024-11-08,Active
C03576,Joseph,Miller,joseph.miller658@email.com,+1-373-175-9131,1994-05-31,Male,2024-01-08,Active
C03577,Sofia,Williams,sofia.williams776@email.com,+1-789-880-3938,1964-06-07,Male,2024-11-15,Active
C03578,Michael,Clark,michael.clark637@email.com,+1-962-955-2162,1975-06-05,Male,2023-05-07,Active
C03579,Ella,Miller,ella.miller216@email.com,+1-670-141-4110,1997-05-30,Other,2024-03-01,Active
C03580,Evelyn,Ramirez,evelyn.ramirez318@email.com,+1-481-966-8349,1970-06-06,Other,2024-03-13,Active
C03581,Emma,Harris,emma.harris278@email.com,+1-705-541-1420,1974-06-05,Other,2023-10-04,Active
C03582,Sofia,Ramirez,sofia.ramirez132@email.com,+1-993-330-6164,1964-06-07,Male,2024-10-25,Active
C03583,Ella,Wilson,ella.wilson330@email.com,+1-278-896-2168,2006-05-28,Other,2023-09-06,Active
C03584,Sebastian,Ramirez,sebastian.ramirez800@email.com,+1-565-191-8918,1966-06-07,Male,2023-01-20,Active
C03585,Mia,Ramirez,mia.ramirez552@email.com,+1-807-455-2285,1984-06-02,Female,2024-04-01,Active
C03586,Charlotte,Rodriguez,charlotte.rodriguez38@email.com,+1-819-933-2202,1976-06-04,Female,2023-06-09,Active
C03587,Emma,Lopez,emma.lopez355@email.com,+1-757-859-2295,1951-06-11,Female,2024-09-25,Active
C03588,Avery,Rodriguez,avery.rodriguez278@email.com,+1-935-919-7429,1993-05-31,Female,2023-02-15,Active
C03589,Victoria,Perez,victoria.perez120@email.com,+1-607-148-9059,2005-05-28,Male,2023-09-04,Active
C03590,Evelyn,Smith,evelyn.smith602@email.com,+1-451-948-1206,1951-06-11,Female,2024-02-17,Active
C03591,Alexander,Brown,alexander.brown553@email.com,+1-482-118-5073,1974-06-05,Other,2023-04-23,Active
C03592,William,Garcia,william.garcia84@email.com,+1-752-124-4424,1983-06-03,Female,2023-05-09,Active
C03593,Mia,Harris,mia.harris963@email.com,+1-956-848-1653,1985-06-02,Other,2024-05-01,Active
C03594,Grace,Moore,grace.moore409@email.com,+1-900-385-1344,1974-06-05,Female,2023-02-25,Active
C03595,Grace,Smith,grace.smith156@email.com,+1-601-429-3579,1987-06-02,Other,2023-04-19,Active
C03596,Ethan,Lewis,ethan.lewis392@email.com,+1-489-808-8165,1995-05-31,Other,2023-01-05,Active
C03597,Benjamin,White,benjamin.white243@email.com,+1-550-838-7840,2005-05-28,Male,2024-08-18,Active
C03598,Charlotte,Martin,charlotte.martin480@email.com,+1-507-369-1338,1951-06-11,Other,2023-08-04,Active
C03599,Noah,Harris,noah.harris788@email.com,+1-642-599-1697,1970-06-06,Other,2023-08-02,Active
C03600,Sebastian,Thomas,sebastian.thomas993@email.com,+1-243-710-3755,1963-06-08,Other,2024-11-19,Active
C03601,Mason,Martin,mason.martin717@email.com,+1-829-194-9861,1952-06-10,Other,2023-01-22,Active
C03602,Evelyn,Ramirez,evelyn.ramirez228@email.com,+1-280-194-4271,1957-06-09,Male,2023-02-03,Active
C03603,Elizabeth,Gonzalez,elizabeth.gonzalez103@email.com,+1-298-443-9800,1987-06-02,Other,2024-03-24,Active
C03604,Sebastian,Johnson,sebastian.johnson352@email.com,+1-366-919-7542,1966-06-07,Male,2024-04-29,Active
C03605,Mason,Brown,mason.brown609@email.com,+1-871-512-1529,1957-06-09,Female,2024-03-04,Active
C03606,Mia,Jones,mia.jones19@email.com,+1-521-331-8706,1978-06-04,Male,2023-02-06,Active
C03607,Ella,Rodriguez,ella.rodriguez373@email.com,+1-928-385-5854,1964-06-07,Other,2023-08-28,Active
C03608,Noah,Ramirez,noah.ramirez545@email.com,+1-895-795-3254,2003-05-29,Male,2023-03-17,Active
C03609,Avery,Harris,avery.harris66@email.com,+1-496-499-2203,1987-06-02,Other,2023-04-09,Active
C03610,Lucas,Jackson,lucas.jackson279@email.com,+1-631-997-8961,2000-05-29,Female,2023-12-01,Active
C03611,Sofia,Garcia,sofia.garcia255@email.com,+1-534-819-7159,1994-05-31,Female,2024-12-29,Active
C03612,Emma,Jones,emma.jones768@email.com,+1-593-175-9759,2000-05-29,Male,2024-02-27,Active
C03613,Daniel,Thomas,daniel.thomas833@email.com,+1-768-559-1097,1975-06-05,Female,2024-05-24,Active
C03614,Matthew,Johnson,matthew.johnson339@email.com,+1-253-502-4874,1983-06-03,Female,2024-11-19,Active
C03615,Lucas,Wilson,lucas.wilson850@email.com,+1-208-479-1721,1975-06-05,Other,2024-08-21,Active
C03616,Ethan,Lee,ethan.lee649@email.com,+1-639-372-1131,1971-06-06,Other,2023-04-03,Active
C03617,Mason,Smith,mason.smith881@email.com,+1-421-700-1717,1998-05-30,Male,2023-05-05,Active
C03618,Noah,Sanchez,noah.sanchez759@email.com,+1-442-754-1472,2000-05-29,Female,2024-08-07,Active
C03619,Liam,Martin,liam.martin269@email.com,+1-547-261-4277,1972-06-05,Female,2023-09-17,Active
C03620,David,Thompson,david.thompson612@email.com,+1-575-336-2836,1956-06-09,Other,2023-05-23,Active
C03621,James,Gonzalez,james.gonzalez43@email.com,+1-250-738-9739,2000-05-29,Male,2023-10-18,Active
C03622,David,Lopez,david.lopez940@email.com,+1-704-402-6270,1968-06-06,Female,2024-04-12,Active
C03623,John,Jones,john.jones45@email.com,+1-526-392-5612,1987-06-02,Female,2023-01-21,Active
C03624,Amelia,Taylor,amelia.taylor93@email.com,+1-327-670-1266,2001-05-29,Other,2023-03-27,Active
C03625,Sebastian,Martin,sebastian.martin399@email.com,+1-556-744-6740,1990-06-01,Male,2023-07-08,Active
C03626,Evelyn,Harris,evelyn.harris339@email.com,+1-607-515-3570,1958-06-09,Other,2024-07-13,Active
C03627,Daniel,Jones,daniel.jones127@email.com,+1-705-731-9110,1964-06-07,Female,2024-11-08,Active
C03628,Sofia,Gonzalez,sofia.gonzalez13@email.com,+1-440-931-7691,1955-06-10,Female,2024-09-17,Active
C03629,Isabella,Martinez,isabella.martinez555@email.com,+1-633-131-8334,1980-06-03,Female,2024-12-21,Active
C03630,William,Harris,william.harris432@email.com,+1-615-116-3147,1957-06-09,Female,2024-06-13,Active
C03631,Ava,Lopez,ava.lopez517@email.com,+1-573-127-2163,1965-06-07,Male,2023-12-14,Active
C03632,Emma,Williams,emma.williams452@email.com,+1-435-795-2477,1957-06-09,Female,2023-10-25,Active
C03633,Sophia,Hernandez,sophia.hernandez434@email.com,+1-255-455-9627,2005-05-28,Other,2023-10-08,Active
C03634,Daniel,Jones,daniel.jones184@email.com,+1-461-409-2229,1971-06-06,Male,2024-05-31,Active
C03635,Abigail,Martinez,abigail.martinez453@email.com,+1-780-371-1927,1992-05-31,Female,2023-01-05,Active
C03636,Daniel,Miller,daniel.miller100@email.com,+1-896-931-6240,1971-06-06,Female,2023-01-20,Active
C03637,Noah,Hernandez,noah.hernandez741@email.com,+1-671-226-2309,1968-06-06,Other,2023-03-14,Active
C03638,Chloe,Moore,chloe.moore408@email.com,+1-645-861-5920,1995-05-31,Other,2023-11-13,Active
C03639,Jackson,Hernandez,jackson.hernandez398@email.com,+1-326-667-4851,1963-06-08,Female,2024-06-15,Active
C03640,Victoria,Thomas,victoria.thomas271@email.com,+1-842-786-8536,2008-05-27,Other,2023-11-22,Active
C03641,Daniel,Perez,daniel.perez480@email.com,+1-250-890-4043,1964-06-07,Other,2024-04-27,Active
C03642,Ella,Ramirez,ella.ramirez486@email.com,+1-948-190-9881,1954-06-10,Male,2024-04-04,Active
C03643,Emma,Sanchez,emma.sanchez658@email.com,+1-302-677-4041,1970-06-06,Male,2024-07-17,Active
C03644,Daniel,Wilson,daniel.wilson501@email.com,+1-447-322-4107,1963-06-08,Other,2024-08-06,Active
C03645,Victoria,Thompson,victoria.thompson491@email.com,+1-417-905-3183,1953-06-10,Other,2024-05-30,Active
C03646,Matthew,Martinez,matthew.martinez266@email.com,+1-240-290-3185,1960-06-08,Male,2024-02-06,Active
C03647,Mia,Clark,mia.clark405@email.com,+1-671-485-4061,1980-06-03,Male,2024-04-11,Active
C03648,Ella,Robinson,ella.robinson243@email.com,+1-836-826-3612,1974-06-05,Other,2024-05-16,Active
C03649,Michael,Lee,michael.lee145@email.com,+1-247-239-4904,2007-05-28,Male,2023-01-29,Active
C03650,Chloe,Brown,chloe.brown258@email.com,+1-905-100-2069,1996-05-30,Other,2023-10-25,Active
C03651,Amelia,Harris,amelia.harris818@email.com,+1-379-628-5569,1995-05-31,Male,2024-03-06,Active
C03652,Alexander,Thomas,alexander.thomas676@email.com,+1-272-719-9606,2008-05-27,Other,2024-08-01,Active
C03653,Ella,Hernandez,ella.hernandez840@email.com,+1-528-982-2377,1964-06-07,Female,2024-01-30,Active
C03654,Michael,Jones,michael.jones919@email.com,+1-598-158-8250,1972-06-05,Female,2024-02-04,Active
C03655,Victoria,Martin,victoria.martin72@email.com,+1-406-664-4623,2008-05-27,Male,2024-08-26,Active
C03656,Matthew,Sanchez,matthew.sanchez292@email.com,+1-451-318-3535,1968-06-06,Female,2024-06-26,Active
C03657,William,Robinson,william.robinson132@email.com,+1-704-560-8658,1995-05-31,Male,2023-09-10,Active
C03658,Ava,Wilson,ava.wilson908@email.com,+1-943-618-1553,1989-06-01,Female,2023-11-20,Active
C03659,Ella,Smith,ella.smith948@email.com,+1-653-103-4396,2005-05-28,Female,2023-06-09,Active
C03660,Lucas,Gonzalez,lucas.gonzalez817@email.com,+1-235-443-6131,1976-06-04,Other,2024-07-11,Active
C03661,Alexander,Jones,alexander.jones646@email.com,+1-494-186-1615,1958-06-09,Female,2023-03-17,Active
C03662,Alexander,White,alexander.white55@email.com,+1-335-607-5427,1967-06-07,Other,2024-12-13,Active
C03663,Jackson,Thomas,jackson.thomas801@email.com,+1-976-475-9295,1979-06-04,Female,2024-07-13,Active
C03664,Sofia,Jones,sofia.jones381@email.com,+1-782-102-8040,1955-06-10,Male,2024-07-21,Active
C03665,Olivia,Davis,olivia.davis724@email.com,+1-614-295-9328,1968-06-06,Female,2023-02-22,Active
C03666,Matthew,Lewis,matthew.lewis979@email.com,+1-468-521-2162,1980-06-03,Other,2024-03-17,Active
C03667,Henry,Hernandez,henry.hernandez610@email.com,+1-697-761-4422,1995-05-31,Other,2024-09-16,Active
C03668,John,Thompson,john.thompson789@email.com,+1-784-795-8936,1963-06-08,Other,2023-05-23,Active
C03669,Henry,Clark,henry.clark613@email.com,+1-279-363-9291,1971-06-06,Male,2023-10-21,Active
C03670,Andrew,Lewis,andrew.lewis323@email.com,+1-521-114-5621,1957-06-09,Other,2023-04-30,Active
C03671,Benjamin,Jones,benjamin.jones844@email.com,+1-626-893-8151,2000-05-29,Male,2024-03-03,Active
C03672,Isabella,White,isabella.white228@email.com,+1-804-363-7242,2002-05-29,Male,2024-09-19,Active
C03673,Mia,Thompson,mia.thompson562@email.com,+1-799-820-9743,1966-06-07,Male,2023-03-06,Active
C03674,Sophia,Hernandez,sophia.hernandez631@email.com,+1-495-675-6561,2007-05-28,Female,2024-05-12,Active
C03675,Emma,Thompson,emma.thompson75@email.com,+1-386-801-8379,1964-06-07,Other,2023-10-11,Active
C03676,Mia,Jones,mia.jones932@email.com,+1-397-936-9700,1977-06-04,Female,2023-01-11,Active
C03677,Alexander,Garcia,alexander.garcia847@email.com,+1-852-265-6587,1979-06-04,Other,2023-11-20,Active
C03678,Scarlett,Thompson,scarlett.thompson504@email.com,+1-265-967-9411,1999-05-30,Other,2023-08-06,Active
C03679,Isabella,Miller,isabella.miller462@email.com,+1-738-758-9946,2005-05-28,Female,2023-03-08,Active
C03680,Michael,Perez,michael.perez560@email.com,+1-497-169-7355,1984-06-02,Male,2023-07-16,Active
C03681,Ava,White,ava.white205@email.com,+1-914-840-5184,1985-06-02,Other,2023-05-22,Active
C03682,Matthew,Martinez,matthew.martinez479@email.com,+1-965-688-9789,2007-05-28,Female,2024-03-29,Active
C03683,Abigail,Taylor,abigail.taylor439@email.com,+1-903-554-5412,1996-05-30,Female,2023-05-31,Active
C03684,Grace,Davis,grace.davis995@email.com,+1-203-976-8287,1983-06-03,Male,2024-07-27,Active
C03685,Mason,Johnson,mason.johnson860@email.com,+1-756-160-3305,1984-06-02,Male,2023-10-31,Active
C03686,Matthew,Jones,matthew.jones8@email.com,+1-301-528-6286,1962-06-08,Female,2024-01-02,Active
C03687,Avery,Perez,avery.perez519@email.com,+1-616-384-6415,1975-06-05,Other,2023-08-08,Active
C03688,Matthew,Hernandez,matthew.hernandez336@email.com,+1-969-876-6873,2002-05-29,Female,2023-08-14,Active
C03689,James,Rodriguez,james.rodriguez482@email.com,+1-641-381-1093,1984-06-02,Male,2024-12-24,Active
C03690,Samuel,Anderson,samuel.anderson346@email.com,+1-733-905-7798,1990-06-01,Male,2023-07-07,Active
C03691,Noah,Lopez,noah.lopez74@email.com,+1-624-491-6781,2002-05-29,Female,2024-04-14,Active
C03692,William,Garcia,william.garcia914@email.com,+1-462-982-5956,1959-06-09,Male,2024-04-09,Active
C03693,Scarlett,Jackson,scarlett.jackson627@email.com,+1-683-403-1080,1996-05-30,Male,2024-08-06,Active
C03694,Samuel,Wilson,samuel.wilson935@email.com,+1-747-536-1278,1955-06-10,Male,2023-07-26,Active
C03695,Abigail,Clark,abigail.clark482@email.com,+1-242-847-2040,1993-05-31,Male,2023-09-25,Active
C03696,Sofia,Miller,sofia.miller47@email.com,+1-837-405-5387,1976-06-04,Male,2024-07-27,Active
C03697,Sofia,Johnson,sofia.johnson178@email.com,+1-246-916-6452,1969-06-06,Other,2024-11-12,Active
C03698,Grace,Davis,grace.davis32@email.com,+1-823-895-5554,1991-06-01,Male,2024-10-22,Active
C03699,John,Smith,john.smith598@email.com,+1-988-543-2084,1970-06-06,Female,2023-04-20,Active
C03700,Joseph,Ramirez,joseph.ramirez865@email.com,+1-789-998-8978,1987-06-02,Female,2024-08-15,Active
C03701,William,Moore,william.moore276@email.com,+1-312-314-6940,1991-06-01,Other,2023-11-29,Active
C03702,Samuel,Smith,samuel.smith306@email.com,+1-525-143-8602,1960-06-08,Female,2024-06-05,Active
C03703,Elizabeth,Harris,elizabeth.harris708@email.com,+1-703-406-9346,1988-06-01,Other,2024-12-17,Active
C03704,Joseph,Lee,joseph.lee655@email.com,+1-428-686-5115,1952-06-10,Male,2023-02-07,Active
C03705,Michael,Jackson,michael.jackson849@email.com,+1-843-879-9986,1966-06-07,Male,2024-11-15,Active
C03706,Jackson,Smith,jackson.smith173@email.com,+1-934-731-5111,1967-06-07,Male,2024-03-30,Active
C03707,Olivia,Sanchez,olivia.sanchez239@email.com,+1-292-462-9690,1987-06-02,Male,2023-04-27,Active
C03708,Samuel,Rodriguez,samuel.rodriguez626@email.com,+1-217-579-4132,2006-05-28,Male,2024-02-16,Active
C03709,Amelia,Brown,amelia.brown578@email.com,+1-961-550-8533,1974-06-05,Female,2023-09-06,Active
C03710,Jackson,Anderson,jackson.anderson372@email.com,+1-824-474-2862,2004-05-28,Female,2023-02-28,Active
C03711,Scarlett,Lewis,scarlett.lewis436@email.com,+1-955-373-9563,2008-05-27,Male,2024-07-22,Active
C03712,Scarlett,Taylor,scarlett.taylor773@email.com,+1-941-232-6242,1953-06-10,Other,2023-03-16,Active
C03713,Matthew,Thompson,matthew.thompson527@email.com,+1-483-208-7885,1967-06-07,Male,2024-07-22,Active
C03714,Amelia,Garcia,amelia.garcia995@email.com,+1-639-131-6907,1963-06-08,Female,2023-06-19,Active
C03715,Andrew,Harris,andrew.harris287@email.com,+1-369-570-7881,1975-06-05,Female,2023-08-27,Active
C03716,Benjamin,Brown,benjamin.brown870@email.com,+1-654-297-1040,1997-05-30,Female,2023-12-04,Active
C03717,John,Miller,john.miller673@email.com,+1-857-797-2416,1957-06-09,Male,2023-12-17,Active
C03718,Samuel,Robinson,samuel.robinson915@email.com,+1-982-192-8679,1999-05-30,Other,2023-06-27,Active
C03719,Evelyn,Harris,evelyn.harris151@email.com,+1-590-943-6927,1989-06-01,Other,2024-01-18,Active
C03720,Sofia,Martin,sofia.martin562@email.com,+1-807-956-1383,1993-05-31,Male,2023-10-28,Active
C03721,Isabella,Anderson,isabella.anderson743@email.com,+1-347-325-8762,1969-06-06,Female,2024-09-01,Active
C03722,Scarlett,Jackson,scarlett.jackson28@email.com,+1-355-275-4735,1956-06-09,Other,2023-09-06,Active
C03723,Chloe,Johnson,chloe.johnson37@email.com,+1-925-932-8019,1953-06-10,Female,2024-02-12,Active
C03724,Grace,Lee,grace.lee654@email.com,+1-658-156-5596,1971-06-06,Female,2023-09-11,Active
C03725,Abigail,Thompson,abigail.thompson266@email.com,+1-272-742-8293,1988-06-01,Female,2023-10-28,Active
C03726,Abigail,Miller,abigail.miller608@email.com,+1-737-179-9923,1965-06-07,Other,2023-06-27,Active
C03727,Olivia,Clark,olivia.clark464@email.com,+1-966-315-8582,1986-06-02,Male,2023-07-24,Active
C03728,John,Williams,john.williams329@email.com,+1-705-716-1951,1989-06-01,Other,2023-06-09,Active
C03729,Daniel,Taylor,daniel.taylor624@email.com,+1-980-829-7399,1956-06-09,Female,2024-07-13,Active
C03730,Sebastian,Miller,sebastian.miller518@email.com,+1-469-663-9384,1995-05-31,Female,2023-10-05,Active
C03731,Samuel,Smith,samuel.smith882@email.com,+1-359-117-8847,1999-05-30,Male,2023-11-19,Active
C03732,Lucas,Jackson,lucas.jackson409@email.com,+1-897-211-3955,1958-06-09,Other,2024-09-05,Active
C03733,Victoria,Smith,victoria.smith648@email.com,+1-541-855-2445,2002-05-29,Other,2023-06-20,Active
C03734,William,Robinson,william.robinson581@email.com,+1-862-908-9847,1984-06-02,Other,2023-07-15,Active
C03735,Sophia,Taylor,sophia.taylor786@email.com,+1-337-935-1435,2008-05-27,Female,2023-03-08,Active
C03736,Matthew,Gonzalez,matthew.gonzalez733@email.com,+1-978-970-1600,1979-06-04,Male,2024-09-01,Active
C03737,John,Jones,john.jones225@email.com,+1-692-898-3404,1999-05-30,Other,2023-05-08,Active
C03738,Elizabeth,Moore,elizabeth.moore622@email.com,+1-436-329-5503,1966-06-07,Other,2023-01-08,Active
C03739,Jackson,Perez,jackson.perez312@email.com,+1-822-565-1757,1988-06-01,Other,2024-04-27,Active
C03740,Olivia,Wilson,olivia.wilson503@email.com,+1-535-571-9372,1953-06-10,Female,2023-04-13,Active
C03741,Samuel,Sanchez,samuel.sanchez748@email.com,+1-430-295-6543,1980-06-03,Other,2024-01-04,Active
C03742,Emma,Sanchez,emma.sanchez499@email.com,+1-652-341-2663,1951-06-11,Other,2024-07-10,Active
C03743,Benjamin,Brown,benjamin.brown331@email.com,+1-537-448-1699,1980-06-03,Female,2023-02-03,Active
C03744,Olivia,Lopez,olivia.lopez131@email.com,+1-859-195-9598,1970-06-06,Other,2023-08-30,Active
C03745,Amelia,Taylor,amelia.taylor281@email.com,+1-927-941-5590,1989-06-01,Male,2024-04-06,Active
C03746,Daniel,Taylor,daniel.taylor551@email.com,+1-414-207-2250,1989-06-01,Male,2024-02-17,Active
C03747,Ella,Johnson,ella.johnson668@email.com,+1-918-204-3496,1958-06-09,Other,2024-05-13,Active
C03748,Abigail,Ramirez,abigail.ramirez51@email.com,+1-403-510-9777,1988-06-01,Male,2023-10-04,Active
C03749,Matthew,Clark,matthew.clark957@email.com,+1-995-646-2223,1968-06-06,Other,2024-11-23,Active
C03750,Avery,Lewis,avery.lewis894@email.com,+1-661-732-8313,1953-06-10,Male,2023-06-30,Active
C03751,William,Davis,william.davis655@email.com,+1-509-923-5374,1976-06-04,Female,2024-01-01,Active
C03752,Evelyn,Rodriguez,evelyn.rodriguez422@email.com,+1-684-688-5807,1956-06-09,Male,2024-12-06,Active
C03753,Jackson,White,jackson.white877@email.com,+1-637-405-1354,1995-05-31,Female,2024-10-25,Active
C03754,Isabella,Martin,isabella.martin327@email.com,+1-691-323-9169,1995-05-31,Other,2023-08-01,Active
C03755,Mason,Lopez,mason.lopez597@email.com,+1-710-474-8422,1970-06-06,Male,2023-01-08,Active
C03756,William,Perez,william.perez450@email.com,+1-439-206-9340,1959-06-09,Other,2023-11-25,Active
C03757,Benjamin,Thompson,benjamin.thompson39@email.com,+1-339-678-2453,1985-06-02,Other,2024-01-27,Active
C03758,Alexander,Lee,alexander.lee168@email.com,+1-432-332-3868,1984-06-02,Male,2024-02-28,Active
C03759,Daniel,Williams,daniel.williams564@email.com,+1-555-741-5166,1971-06-06,Male,2023-06-30,Active
C03760,Jackson,Sanchez,jackson.sanchez399@email.com,+1-224-577-4396,1958-06-09,Female,2024-02-28,Active
C03761,Elizabeth,Ramirez,elizabeth.ramirez483@email.com,+1-926-360-7369,2001-05-29,Other,2024-07-04,Active
C03762,Emily,White,emily.white648@email.com,+1-786-465-9925,2003-05-29,Other,2024-03-16,Active
C03763,Joseph,Rodriguez,joseph.rodriguez759@email.com,+1-824-217-7958,2008-05-27,Female,2024-10-27,Active
C03764,Michael,Smith,michael.smith972@email.com,+1-365-269-2260,2002-05-29,Other,2023-07-25,Active
C03765,Matthew,Jackson,matthew.jackson566@email.com,+1-273-761-5696,1958-06-09,Male,2024-09-21,Active
C03766,Alexander,Clark,alexander.clark281@email.com,+1-883-591-7334,1963-06-08,Male,2023-01-16,Active
C03767,John,Rodriguez,john.rodriguez837@email.com,+1-775-308-8976,2007-05-28,Female,2023-09-28,Active
C03768,Isabella,Jackson,isabella.jackson830@email.com,+1-936-980-3054,1990-06-01,Female,2023-07-02,Active
C03769,Lucas,Miller,lucas.miller790@email.com,+1-229-931-3483,1986-06-02,Other,2023-10-24,Active
C03770,Liam,Jackson,liam.jackson744@email.com,+1-861-699-7299,2001-05-29,Male,2023-01-07,Active
C03771,Sebastian,Lewis,sebastian.lewis194@email.com,+1-625-486-8412,1970-06-06,Male,2023-09-18,Active
C03772,Elizabeth,Wilson,elizabeth.wilson424@email.com,+1-645-179-1024,1961-06-08,Female,2024-08-11,Active
C03773,Matthew,Robinson,matthew.robinson247@email.com,+1-484-278-1525,2000-05-29,Male,2024-08-16,Active
C03774,Amelia,Rodriguez,amelia.rodriguez629@email.com,+1-802-657-1649,1962-06-08,Male,2024-10-18,Active
C03775,Avery,Wilson,avery.wilson568@email.com,+1-426-531-8999,1961-06-08,Other,2023-12-31,Active
C03776,Liam,Brown,liam.brown486@email.com,+1-663-729-2182,1968-06-06,Male,2024-01-31,Active
C03777,Alexander,Rodriguez,alexander.rodriguez834@email.com,+1-613-223-5494,1969-06-06,Male,2024-03-06,Active
C03778,Mia,Miller,mia.miller252@email.com,+1-995-978-6741,1989-06-01,Female,2024-10-28,Active
C03779,Matthew,Robinson,matthew.robinson370@email.com,+1-644-414-3295,2001-05-29,Male,2023-12-12,Active
C03780,Sebastian,Gonzalez,sebastian.gonzalez253@email.com,+1-701-869-3101,2004-05-28,Male,2023-12-09,Active
C03781,Chloe,Jackson,chloe.jackson802@email.com,+1-968-465-7248,1987-06-02,Other,2023-04-14,Active
C03782,Emily,Jackson,emily.jackson777@email.com,+1-361-754-3993,1980-06-03,Other,2023-08-22,Active
C03783,Elizabeth,Ramirez,elizabeth.ramirez902@email.com,+1-469-931-2518,2006-05-28,Other,2024-03-01,Active
C03784,Liam,Miller,liam.miller950@email.com,+1-760-431-1040,1957-06-09,Other,2024-07-01,Active
C03785,Michael,Hernandez,michael.hernandez66@email.com,+1-946-839-4412,1965-06-07,Female,2024-03-29,Active
C03786,Harper,Lewis,harper.lewis563@email.com,+1-608-592-3304,1974-06-05,Other,2024-06-30,Active
C03787,Amelia,Jackson,amelia.jackson1@email.com,+1-507-580-4951,1992-05-31,Male,2024-05-06,Active
C03788,Daniel,Rodriguez,daniel.rodriguez388@email.com,+1-948-856-2371,1978-06-04,Other,2023-12-15,Active
C03789,Evelyn,Jackson,evelyn.jackson850@email.com,+1-402-252-6858,1992-05-31,Male,2024-09-27,Active
C03790,John,Anderson,john.anderson539@email.com,+1-729-577-6190,2000-05-29,Male,2024-05-27,Active
C03791,Emma,Martinez,emma.martinez15@email.com,+1-797-429-5676,1977-06-04,Female,2024-04-26,Active
C03792,Jackson,Wilson,jackson.wilson98@email.com,+1-726-298-1848,1957-06-09,Other,2023-01-16,Active
C03793,Daniel,Taylor,daniel.taylor53@email.com,+1-261-202-9780,2003-05-29,Male,2023-08-28,Active
C03794,Alexander,Miller,alexander.miller597@email.com,+1-286-432-2508,1994-05-31,Female,2024-10-26,Active
C03795,Jackson,Thomas,jackson.thomas548@email.com,+1-622-274-2702,1957-06-09,Female,2024-12-16,Active
C03796,Sebastian,Williams,sebastian.williams562@email.com,+1-667-199-1742,1983-06-03,Other,2023-04-12,Active
C03797,Samuel,Hernandez,samuel.hernandez434@email.com,+1-508-231-6417,1982-06-03,Male,2023-09-23,Active
C03798,Sebastian,Lee,sebastian.lee858@email.com,+1-202-246-8009,1996-05-30,Other,2023-05-19,Active
C03799,Lucas,Robinson,lucas.robinson829@email.com,+1-938-173-7099,1963-06-08,Male,2024-04-06,Active
C03800,Charlotte,Smith,charlotte.smith414@email.com,+1-234-154-4025,1997-05-30,Male,2024-06-15,Active
C03801,Scarlett,Wilson,scarlett.wilson896@email.com,+1-543-762-6490,1965-06-07,Male,2023-01-19,Active
C03802,Abigail,Robinson,abigail.robinson851@email.com,+1-341-272-5723,1990-06-01,Male,2024-09-25,Active
C03803,William,Smith,william.smith414@email.com,+1-618-591-1600,2004-05-28,Female,2024-09-17,Active
C03804,Harper,Hernandez,harper.hernandez757@email.com,+1-802-679-3321,1953-06-10,Male,2024-12-12,Active
C03805,Matthew,Wilson,matthew.wilson915@email.com,+1-455-310-9508,2000-05-29,Male,2024-08-09,Active
C03806,Isabella,Rodriguez,isabella.rodriguez39@email.com,+1-232-427-4802,1997-05-30,Male,2023-05-10,Active
C03807,James,Johnson,james.johnson382@email.com,+1-586-243-1451,1961-06-08,Other,2024-09-25,Active
C03808,Andrew,Harris,andrew.harris48@email.com,+1-277-216-4403,1989-06-01,Other,2024-04-13,Active
C03809,Benjamin,Davis,benjamin.davis590@email.com,+1-303-297-4732,1985-06-02,Male,2023-03-15,Active
C03810,James,Taylor,james.taylor388@email.com,+1-319-915-4517,1962-06-08,Male,2024-07-22,Active
C03811,Victoria,Rodriguez,victoria.rodriguez344@email.com,+1-621-795-5641,1995-05-31,Male,2024-01-25,Active
C03812,Alexander,Garcia,alexander.garcia513@email.com,+1-609-405-5881,1981-06-03,Female,2023-04-17,Active
C03813,Emma,Garcia,emma.garcia271@email.com,+1-797-624-8045,1991-06-01,Male,2023-10-19,Active
C03814,James,White,james.white56@email.com,+1-947-929-6842,1960-06-08,Female,2024-04-22,Active
C03815,David,Lee,david.lee687@email.com,+1-684-740-4973,1972-06-05,Other,2024-03-23,Active
C03816,Sebastian,Lee,sebastian.lee641@email.com,+1-569-281-8731,1983-06-03,Female,2024-05-08,Active
C03817,Ethan,Hernandez,ethan.hernandez705@email.com,+1-381-492-7623,1972-06-05,Female,2023-12-18,Active
C03818,Ava,Rodriguez,ava.rodriguez500@email.com,+1-982-499-3583,1953-06-10,Male,2023-12-19,Active
C03819,Scarlett,Johnson,scarlett.johnson635@email.com,+1-626-526-5917,1978-06-04,Female,2024-09-15,Active
C03820,Daniel,Davis,daniel.davis256@email.com,+1-614-969-7076,1952-06-10,Female,2024-07-21,Active
C03821,Avery,Harris,avery.harris972@email.com,+1-477-883-7452,1988-06-01,Other,2023-10-14,Active
C03822,Amelia,Hernandez,amelia.hernandez214@email.com,+1-774-694-7680,1952-06-10,Other,2024-08-23,Active
C03823,Chloe,Moore,chloe.moore910@email.com,+1-547-865-5093,1996-05-30,Female,2024-07-27,Active
C03824,Elizabeth,Thomas,elizabeth.thomas946@email.com,+1-806-254-5879,1978-06-04,Female,2024-09-17,Active
C03825,Ethan,Garcia,ethan.garcia657@email.com,+1-668-984-7854,1968-06-06,Other,2024-06-13,Active
C03826,Sebastian,Robinson,sebastian.robinson230@email.com,+1-531-377-4481,1982-06-03,Female,2023-02-25,Active
C03827,Sebastian,Hernandez,sebastian.hernandez513@email.com,+1-967-539-5036,2007-05-28,Other,2023-02-16,Active
C03828,Sofia,Sanchez,sofia.sanchez104@email.com,+1-602-848-9821,1972-06-05,Female,2024-08-03,Active
C03829,Ella,Jackson,ella.jackson655@email.com,+1-442-730-9951,1982-06-03,Male,2023-02-27,Active
C03830,Sophia,Lopez,sophia.lopez882@email.com,+1-429-789-9193,1983-06-03,Male,2024-10-07,Active
C03831,Scarlett,Lee,scarlett.lee202@email.com,+1-911-572-2448,2007-05-28,Male,2024-12-02,Active
C03832,Joseph,Sanchez,joseph.sanchez214@email.com,+1-685-233-7218,1964-06-07,Female,2024-11-01,Active
C03833,Mia,Harris,mia.harris851@email.com,+1-991-104-2563,1969-06-06,Other,2024-03-26,Active
C03834,Jackson,Clark,jackson.clark494@email.com,+1-767-828-1312,1984-06-02,Male,2023-06-11,Active
C03835,Henry,Jackson,henry.jackson213@email.com,+1-320-234-3006,1958-06-09,Female,2024-03-14,Active
C03836,Charlotte,Jackson,charlotte.jackson787@email.com,+1-504-901-8242,1988-06-01,Male,2023-11-21,Active
C03837,Henry,Clark,henry.clark148@email.com,+1-966-692-3694,1990-06-01,Other,2023-11-30,Active
C03838,Emily,Harris,emily.harris416@email.com,+1-410-935-4133,1979-06-04,Male,2023-04-29,Active
C03839,Isabella,White,isabella.white954@email.com,+1-799-981-5924,1983-06-03,Male,2024-12-20,Active
C03840,Chloe,Rodriguez,chloe.rodriguez518@email.com,+1-880-181-2799,1982-06-03,Other,2024-06-29,Active
C03841,Elizabeth,Thompson,elizabeth.thompson300@email.com,+1-780-571-2448,1980-06-03,Female,2023-04-06,Active
C03842,Liam,Wilson,liam.wilson699@email.com,+1-763-329-4579,1970-06-06,Male,2024-01-30,Active
C03843,Mason,Johnson,mason.johnson108@email.com,+1-598-210-3782,2007-05-28,Other,2024-01-08,Active
C03844,Mason,Gonzalez,mason.gonzalez795@email.com,+1-935-352-5458,1960-06-08,Male,2023-05-12,Active
C03845,Ethan,Miller,ethan.miller232@email.com,+1-437-378-5454,1966-06-07,Female,2024-05-25,Active
C03846,Sofia,Clark,sofia.clark494@email.com,+1-872-919-4360,1974-06-05,Female,2023-01-29,Active
C03847,Sophia,Martinez,sophia.martinez47@email.com,+1-776-658-5346,2005-05-28,Other,2024-10-02,Active
C03848,Ava,Ramirez,ava.ramirez445@email.com,+1-705-714-4547,1992-05-31,Male,2024-11-23,Active
C03849,Grace,Williams,grace.williams107@email.com,+1-610-110-5635,1963-06-08,Other,2023-05-19,Active
C03850,John,Perez,john.perez674@email.com,+1-285-890-1408,1967-06-07,Female,2024-11-13,Active
C03851,Mia,Lewis,mia.lewis934@email.com,+1-239-254-9677,1954-06-10,Female,2023-06-05,Active
C03852,Sofia,Robinson,sofia.robinson122@email.com,+1-613-657-1540,1970-06-06,Other,2024-10-18,Active
C03853,Olivia,Davis,olivia.davis299@email.com,+1-347-224-4286,1951-06-11,Other,2024-04-11,Active
C03854,Michael,Martinez,michael.martinez567@email.com,+1-467-259-1981,1996-05-30,Female,2024-05-31,Active
C03855,Ava,Wilson,ava.wilson63@email.com,+1-912-589-2575,2002-05-29,Other,2023-08-22,Active
C03856,Benjamin,Robinson,benjamin.robinson557@email.com,+1-591-160-2308,2002-05-29,Female,2024-02-04,Active
C03857,Ethan,Sanchez,ethan.sanchez508@email.com,+1-318-308-3215,1971-06-06,Male,2023-01-09,Active
C03858,Alexander,Robinson,alexander.robinson868@email.com,+1-216-238-5971,1953-06-10,Other,2023-09-13,Active
C03859,Emma,Garcia,emma.garcia994@email.com,+1-733-668-2446,2001-05-29,Male,2024-03-10,Active
C03860,Isabella,Clark,isabella.clark547@email.com,+1-670-971-5900,1977-06-04,Male,2024-02-11,Active
C03861,Ava,Harris,ava.harris952@email.com,+1-822-318-8145,1985-06-02,Other,2023-09-01,Active
C03862,Joseph,Gonzalez,joseph.gonzalez302@email.com,+1-638-292-2175,1958-06-09,Other,2024-05-01,Active
C03863,Ethan,Johnson,ethan.johnson941@email.com,+1-852-611-5942,1966-06-07,Male,2023-04-12,Active
C03864,Elizabeth,Brown,elizabeth.brown802@email.com,+1-791-393-3774,1999-05-30,Other,2024-04-20,Active
C03865,Mason,Lopez,mason.lopez291@email.com,+1-249-177-4890,1995-05-31,Female,2024-10-08,Active
C03866,Michael,Johnson,michael.johnson421@email.com,+1-811-779-8099,1984-06-02,Male,2023-02-23,Active
C03867,Ava,Wilson,ava.wilson562@email.com,+1-459-933-6642,1988-06-01,Male,2024-01-21,Active
C03868,James,Harris,james.harris672@email.com,+1-708-857-6109,2000-05-29,Male,2024-10-16,Active
C03869,Daniel,Martinez,daniel.martinez499@email.com,+1-937-928-2065,1971-06-06,Female,2023-01-07,Active
C03870,Grace,Martin,grace.martin722@email.com,+1-828-382-9529,1981-06-03,Female,2023-07-12,Active
C03871,Elizabeth,Martin,elizabeth.martin290@email.com,+1-718-683-4619,1985-06-02,Male,2024-11-02,Active
C03872,Sophia,Jackson,sophia.jackson644@email.com,+1-917-848-6582,1986-06-02,Female,2023-10-15,Active
C03873,Matthew,Miller,matthew.miller375@email.com,+1-572-896-9271,1954-06-10,Male,2024-03-03,Active
C03874,James,Anderson,james.anderson654@email.com,+1-941-188-8465,1983-06-03,Female,2024-07-25,Active
C03875,Isabella,Harris,isabella.harris670@email.com,+1-570-514-7012,1984-06-02,Female,2024-12-05,Active
C03876,Emma,Thomas,emma.thomas24@email.com,+1-879-143-2359,1991-06-01,Other,2024-03-05,Active
C03877,Mason,Clark,mason.clark228@email.com,+1-205-938-7194,1982-06-03,Other,2023-07-29,Active
C03878,James,Rodriguez,james.rodriguez42@email.com,+1-917-624-8292,2008-05-27,Male,2024-09-17,Active
C03879,Sofia,Wilson,sofia.wilson555@email.com,+1-813-160-5455,2000-05-29,Female,2024-09-20,Active
C03880,Grace,Jones,grace.jones8@email.com,+1-683-517-3760,1962-06-08,Other,2024-06-18,Active
C03881,Mason,Brown,mason.brown360@email.com,+1-875-265-3293,1973-06-05,Male,2024-05-11,Active
C03882,William,Garcia,william.garcia180@email.com,+1-769-258-5651,1991-06-01,Other,2024-12-18,Active
C03883,Ella,Hernandez,ella.hernandez888@email.com,+1-359-638-4155,1971-06-06,Other,2023-12-31,Active
C03884,Victoria,Martinez,victoria.martinez33@email.com,+1-201-379-2511,1960-06-08,Other,2024-11-22,Active
C03885,Sebastian,Rodriguez,sebastian.rodriguez464@email.com,+1-819-921-2897,1952-06-10,Female,2024-05-12,Active
C03886,Sophia,Thompson,sophia.thompson119@email.com,+1-452-455-1486,1988-06-01,Male,2024-02-14,Active
C03887,Avery,Robinson,avery.robinson150@email.com,+1-368-884-9693,1956-06-09,Male,2023-05-05,Active
C03888,Emma,Sanchez,emma.sanchez952@email.com,+1-647-396-2927,1966-06-07,Other,2023-03-18,Active
C03889,Daniel,Thomas,daniel.thomas570@email.com,+1-241-713-8608,2007-05-28,Male,2023-07-14,Active
C03890,Isabella,Robinson,isabella.robinson554@email.com,+1-217-971-2192,2002-05-29,Female,2024-12-07,Active
C03891,Andrew,Martinez,andrew.martinez932@email.com,+1-929-437-4974,1969-06-06,Male,2024-02-27,Active
C03892,Michael,Ramirez,michael.ramirez778@email.com,+1-329-905-9364,1992-05-31,Other,2024-09-25,Active
C03893,Evelyn,Thomas,evelyn.thomas570@email.com,+1-619-919-8440,1952-06-10,Other,2024-03-12,Active
C03894,Isabella,Moore,isabella.moore38@email.com,+1-379-187-9354,1969-06-06,Other,2023-02-10,Active
C03895,Amelia,Smith,amelia.smith395@email.com,+1-427-874-6641,1967-06-07,Other,2023-08-10,Active
C03896,Liam,Perez,liam.perez233@email.com,+1-675-671-2890,2002-05-29,Male,2023-02-17,Active
C03897,Amelia,Clark,amelia.clark677@email.com,+1-835-842-8284,1956-06-09,Male,2024-04-19,Active
C03898,Matthew,Martin,matthew.martin590@email.com,+1-214-426-6438,1986-06-02,Female,2023-06-15,Active
C03899,Joseph,Sanchez,joseph.sanchez382@email.com,+1-806-685-6014,1974-06-05,Male,2023-01-17,Active
C03900,Henry,Garcia,henry.garcia590@email.com,+1-954-100-7866,1972-06-05,Female,2023-04-24,Active
C03901,Noah,Thompson,noah.thompson306@email.com,+1-567-256-9516,1981-06-03,Other,2023-04-19,Active
C03902,Emma,Gonzalez,emma.gonzalez69@email.com,+1-945-149-7365,1979-06-04,Female,2024-01-27,Active
C03903,Lucas,Davis,lucas.davis464@email.com,+1-974-379-7082,2003-05-29,Male,2023-10-04,Active
C03904,Matthew,Hernandez,matthew.hernandez148@email.com,+1-654-524-2527,1966-06-07,Female,2024-05-17,Active
C03905,Sebastian,Williams,sebastian.williams307@email.com,+1-801-665-1959,1994-05-31,Female,2024-08-10,Active
C03906,Liam,Taylor,liam.taylor288@email.com,+1-399-590-7528,1998-05-30,Other,2023-04-11,Active
C03907,Andrew,Ramirez,andrew.ramirez408@email.com,+1-502-375-5936,1953-06-10,Female,2023-09-18,Active
C03908,James,Hernandez,james.hernandez822@email.com,+1-209-644-5620,1993-05-31,Male,2023-02-09,Active
C03909,William,Lewis,william.lewis257@email.com,+1-378-317-5939,1959-06-09,Male,2023-07-26,Active
C03910,Olivia,Rodriguez,olivia.rodriguez82@email.com,+1-665-826-3064,1962-06-08,Male,2024-02-20,Active
C03911,Michael,Hernandez,michael.hernandez253@email.com,+1-607-714-2769,1987-06-02,Other,2024-01-31,Active
C03912,Abigail,Anderson,abigail.anderson289@email.com,+1-798-129-7294,1972-06-05,Female,2024-07-06,Active
C03913,Elizabeth,Smith,elizabeth.smith167@email.com,+1-484-268-7044,1993-05-31,Male,2023-09-25,Active
C03914,Benjamin,Davis,benjamin.davis673@email.com,+1-347-735-6536,1990-06-01,Other,2023-02-09,Active
C03915,Emily,Garcia,emily.garcia954@email.com,+1-427-968-2352,1974-06-05,Other,2024-02-06,Active
C03916,Isabella,Taylor,isabella.taylor397@email.com,+1-431-147-5579,1970-06-06,Male,2024-12-11,Active
C03917,Jackson,Gonzalez,jackson.gonzalez189@email.com,+1-906-732-2485,2002-05-29,Male,2023-10-05,Active
C03918,Joseph,Martinez,joseph.martinez975@email.com,+1-360-714-3274,1989-06-01,Male,2024-08-19,Active
C03919,Ethan,Wilson,ethan.wilson476@email.com,+1-754-887-3897,1965-06-07,Female,2024-08-31,Active
C03920,Lucas,Jackson,lucas.jackson181@email.com,+1-615-491-4439,1983-06-03,Male,2023-09-02,Active
C03921,Amelia,Jones,amelia.jones840@email.com,+1-563-869-1540,1955-06-10,Male,2024-05-25,Active
C03922,Amelia,Jackson,amelia.jackson161@email.com,+1-712-146-5949,2008-05-27,Female,2023-07-06,Active
C03923,James,Jones,james.jones47@email.com,+1-628-197-1798,1993-05-31,Other,2024-09-14,Active
C03924,Lucas,Miller,lucas.miller383@email.com,+1-833-331-9018,2003-05-29,Female,2023-04-23,Active
C03925,Victoria,Johnson,victoria.johnson3@email.com,+1-259-761-1355,1971-06-06,Other,2024-06-26,Active
C03926,Michael,Wilson,michael.wilson102@email.com,+1-585-249-4018,1963-06-08,Female,2024-01-18,Active
C03927,Henry,Thompson,henry.thompson505@email.com,+1-265-626-7036,1989-06-01,Other,2024-01-04,Active
C03928,Emma,White,emma.white461@email.com,+1-793-736-3336,1990-06-01,Male,2024-05-13,Active
C03929,Emily,White,emily.white824@email.com,+1-422-239-4839,1967-06-07,Female,2024-10-08,Active
C03930,David,Anderson,david.anderson939@email.com,+1-747-886-2236,1984-06-02,Female,2024-03-15,Active
C03931,Evelyn,Anderson,evelyn.anderson752@email.com,+1-494-957-5015,1958-06-09,Male,2023-10-04,Active
C03932,Mason,Martin,mason.martin303@email.com,+1-975-461-4208,1964-06-07,Other,2023-02-07,Active
C03933,Sophia,Robinson,sophia.robinson83@email.com,+1-886-562-9174,1963-06-08,Female,2023-10-20,Active
C03934,Jackson,Hernandez,jackson.hernandez60@email.com,+1-552-281-8715,2004-05-28,Female,2023-03-09,Active
C03935,Isabella,Smith,isabella.smith803@email.com,+1-789-263-2417,1988-06-01,Other,2023-01-14,Active
C03936,Ella,Moore,ella.moore57@email.com,+1-616-778-2215,1999-05-30,Male,2023-04-02,Active
C03937,Isabella,Davis,isabella.davis71@email.com,+1-891-216-7402,1973-06-05,Other,2023-08-30,Active
C03938,Avery,Smith,avery.smith396@email.com,+1-844-945-8828,1995-05-31,Female,2023-03-25,Active
C03939,Michael,Davis,michael.davis139@email.com,+1-354-303-8967,1986-06-02,Other,2024-08-27,Active
C03940,John,Jones,john.jones74@email.com,+1-341-487-9467,1976-06-04,Other,2024-03-15,Active
C03941,Daniel,Wilson,daniel.wilson226@email.com,+1-709-185-2361,1970-06-06,Male,2024-03-14,Active
C03942,Alexander,Miller,alexander.miller23@email.com,+1-241-129-5011,1959-06-09,Female,2023-09-24,Active
C03943,Lucas,Jackson,lucas.jackson771@email.com,+1-750-678-3433,1964-06-07,Other,2024-04-26,Active
C03944,Ava,Miller,ava.miller147@email.com,+1-465-547-6645,1968-06-06,Other,2023-04-28,Active
C03945,Scarlett,Ramirez,scarlett.ramirez390@email.com,+1-589-727-4419,1960-06-08,Female,2024-08-24,Active
C03946,Grace,Thompson,grace.thompson265@email.com,+1-305-602-4304,1982-06-03,Female,2023-02-01,Active
C03947,Michael,Jackson,michael.jackson74@email.com,+1-549-315-9581,2002-05-29,Male,2024-08-11,Active
C03948,Sophia,Harris,sophia.harris282@email.com,+1-883-991-1496,1998-05-30,Female,2023-11-30,Active
C03949,Jackson,Gonzalez,jackson.gonzalez300@email.com,+1-388-541-8292,2004-05-28,Female,2024-05-20,Active
C03950,William,Thomas,william.thomas188@email.com,+1-486-423-6659,1977-06-04,Male,2024-05-20,Active
C03951,Daniel,Perez,daniel.perez402@email.com,+1-521-869-7322,1982-06-03,Female,2023-04-13,Active
C03952,Harper,Taylor,harper.taylor452@email.com,+1-723-400-7977,1991-06-01,Male,2024-07-21,Active
C03953,Chloe,Martinez,chloe.martinez726@email.com,+1-576-950-2971,1982-06-03,Female,2024-12-09,Active
C03954,Isabella,Hernandez,isabella.hernandez6@email.com,+1-623-692-3123,1988-06-01,Female,2023-05-30,Active
C03955,Elizabeth,Moore,elizabeth.moore952@email.com,+1-541-979-2799,2005-05-28,Other,2024-08-07,Active
C03956,Sofia,Harris,sofia.harris130@email.com,+1-968-558-7846,1997-05-30,Female,2023-01-03,Active
C03957,Victoria,Davis,victoria.davis758@email.com,+1-527-819-1356,1971-06-06,Female,2023-04-13,Active
C03958,Benjamin,Rodriguez,benjamin.rodriguez702@email.com,+1-475-987-3268,1972-06-05,Male,2024-10-18,Active
C03959,Mason,Martinez,mason.martinez448@email.com,+1-872-480-1071,1958-06-09,Male,2024-06-24,Active
C03960,Charlotte,Martinez,charlotte.martinez915@email.com,+1-705-572-1102,1977-06-04,Female,2024-03-13,Active
C03961,Chloe,Anderson,chloe.anderson879@email.com,+1-340-482-2904,1964-06-07,Female,2023-07-18,Active
C03962,Noah,Anderson,noah.anderson25@email.com,+1-408-335-9678,1990-06-01,Male,2024-08-16,Active
C03963,Avery,Moore,avery.moore697@email.com,+1-347-892-4981,1967-06-07,Female,2024-06-17,Active
C03964,William,Thompson,william.thompson58@email.com,+1-781-815-5419,1963-06-08,Male,2024-02-11,Active
C03965,Matthew,Thomas,matthew.thomas410@email.com,+1-984-847-8295,1996-05-30,Female,2024-12-19,Active
C03966,Sofia,Lee,sofia.lee225@email.com,+1-887-243-9523,2008-05-27,Male,2023-10-22,Active
C03967,Mason,Williams,mason.williams142@email.com,+1-355-127-1802,1990-06-01,Other,2023-02-08,Active
C03968,Scarlett,Robinson,scarlett.robinson275@email.com,+1-329-497-5147,1995-05-31,Male,2023-06-24,Active
C03969,Benjamin,Wilson,benjamin.wilson870@email.com,+1-662-791-7242,1998-05-30,Other,2024-12-08,Active
C03970,Grace,Martin,grace.martin416@email.com,+1-710-841-2405,1984-06-02,Male,2023-01-17,Active
C03971,Emma,Ramirez,emma.ramirez344@email.com,+1-855-793-5148,1951-06-11,Female,2023-04-20,Active
C03972,Jackson,Lewis,jackson.lewis938@email.com,+1-813-236-1393,1982-06-03,Female,2023-06-05,Active
C03973,Henry,Jackson,henry.jackson733@email.com,+1-253-216-4076,1969-06-06,Female,2024-08-04,Active
C03974,Daniel,Harris,daniel.harris888@email.com,+1-295-677-4525,1956-06-09,Male,2023-12-14,Active
C03975,Emma,Williams,emma.williams111@email.com,+1-539-398-7414,1986-06-02,Female,2024-09-10,Active
C03976,Samuel,Thompson,samuel.thompson708@email.com,+1-925-757-1983,1995-05-31,Male,2023-06-27,Active
C03977,Samuel,White,samuel.white522@email.com,+1-790-754-1585,1968-06-06,Female,2024-03-14,Active
C03978,Ava,Johnson,ava.johnson289@email.com,+1-262-378-4964,1983-06-03,Female,2024-10-27,Active
C03979,Elizabeth,Lewis,elizabeth.lewis522@email.com,+1-548-177-4499,1975-06-05,Male,2024-01-28,Active
C03980,Sophia,Rodriguez,sophia.rodriguez528@email.com,+1-861-322-8820,1988-06-01,Female,2024-02-18,Active
C03981,Emily,Taylor,emily.taylor52@email.com,+1-401-143-1196,1975-06-05,Female,2024-09-17,Active
C03982,Abigail,Gonzalez,abigail.gonzalez289@email.com,+1-658-212-8979,1992-05-31,Other,2023-09-27,Active
C03983,Olivia,Williams,olivia.williams986@email.com,+1-822-138-3535,2002-05-29,Other,2023-09-15,Active
C03984,Matthew,Lewis,matthew.lewis621@email.com,+1-739-810-4345,2002-05-29,Other,2023-08-24,Active
C03985,Jackson,Williams,jackson.williams110@email.com,+1-574-628-7377,1981-06-03,Other,2023-10-24,Active
C03986,Mason,Williams,mason.williams583@email.com,+1-784-581-7314,1971-06-06,Female,2023-10-09,Active
C03987,Samuel,Miller,samuel.miller680@email.com,+1-403-263-7780,1953-06-10,Female,2024-10-25,Active
C03988,Olivia,White,olivia.white329@email.com,+1-228-440-9786,1996-05-30,Female,2024-06-02,Active
C03989,Harper,Lopez,harper.lopez660@email.com,+1-752-168-6697,1980-06-03,Female,2023-10-26,Active
C03990,William,Moore,william.moore379@email.com,+1-452-473-4922,1967-06-07,Other,2024-04-22,Active
C03991,John,Harris,john.harris780@email.com,+1-721-267-5625,1983-06-03,Female,2024-07-21,Active
C03992,William,Brown,william.brown480@email.com,+1-995-817-8896,2006-05-28,Other,2024-01-23,Active
C03993,Ava,Perez,ava.perez339@email.com,+1-752-933-5385,1973-06-05,Female,2023-10-23,Active
C03994,Joseph,Martin,joseph.martin890@email.com,+1-413-104-4316,1958-06-09,Male,2024-12-25,Active
C03995,Scarlett,Hernandez,scarlett.hernandez210@email.com,+1-361-945-8569,1960-06-08,Female,2024-07-01,Active
C03996,Elizabeth,Wilson,elizabeth.wilson607@email.com,+1-773-930-4636,2004-05-28,Female,2024-04-14,Active
C03997,Daniel,Sanchez,daniel.sanchez757@email.com,+1-927-162-3696,1953-06-10,Male,2024-02-08,Active
C03998,Samuel,Lopez,samuel.lopez967@email.com,+1-507-536-2744,1957-06-09,Male,2024-05-01,Active
C03999,Grace,Anderson,grace.anderson838@email.com,+1-395-107-9768,2000-05-29,Female,2023-06-03,Active
C04000,Emma,Lee,emma.lee468@email.com,+1-983-948-4666,1954-06-10,Other,2023-06-12,Active
C04001,Mia,Thomas,mia.thomas813@email.com,+1-686-580-8469,1952-06-10,Male,2024-09-04,Active
C04002,Scarlett,Martinez,scarlett.martinez144@email.com,+1-526-231-8876,1984-06-02,Other,2023-03-04,Active
C04003,Charlotte,Smith,charlotte.smith799@email.com,+1-817-162-1141,1999-05-30,Male,2023-10-05,Active
C04004,Ava,Johnson,ava.johnson848@email.com,+1-344-833-5565,1990-06-01,Male,2024-08-09,Active
C04005,Evelyn,Thomas,evelyn.thomas222@email.com,+1-894-153-6714,1954-06-10,Female,2023-02-26,Active
C04006,Avery,Thomas,avery.thomas97@email.com,+1-975-733-7999,1971-06-06,Other,2024-08-30,Active
C04007,John,Lee,john.lee487@email.com,+1-310-485-6976,1981-06-03,Other,2023-01-05,Active
C04008,Emily,Harris,emily.harris409@email.com,+1-612-888-8458,2006-05-28,Female,2023-11-11,Active
C04009,Victoria,Martin,victoria.martin741@email.com,+1-897-486-9585,1990-06-01,Male,2024-05-05,Active
C04010,Henry,Smith,henry.smith18@email.com,+1-829-830-7007,1956-06-09,Male,2024-07-29,Active
C04011,Evelyn,Jones,evelyn.jones691@email.com,+1-588-798-6972,1969-06-06,Female,2024-06-14,Active
C04012,Charlotte,Thompson,charlotte.thompson187@email.com,+1-330-957-2445,1960-06-08,Male,2023-05-18,Active
C04013,Harper,Davis,harper.davis639@email.com,+1-920-113-8514,1964-06-07,Female,2024-12-10,Active
C04014,Evelyn,Thomas,evelyn.thomas688@email.com,+1-449-531-1820,1977-06-04,Female,2024-09-06,Active
C04015,John,Brown,john.brown85@email.com,+1-536-138-2575,1983-06-03,Male,2024-11-17,Active
C04016,William,Wilson,william.wilson10@email.com,+1-231-616-1535,1986-06-02,Female,2024-08-16,Active
C04017,Sebastian,Jackson,sebastian.jackson735@email.com,+1-413-785-5286,1970-06-06,Female,2023-09-09,Active
C04018,David,Ramirez,david.ramirez570@email.com,+1-408-325-6220,1976-06-04,Other,2024-03-11,Active
C04019,Benjamin,Lopez,benjamin.lopez504@email.com,+1-291-714-4062,1972-06-05,Female,2024-09-12,Active
C04020,Matthew,Thomas,matthew.thomas584@email.com,+1-293-937-5131,1951-06-11,Male,2023-12-04,Active
C04021,Scarlett,Robinson,scarlett.robinson424@email.com,+1-848-496-5647,1957-06-09,Male,2023-02-05,Active
C04022,William,Smith,william.smith898@email.com,+1-412-193-9107,1956-06-09,Male,2023-01-22,Active
C04023,Sofia,Wilson,sofia.wilson374@email.com,+1-349-897-9494,1983-06-03,Female,2024-08-08,Active
C04024,Grace,Hernandez,grace.hernandez271@email.com,+1-806-270-9160,1990-06-01,Male,2023-02-15,Active
C04025,Emma,Johnson,emma.johnson831@email.com,+1-235-805-3314,1983-06-03,Other,2024-12-10,Active
C04026,Noah,Williams,noah.williams312@email.com,+1-882-864-7176,2003-05-29,Female,2024-12-14,Active
C04027,John,Smith,john.smith573@email.com,+1-984-446-5584,1977-06-04,Male,2024-06-01,Active
C04028,Mason,Gonzalez,mason.gonzalez978@email.com,+1-867-307-1934,1962-06-08,Other,2023-03-12,Active
C04029,Charlotte,Davis,charlotte.davis328@email.com,+1-630-965-4556,1963-06-08,Other,2023-12-07,Active
C04030,Charlotte,Sanchez,charlotte.sanchez14@email.com,+1-291-159-1931,2005-05-28,Other,2024-11-23,Active
C04031,Samuel,Clark,samuel.clark610@email.com,+1-802-340-2080,1975-06-05,Female,2023-06-14,Active
C04032,Mason,White,mason.white4@email.com,+1-517-974-9711,1975-06-05,Male,2024-11-16,Active
C04033,Amelia,Hernandez,amelia.hernandez716@email.com,+1-485-166-6490,1960-06-08,Other,2023-06-24,Active
C04034,James,Martin,james.martin700@email.com,+1-251-736-4770,1963-06-08,Female,2024-11-11,Active
C04035,Amelia,Lee,amelia.lee455@email.com,+1-627-534-2450,1983-06-03,Female,2024-04-27,Active
C04036,Mia,Moore,mia.moore939@email.com,+1-858-125-9386,2000-05-29,Male,2024-10-08,Active
C04037,Jackson,Taylor,jackson.taylor69@email.com,+1-557-973-5965,1992-05-31,Other,2023-09-19,Active
C04038,David,Ramirez,david.ramirez4@email.com,+1-555-835-4609,2006-05-28,Male,2024-10-17,Active
C04039,Emily,Perez,emily.perez562@email.com,+1-417-790-5006,1981-06-03,Other,2024-12-23,Active
C04040,Joseph,Robinson,joseph.robinson208@email.com,+1-819-558-9254,2002-05-29,Male,2024-03-09,Active
C04041,Sebastian,Jackson,sebastian.jackson128@email.com,+1-964-415-3292,1970-06-06,Female,2023-02-17,Active
C04042,Amelia,Thomas,amelia.thomas418@email.com,+1-951-984-6832,1960-06-08,Male,2023-03-09,Active
C04043,Sophia,Gonzalez,sophia.gonzalez832@email.com,+1-697-537-8846,1976-06-04,Male,2023-01-25,Active
C04044,Joseph,Thomas,joseph.thomas408@email.com,+1-328-773-9696,1982-06-03,Male,2023-06-25,Active
C04045,Lucas,Wilson,lucas.wilson558@email.com,+1-738-780-6857,1962-06-08,Male,2024-12-06,Active
C04046,Matthew,Lewis,matthew.lewis795@email.com,+1-855-265-8534,1971-06-06,Male,2023-11-16,Active
C04047,Mia,Garcia,mia.garcia436@email.com,+1-642-545-8272,1976-06-04,Other,2023-07-23,Active
C04048,Emma,Jackson,emma.jackson717@email.com,+1-904-299-8332,2003-05-29,Female,2023-03-13,Active
C04049,Matthew,Clark,matthew.clark333@email.com,+1-373-291-9810,1979-06-04,Male,2023-04-18,Active
C04050,Evelyn,Jackson,evelyn.jackson598@email.com,+1-447-927-6209,2002-05-29,Other,2023-06-01,Active
C04051,Isabella,Hernandez,isabella.hernandez350@email.com,+1-837-588-8868,1981-06-03,Male,2023-09-12,Active
C04052,Abigail,Martin,abigail.martin857@email.com,+1-707-489-5855,1955-06-10,Other,2024-12-06,Active
C04053,Charlotte,Robinson,charlotte.robinson571@email.com,+1-578-859-9719,2007-05-28,Female,2024-12-06,Active
C04054,Ava,Robinson,ava.robinson728@email.com,+1-497-227-8222,1987-06-02,Female,2024-09-11,Active
C04055,Ella,Moore,ella.moore597@email.com,+1-392-685-2146,1953-06-10,Other,2024-08-11,Active
C04056,Emily,Ramirez,emily.ramirez406@email.com,+1-559-920-2520,1980-06-03,Other,2023-07-03,Active
C04057,Ethan,Lee,ethan.lee117@email.com,+1-515-638-8021,1953-06-10,Male,2024-11-21,Active
C04058,Daniel,Harris,daniel.harris45@email.com,+1-204-835-4008,1970-06-06,Female,2024-04-07,Active
C04059,James,Taylor,james.taylor971@email.com,+1-657-674-9049,1979-06-04,Other,2024-01-09,Active
C04060,Noah,Lee,noah.lee239@email.com,+1-857-117-3314,2007-05-28,Male,2023-05-08,Active
C04061,Mason,Brown,mason.brown749@email.com,+1-353-448-1216,1976-06-04,Other,2024-10-27,Active
C04062,Matthew,Clark,matthew.clark641@email.com,+1-236-605-5509,1960-06-08,Other,2024-07-09,Active
C04063,Liam,Gonzalez,liam.gonzalez678@email.com,+1-858-715-6646,1998-05-30,Male,2024-08-01,Active
C04064,Amelia,Ramirez,amelia.ramirez194@email.com,+1-617-719-4454,1973-06-05,Other,2024-09-01,Active
C04065,Liam,Gonzalez,liam.gonzalez173@email.com,+1-242-113-9167,2007-05-28,Male,2023-03-18,Active
C04066,Isabella,Sanchez,isabella.sanchez268@email.com,+1-376-494-7938,1964-06-07,Female,2024-08-11,Active
C04067,Chloe,Anderson,chloe.anderson373@email.com,+1-444-580-5723,1957-06-09,Other,2024-12-06,Active
C04068,Abigail,Thomas,abigail.thomas906@email.com,+1-906-194-5539,1966-06-07,Female,2024-02-23,Active
C04069,Victoria,Lopez,victoria.lopez923@email.com,+1-617-794-9127,1962-06-08,Male,2024-04-14,Active
C04070,Elizabeth,Moore,elizabeth.moore925@email.com,+1-704-907-4412,1989-06-01,Other,2023-12-27,Active
C04071,Harper,Lopez,harper.lopez225@email.com,+1-460-438-2074,1967-06-07,Female,2024-03-19,Active
C04072,Jackson,Lewis,jackson.lewis563@email.com,+1-749-778-7862,1996-05-30,Other,2024-01-04,Active
C04073,Henry,Taylor,henry.taylor204@email.com,+1-503-675-4746,1967-06-07,Female,2023-02-23,Active
C04074,Sebastian,Wilson,sebastian.wilson646@email.com,+1-363-975-7823,1981-06-03,Male,2023-08-13,Active
C04075,Matthew,Clark,matthew.clark307@email.com,+1-730-420-4937,1953-06-10,Male,2024-07-27,Active
C04076,David,Thomas,david.thomas374@email.com,+1-737-582-1074,1990-06-01,Other,2023-07-30,Active
C04077,Lucas,Garcia,lucas.garcia792@email.com,+1-866-518-4578,1992-05-31,Other,2023-02-28,Active
C04078,Alexander,Davis,alexander.davis893@email.com,+1-946-540-6524,1986-06-02,Male,2023-07-02,Active
C04079,Liam,Harris,liam.harris742@email.com,+1-512-426-1976,2006-05-28,Other,2023-12-28,Active
C04080,Victoria,Garcia,victoria.garcia545@email.com,+1-475-510-8593,1956-06-09,Other,2024-07-15,Active
C04081,Emma,Johnson,emma.johnson469@email.com,+1-401-387-3821,1972-06-05,Male,2023-04-24,Active
C04082,Olivia,Thompson,olivia.thompson479@email.com,+1-657-332-9028,1988-06-01,Other,2024-08-08,Active
C04083,Henry,Lee,henry.lee808@email.com,+1-553-782-1078,2007-05-28,Other,2024-04-28,Active
C04084,Ava,Wilson,ava.wilson142@email.com,+1-543-672-6753,2006-05-28,Female,2024-09-10,Active
C04085,Isabella,Thompson,isabella.thompson714@email.com,+1-851-104-5913,1966-06-07,Male,2024-01-15,Active
C04086,James,Moore,james.moore97@email.com,+1-519-314-6626,2000-05-29,Male,2024-05-13,Active
C04087,David,Martin,david.martin272@email.com,+1-990-800-4809,1969-06-06,Female,2024-05-16,Active
C04088,Michael,Miller,michael.miller81@email.com,+1-938-842-2647,1993-05-31,Male,2024-09-08,Active
C04089,Emily,Jackson,emily.jackson30@email.com,+1-481-989-3733,1997-05-30,Female,2023-11-17,Active
C04090,David,Clark,david.clark271@email.com,+1-352-664-8112,1951-06-11,Female,2023-02-09,Active
C04091,James,Sanchez,james.sanchez684@email.com,+1-552-213-1837,1977-06-04,Female,2023-07-14,Active
C04092,Amelia,Taylor,amelia.taylor198@email.com,+1-767-832-6735,1987-06-02,Female,2024-01-10,Active
C04093,Ethan,Rodriguez,ethan.rodriguez648@email.com,+1-974-541-1671,2003-05-29,Other,2023-04-23,Active
C04094,John,Davis,john.davis332@email.com,+1-296-180-8809,1986-06-02,Female,2023-02-19,Active
C04095,Emily,Hernandez,emily.hernandez774@email.com,+1-900-325-8434,1960-06-08,Male,2023-01-16,Active
C04096,Sofia,Jones,sofia.jones486@email.com,+1-390-656-2763,1996-05-30,Female,2023-11-02,Active
C04097,Lucas,Anderson,lucas.anderson257@email.com,+1-594-197-3300,1988-06-01,Other,2024-10-04,Active
C04098,Ella,Lopez,ella.lopez987@email.com,+1-633-836-3732,1952-06-10,Female,2023-10-23,Active
C04099,Sophia,Garcia,sophia.garcia772@email.com,+1-634-129-9416,2001-05-29,Other,2024-04-12,Active
C04100,Scarlett,Sanchez,scarlett.sanchez671@email.com,+1-652-501-3617,1969-06-06,Other,2024-12-17,Active
C04101,Noah,Wilson,noah.wilson585@email.com,+1-439-185-8069,1958-06-09,Male,2024-04-29,Active
C04102,Lucas,Robinson,lucas.robinson634@email.com,+1-812-444-2208,1977-06-04,Other,2023-10-12,Active
C04103,Noah,Martinez,noah.martinez344@email.com,+1-233-829-6405,1974-06-05,Other,2023-04-11,Active
C04104,William,Robinson,william.robinson841@email.com,+1-328-793-7861,1965-06-07,Male,2023-10-07,Active
C04105,Sophia,Garcia,sophia.garcia976@email.com,+1-978-320-5594,1973-06-05,Other,2024-05-11,Active
C04106,Samuel,Johnson,samuel.johnson316@email.com,+1-714-452-2481,1967-06-07,Female,2023-02-27,Active
C04107,William,Johnson,william.johnson149@email.com,+1-578-722-4969,1985-06-02,Female,2023-11-17,Active
C04108,Olivia,Ramirez,olivia.ramirez696@email.com,+1-348-666-3878,1993-05-31,Male,2024-05-02,Active
C04109,Harper,Jones,harper.jones483@email.com,+1-570-885-7079,1979-06-04,Female,2023-10-06,Active
C04110,James,Martin,james.martin625@email.com,+1-265-212-6426,2007-05-28,Other,2024-03-07,Active
C04111,Evelyn,Lee,evelyn.lee265@email.com,+1-398-187-9541,1967-06-07,Male,2023-01-07,Active
C04112,Alexander,Davis,alexander.davis447@email.com,+1-829-481-4686,1965-06-07,Male,2024-10-06,Active
C04113,Mia,Perez,mia.perez600@email.com,+1-695-595-2944,2002-05-29,Other,2023-02-06,Active
C04114,Abigail,Smith,abigail.smith418@email.com,+1-350-799-2879,1970-06-06,Female,2023-02-11,Active
C04115,Isabella,Gonzalez,isabella.gonzalez925@email.com,+1-547-928-2052,1954-06-10,Male,2023-09-26,Active
C04116,Mia,Taylor,mia.taylor115@email.com,+1-637-244-2366,1976-06-04,Other,2024-11-07,Active
C04117,Joseph,Davis,joseph.davis840@email.com,+1-833-259-3567,1973-06-05,Other,2024-09-22,Active
C04118,Lucas,Gonzalez,lucas.gonzalez581@email.com,+1-277-905-6279,1965-06-07,Male,2023-10-05,Active
C04119,David,Wilson,david.wilson797@email.com,+1-695-216-1440,1972-06-05,Male,2023-12-30,Active
C04120,Scarlett,Perez,scarlett.perez463@email.com,+1-699-101-8242,1986-06-02,Female,2023-03-14,Active
C04121,Victoria,White,victoria.white634@email.com,+1-946-182-7113,1992-05-31,Male,2024-06-13,Active
C04122,Henry,Hernandez,henry.hernandez53@email.com,+1-210-928-3909,1959-06-09,Male,2024-12-25,Active
C04123,Elizabeth,White,elizabeth.white827@email.com,+1-733-349-9099,2006-05-28,Other,2023-06-12,Active
C04124,Benjamin,White,benjamin.white963@email.com,+1-517-753-6672,1970-06-06,Male,2024-11-05,Active
C04125,Abigail,Taylor,abigail.taylor410@email.com,+1-663-879-7497,1967-06-07,Male,2024-11-13,Active
C04126,Noah,Rodriguez,noah.rodriguez9@email.com,+1-819-899-4370,1965-06-07,Female,2024-03-27,Active
C04127,David,Perez,david.perez357@email.com,+1-504-740-2127,1962-06-08,Other,2023-07-01,Active
C04128,William,Davis,william.davis808@email.com,+1-634-654-9273,2004-05-28,Male,2024-09-24,Active
C04129,Lucas,Clark,lucas.clark563@email.com,+1-880-235-8313,2005-05-28,Male,2024-07-08,Active
C04130,Abigail,Brown,abigail.brown250@email.com,+1-450-387-7148,1974-06-05,Male,2024-10-31,Active
C04131,Alexander,Garcia,alexander.garcia153@email.com,+1-202-200-4850,1973-06-05,Other,2023-07-02,Active
C04132,Mia,Lopez,mia.lopez816@email.com,+1-441-277-1516,1996-05-30,Other,2023-06-17,Active
C04133,Ava,Lewis,ava.lewis771@email.com,+1-888-496-9568,1959-06-09,Other,2024-08-29,Active
C04134,Sofia,Davis,sofia.davis426@email.com,+1-209-343-9805,1966-06-07,Other,2023-06-02,Active
C04135,Ethan,Lee,ethan.lee961@email.com,+1-918-590-5022,2008-05-27,Other,2023-12-08,Active
C04136,David,White,david.white523@email.com,+1-806-823-6017,1981-06-03,Female,2023-03-09,Active
C04137,Ella,Garcia,ella.garcia48@email.com,+1-243-123-6793,1992-05-31,Male,2024-08-21,Active
C04138,Sophia,Harris,sophia.harris52@email.com,+1-685-109-8483,1993-05-31,Female,2024-09-06,Active
C04139,Henry,Moore,henry.moore374@email.com,+1-228-913-9734,2002-05-29,Female,2023-04-20,Active
C04140,James,Miller,james.miller470@email.com,+1-206-641-7083,1952-06-10,Male,2024-10-10,Active
C04141,John,Harris,john.harris83@email.com,+1-837-371-5979,1985-06-02,Female,2023-12-27,Active
C04142,Sofia,Martin,sofia.martin484@email.com,+1-345-731-7478,1984-06-02,Female,2024-01-14,Active
C04143,Mason,Martin,mason.martin191@email.com,+1-664-538-9167,1980-06-03,Male,2024-10-12,Active
C04144,Avery,White,avery.white701@email.com,+1-319-804-9208,1960-06-08,Female,2023-08-07,Active
C04145,William,Ramirez,william.ramirez436@email.com,+1-446-698-6806,2000-05-29,Male,2023-11-17,Active
C04146,Matthew,Harris,matthew.harris850@email.com,+1-590-894-8219,2007-05-28,Male,2023-06-24,Active
C04147,Daniel,Lopez,daniel.lopez507@email.com,+1-412-569-2612,1954-06-10,Other,2024-06-14,Active
C04148,Samuel,Thomas,samuel.thomas766@email.com,+1-493-942-1762,2000-05-29,Other,2024-07-15,Active
C04149,Benjamin,Perez,benjamin.perez672@email.com,+1-934-879-5729,2004-05-28,Female,2023-02-17,Active
C04150,Alexander,Martinez,alexander.martinez807@email.com,+1-600-490-3882,1995-05-31,Female,2023-08-13,Active
C04151,Benjamin,Smith,benjamin.smith304@email.com,+1-896-213-2173,1959-06-09,Female,2023-09-20,Active
C04152,Sophia,Perez,sophia.perez306@email.com,+1-378-741-2675,1990-06-01,Male,2023-12-14,Active
C04153,Scarlett,Davis,scarlett.davis116@email.com,+1-815-506-9714,1952-06-10,Male,2023-10-27,Active
C04154,Sofia,Rodriguez,sofia.rodriguez491@email.com,+1-227-961-5100,1984-06-02,Female,2023-11-30,Active
C04155,Grace,Jackson,grace.jackson397@email.com,+1-807-622-8914,1984-06-02,Male,2024-12-09,Active
C04156,Sebastian,Moore,sebastian.moore799@email.com,+1-436-103-1463,1994-05-31,Other,2024-03-22,Active
C04157,Joseph,Perez,joseph.perez618@email.com,+1-856-333-7579,1955-06-10,Other,2024-05-13,Active
C04158,Ethan,Harris,ethan.harris353@email.com,+1-790-285-3375,2001-05-29,Other,2023-01-08,Active
C04159,Mia,Thomas,mia.thomas958@email.com,+1-259-492-6403,1991-06-01,Male,2023-04-29,Active
C04160,Ava,Johnson,ava.johnson930@email.com,+1-470-151-7178,1971-06-06,Male,2023-01-29,Active
C04161,Sophia,Williams,sophia.williams557@email.com,+1-662-274-3101,1991-06-01,Male,2023-07-25,Active
C04162,Ella,Brown,ella.brown532@email.com,+1-397-120-2433,1980-06-03,Male,2023-07-01,Active
C04163,John,Harris,john.harris969@email.com,+1-610-767-1875,1965-06-07,Female,2023-08-28,Active
C04164,Avery,Taylor,avery.taylor628@email.com,+1-946-909-9530,1955-06-10,Female,2023-03-01,Active
C04165,Chloe,Thomas,chloe.thomas916@email.com,+1-491-695-8353,2005-05-28,Other,2023-04-02,Active
C04166,Abigail,Garcia,abigail.garcia953@email.com,+1-338-209-9033,1991-06-01,Male,2024-08-26,Active
C04167,Grace,Ramirez,grace.ramirez420@email.com,+1-543-527-6831,2002-05-29,Other,2023-07-21,Active
C04168,Sebastian,Martin,sebastian.martin548@email.com,+1-878-204-1154,1977-06-04,Male,2023-10-15,Active
C04169,Benjamin,Lee,benjamin.lee821@email.com,+1-901-974-6134,2002-05-29,Male,2023-11-11,Active
C04170,Sofia,Miller,sofia.miller849@email.com,+1-296-272-8552,1980-06-03,Female,2023-12-22,Active
C04171,James,White,james.white888@email.com,+1-971-524-2693,1989-06-01,Other,2023-10-30,Active
C04172,Victoria,Wilson,victoria.wilson224@email.com,+1-699-674-9308,1972-06-05,Male,2024-10-20,Active
C04173,Benjamin,Taylor,benjamin.taylor874@email.com,+1-906-827-1877,1998-05-30,Other,2023-11-26,Active
C04174,Noah,Brown,noah.brown782@email.com,+1-412-758-1212,1981-06-03,Male,2023-08-08,Active
C04175,Joseph,Lopez,joseph.lopez194@email.com,+1-899-812-3813,1994-05-31,Female,2024-09-05,Active
C04176,Charlotte,Wilson,charlotte.wilson944@email.com,+1-323-921-4966,1969-06-06,Female,2024-10-14,Active
C04177,Samuel,Hernandez,samuel.hernandez275@email.com,+1-792-137-1743,1970-06-06,Other,2024-02-18,Active
C04178,Noah,Davis,noah.davis488@email.com,+1-888-267-6853,1975-06-05,Female,2024-03-04,Active
C04179,Michael,Taylor,michael.taylor231@email.com,+1-549-811-7899,1970-06-06,Other,2024-05-05,Active
C04180,John,Moore,john.moore777@email.com,+1-326-256-8894,1995-05-31,Other,2024-03-21,Active
C04181,Victoria,Lee,victoria.lee158@email.com,+1-348-429-6603,1957-06-09,Female,2024-09-14,Active
C04182,Henry,Williams,henry.williams854@email.com,+1-814-817-4018,1952-06-10,Other,2024-02-05,Active
C04183,Ava,Lee,ava.lee757@email.com,+1-460-952-9086,1951-06-11,Male,2023-10-27,Active
C04184,Sophia,Clark,sophia.clark721@email.com,+1-386-823-4078,2001-05-29,Male,2023-11-12,Active
C04185,Grace,Gonzalez,grace.gonzalez239@email.com,+1-785-712-5278,2002-05-29,Female,2023-12-31,Active
C04186,Benjamin,White,benjamin.white792@email.com,+1-768-357-6215,1988-06-01,Male,2024-05-06,Active
C04187,Elizabeth,Miller,elizabeth.miller795@email.com,+1-253-717-4970,1970-06-06,Female,2024-12-23,Active
C04188,Matthew,Taylor,matthew.taylor678@email.com,+1-954-445-1755,1981-06-03,Other,2023-03-06,Active
C04189,Alexander,Lopez,alexander.lopez904@email.com,+1-793-651-8615,1991-06-01,Other,2024-08-15,Active
C04190,Olivia,Moore,olivia.moore768@email.com,+1-825-719-3880,1979-06-04,Male,2023-01-12,Active
C04191,Ella,Lee,ella.lee796@email.com,+1-392-436-2522,1976-06-04,Female,2023-10-30,Active
C04192,Ava,Williams,ava.williams899@email.com,+1-411-320-8708,1980-06-03,Female,2024-06-18,Active
C04193,Liam,Thomas,liam.thomas710@email.com,+1-339-223-8845,1963-06-08,Male,2023-02-28,Active
C04194,Evelyn,Smith,evelyn.smith724@email.com,+1-384-412-3172,1967-06-07,Male,2023-03-06,Active
C04195,Mia,White,mia.white872@email.com,+1-476-196-9605,1982-06-03,Male,2024-05-10,Active
C04196,Lucas,Garcia,lucas.garcia752@email.com,+1-440-544-6122,2002-05-29,Male,2024-02-20,Active
C04197,Grace,Brown,grace.brown665@email.com,+1-517-397-5398,1960-06-08,Female,2024-07-12,Active
C04198,Sebastian,Ramirez,sebastian.ramirez874@email.com,+1-477-259-1504,1991-06-01,Other,2024-07-23,Active
C04199,Lucas,Sanchez,lucas.sanchez857@email.com,+1-972-476-1119,1989-06-01,Other,2023-01-17,Active
C04200,Avery,Wilson,avery.wilson360@email.com,+1-918-193-2933,1976-06-04,Other,2023-02-16,Active
C04201,Jackson,Perez,jackson.perez67@email.com,+1-544-526-5488,1957-06-09,Other,2024-12-23,Active
C04202,Chloe,Martinez,chloe.martinez106@email.com,+1-516-606-6759,1974-06-05,Other,2024-06-17,Active
C04203,Andrew,Thompson,andrew.thompson67@email.com,+1-397-578-1637,1955-06-10,Female,2024-02-08,Active
C04204,Isabella,Martinez,isabella.martinez859@email.com,+1-532-195-1914,1984-06-02,Male,2023-07-30,Active
C04205,Ava,Perez,ava.perez924@email.com,+1-998-172-1445,1988-06-01,Male,2023-03-14,Active
C04206,Elizabeth,Hernandez,elizabeth.hernandez632@email.com,+1-473-285-3874,1997-05-30,Other,2024-11-25,Active
C04207,Lucas,Thomas,lucas.thomas392@email.com,+1-928-490-8090,1981-06-03,Other,2023-05-14,Active
C04208,Victoria,Garcia,victoria.garcia794@email.com,+1-371-683-6684,1974-06-05,Male,2024-05-06,Active
C04209,Elizabeth,Williams,elizabeth.williams583@email.com,+1-456-195-2071,1958-06-09,Other,2023-04-01,Active
C04210,Charlotte,Martin,charlotte.martin694@email.com,+1-216-955-4776,1991-06-01,Male,2024-02-23,Active
C04211,William,Martinez,william.martinez3@email.com,+1-587-534-3911,1996-05-30,Other,2023-07-26,Active
C04212,Henry,Wilson,henry.wilson196@email.com,+1-406-925-5913,1974-06-05,Other,2023-02-10,Active
C04213,Victoria,Davis,victoria.davis976@email.com,+1-443-363-4419,2002-05-29,Female,2023-09-05,Active
C04214,Samuel,Gonzalez,samuel.gonzalez447@email.com,+1-826-360-1610,1959-06-09,Female,2023-07-31,Active
C04215,Daniel,Sanchez,daniel.sanchez295@email.com,+1-379-391-5081,1984-06-02,Male,2023-06-05,Active
C04216,Andrew,Jones,andrew.jones568@email.com,+1-537-451-1341,1995-05-31,Female,2023-09-28,Active
C04217,Michael,Clark,michael.clark853@email.com,+1-222-691-6691,1968-06-06,Other,2024-07-17,Active
C04218,Samuel,Sanchez,samuel.sanchez637@email.com,+1-582-723-5456,1953-06-10,Other,2023-08-28,Active
C04219,Emma,Davis,emma.davis583@email.com,+1-637-926-7913,1995-05-31,Female,2024-03-16,Active
C04220,Abigail,Martin,abigail.martin99@email.com,+1-681-514-6376,1979-06-04,Female,2024-11-16,Active
C04221,Mason,Sanchez,mason.sanchez563@email.com,+1-735-306-1074,1957-06-09,Other,2024-11-23,Active
C04222,John,Hernandez,john.hernandez281@email.com,+1-339-663-9333,1991-06-01,Male,2023-09-22,Active
C04223,Evelyn,White,evelyn.white748@email.com,+1-825-760-7585,1975-06-05,Female,2023-02-18,Active
C04224,Jackson,Wilson,jackson.wilson461@email.com,+1-803-651-5230,1982-06-03,Male,2023-09-21,Active
C04225,Sophia,Anderson,sophia.anderson718@email.com,+1-857-122-8098,2003-05-29,Male,2023-05-13,Active
C04226,Harper,Martin,harper.martin451@email.com,+1-284-182-1431,1992-05-31,Other,2024-05-25,Active
C04227,Avery,Brown,avery.brown345@email.com,+1-601-591-6873,1962-06-08,Female,2023-10-30,Active
C04228,Abigail,Smith,abigail.smith669@email.com,+1-546-178-9893,2007-05-28,Female,2023-08-02,Active
C04229,Sophia,Gonzalez,sophia.gonzalez504@email.com,+1-878-399-5272,1965-06-07,Other,2023-06-04,Active
C04230,James,Miller,james.miller291@email.com,+1-910-312-7028,1981-06-03,Other,2023-04-16,Active
C04231,Chloe,Taylor,chloe.taylor336@email.com,+1-219-384-6311,1987-06-02,Other,2024-12-14,Active
C04232,Sofia,Wilson,sofia.wilson878@email.com,+1-924-690-4757,1989-06-01,Female,2023-08-23,Active
C04233,Olivia,Jones,olivia.jones845@email.com,+1-929-867-5330,1981-06-03,Other,2024-07-02,Active
C04234,Ava,Thomas,ava.thomas852@email.com,+1-919-649-3749,2001-05-29,Female,2024-01-27,Active
C04235,Alexander,Johnson,alexander.johnson865@email.com,+1-333-438-1912,1974-06-05,Male,2023-02-02,Active
C04236,Abigail,Ramirez,abigail.ramirez723@email.com,+1-702-538-3825,1976-06-04,Female,2023-12-12,Active
C04237,Ava,Lee,ava.lee422@email.com,+1-978-874-5085,1990-06-01,Other,2023-07-21,Active
C04238,Chloe,Davis,chloe.davis777@email.com,+1-966-516-1848,1996-05-30,Female,2023-02-13,Active
C04239,Abigail,Taylor,abigail.taylor360@email.com,+1-426-119-2385,1954-06-10,Male,2024-12-09,Active
C04240,William,Anderson,william.anderson563@email.com,+1-791-486-6463,1967-06-07,Other,2024-10-06,Active
C04241,Benjamin,Smith,benjamin.smith778@email.com,+1-501-758-9252,1953-06-10,Male,2023-12-20,Active
C04242,Joseph,Anderson,joseph.anderson359@email.com,+1-736-485-8779,1984-06-02,Male,2024-11-12,Active
C04243,Abigail,Wilson,abigail.wilson151@email.com,+1-252-298-7921,1989-06-01,Female,2024-05-25,Active
C04244,Evelyn,Miller,evelyn.miller644@email.com,+1-809-364-7602,1984-06-02,Other,2023-07-30,Active
C04245,Lucas,Davis,lucas.davis108@email.com,+1-750-173-3466,1985-06-02,Male,2024-06-14,Active
C04246,Avery,Perez,avery.perez432@email.com,+1-290-588-1783,1955-06-10,Male,2023-09-29,Active
C04247,Mason,Lewis,mason.lewis458@email.com,+1-508-386-6854,1952-06-10,Female,2023-09-16,Active
C04248,Jackson,Garcia,jackson.garcia692@email.com,+1-623-239-7359,1980-06-03,Female,2024-04-25,Active
C04249,Grace,Hernandez,grace.hernandez714@email.com,+1-242-621-9001,1958-06-09,Female,2023-08-12,Active
C04250,Joseph,Harris,joseph.harris880@email.com,+1-583-727-5466,1967-06-07,Female,2023-01-31,Active
C04251,Lucas,Martinez,lucas.martinez860@email.com,+1-714-829-6476,1986-06-02,Other,2024-08-12,Active
C04252,Charlotte,Anderson,charlotte.anderson768@email.com,+1-670-906-5157,1978-06-04,Male,2024-12-03,Active
C04253,Elizabeth,Anderson,elizabeth.anderson430@email.com,+1-770-586-5610,1953-06-10,Female,2024-12-06,Active
C04254,William,Smith,william.smith982@email.com,+1-691-531-8655,1989-06-01,Male,2024-01-03,Active
C04255,Victoria,Anderson,victoria.anderson360@email.com,+1-404-405-2446,1960-06-08,Female,2024-10-15,Active
C04256,Ella,Harris,ella.harris213@email.com,+1-867-895-4407,1971-06-06,Other,2024-11-01,Active
C04257,Noah,Sanchez,noah.sanchez34@email.com,+1-858-834-1762,1961-06-08,Female,2023-05-27,Active
C04258,Olivia,Sanchez,olivia.sanchez419@email.com,+1-581-507-6850,1993-05-31,Male,2023-08-01,Active
C04259,Evelyn,White,evelyn.white270@email.com,+1-551-350-9607,1966-06-07,Other,2024-01-25,Active
C04260,Jackson,Lopez,jackson.lopez252@email.com,+1-550-284-4281,1982-06-03,Male,2023-02-07,Active
C04261,Jackson,Johnson,jackson.johnson647@email.com,+1-899-787-1220,1979-06-04,Female,2024-11-24,Active
C04262,Liam,Ramirez,liam.ramirez585@email.com,+1-954-180-2149,1993-05-31,Other,2024-10-31,Active
C04263,Alexander,Jackson,alexander.jackson772@email.com,+1-881-470-7904,1970-06-06,Male,2024-10-13,Active
C04264,Victoria,Taylor,victoria.taylor582@email.com,+1-805-853-7538,2003-05-29,Male,2024-02-14,Active
C04265,Sebastian,Brown,sebastian.brown700@email.com,+1-525-614-4523,1983-06-03,Female,2023-09-30,Active
C04266,Jackson,Williams,jackson.williams320@email.com,+1-947-413-8706,2003-05-29,Female,2023-09-29,Active
C04267,Scarlett,Lee,scarlett.lee783@email.com,+1-863-518-9374,2008-05-27,Other,2023-08-21,Active
C04268,Henry,White,henry.white473@email.com,+1-950-697-7743,1967-06-07,Other,2023-11-18,Active
C04269,Elizabeth,Moore,elizabeth.moore907@email.com,+1-350-825-1259,2000-05-29,Other,2023-12-16,Active
C04270,Daniel,Gonzalez,daniel.gonzalez352@email.com,+1-814-700-7142,1967-06-07,Other,2024-12-14,Active
C04271,Andrew,Williams,andrew.williams283@email.com,+1-935-268-4812,2008-05-27,Male,2023-01-23,Active
C04272,James,Jackson,james.jackson722@email.com,+1-390-608-7927,1988-06-01,Male,2024-03-14,Active
C04273,Henry,Clark,henry.clark493@email.com,+1-896-347-9765,1999-05-30,Male,2023-10-26,Active
C04274,Ava,Rodriguez,ava.rodriguez57@email.com,+1-563-168-4543,1984-06-02,Other,2024-10-02,Active
C04275,Elizabeth,Johnson,elizabeth.johnson316@email.com,+1-696-414-8390,1973-06-05,Male,2024-04-26,Active
C04276,John,Clark,john.clark93@email.com,+1-459-564-9197,1992-05-31,Male,2024-01-19,Active
C04277,David,Martinez,david.martinez886@email.com,+1-509-947-3100,1988-06-01,Male,2024-12-29,Active
C04278,Victoria,Rodriguez,victoria.rodriguez289@email.com,+1-305-117-3727,1978-06-04,Other,2024-05-14,Active
C04279,Amelia,Clark,amelia.clark366@email.com,+1-284-650-7656,1953-06-10,Female,2023-11-04,Active
C04280,Joseph,Thomas,joseph.thomas310@email.com,+1-297-308-2477,2004-05-28,Female,2024-06-06,Active
C04281,Scarlett,Perez,scarlett.perez193@email.com,+1-208-244-6821,1996-05-30,Female,2023-07-24,Active
C04282,Henry,Lewis,henry.lewis968@email.com,+1-628-890-6214,1986-06-02,Male,2023-07-03,Active
C04283,Benjamin,Martin,benjamin.martin959@email.com,+1-739-894-9814,1998-05-30,Other,2023-12-24,Active
C04284,Mason,Thomas,mason.thomas564@email.com,+1-816-435-6631,2005-05-28,Other,2023-04-04,Active
C04285,Chloe,Taylor,chloe.taylor311@email.com,+1-922-793-2244,1984-06-02,Other,2024-07-10,Active
C04286,Michael,Lopez,michael.lopez828@email.com,+1-731-959-2812,1986-06-02,Female,2023-12-12,Active
C04287,Andrew,Garcia,andrew.garcia221@email.com,+1-750-310-2590,1989-06-01,Male,2023-05-10,Active
C04288,Grace,Harris,grace.harris978@email.com,+1-785-193-9974,2005-05-28,Other,2024-11-19,Active
C04289,Charlotte,Moore,charlotte.moore67@email.com,+1-464-986-7310,2000-05-29,Female,2024-06-21,Active
C04290,Victoria,Clark,victoria.clark178@email.com,+1-519-260-2684,1952-06-10,Other,2023-01-26,Active
C04291,Daniel,Jackson,daniel.jackson475@email.com,+1-962-961-4967,1961-06-08,Other,2024-11-08,Active
C04292,Sophia,Garcia,sophia.garcia65@email.com,+1-727-421-3535,1990-06-01,Male,2023-09-05,Active
C04293,Ethan,Williams,ethan.williams303@email.com,+1-941-511-2443,2003-05-29,Male,2024-06-13,Active
C04294,Michael,Lewis,michael.lewis657@email.com,+1-564-471-4207,1988-06-01,Male,2024-11-06,Active
C04295,Amelia,Johnson,amelia.johnson195@email.com,+1-260-927-6034,1980-06-03,Male,2024-03-03,Active
C04296,Avery,Moore,avery.moore91@email.com,+1-887-829-2635,1952-06-10,Other,2024-11-13,Active
C04297,Sofia,Lopez,sofia.lopez629@email.com,+1-762-410-6125,1982-06-03,Female,2024-02-08,Active
C04298,Jackson,Davis,jackson.davis768@email.com,+1-512-433-5973,1961-06-08,Other,2024-08-31,Active
C04299,James,Martin,james.martin606@email.com,+1-300-244-7661,1991-06-01,Other,2023-04-13,Active
C04300,Michael,Jones,michael.jones57@email.com,+1-626-414-2344,1957-06-09,Other,2023-04-09,Active
C04301,Sophia,Smith,sophia.smith430@email.com,+1-307-811-7265,1964-06-07,Female,2023-03-16,Active
C04302,Andrew,Williams,andrew.williams18@email.com,+1-260-871-9625,1998-05-30,Male,2023-03-21,Active
C04303,Harper,Jones,harper.jones820@email.com,+1-957-226-7627,1982-06-03,Male,2023-07-02,Active
C04304,Scarlett,Robinson,scarlett.robinson129@email.com,+1-355-803-2371,1986-06-02,Female,2023-03-24,Active
C04305,Matthew,Garcia,matthew.garcia666@email.com,+1-590-955-7249,1975-06-05,Male,2024-08-04,Active
C04306,Charlotte,Lee,charlotte.lee278@email.com,+1-708-686-2414,1986-06-02,Male,2024-12-28,Active
C04307,Chloe,Davis,chloe.davis143@email.com,+1-877-918-6762,1960-06-08,Male,2023-08-15,Active
C04308,Isabella,Moore,isabella.moore643@email.com,+1-666-150-4297,2007-05-28,Male,2024-07-23,Active
C04309,Olivia,Lee,olivia.lee677@email.com,+1-674-965-5379,1969-06-06,Female,2023-06-08,Active
C04310,Joseph,White,joseph.white132@email.com,+1-460-924-4135,2001-05-29,Female,2023-06-11,Active
C04311,William,Martin,william.martin359@email.com,+1-290-402-6483,1957-06-09,Other,2024-06-24,Active
C04312,Olivia,Hernandez,olivia.hernandez694@email.com,+1-724-922-1377,1968-06-06,Male,2023-01-08,Active
C04313,Samuel,Gonzalez,samuel.gonzalez17@email.com,+1-589-144-5719,1997-05-30,Male,2023-06-15,Active
C04314,James,Rodriguez,james.rodriguez14@email.com,+1-628-901-6875,1992-05-31,Female,2024-02-28,Active
C04315,Avery,Sanchez,avery.sanchez409@email.com,+1-909-721-6588,1971-06-06,Other,2024-11-19,Active
C04316,Liam,Rodriguez,liam.rodriguez892@email.com,+1-285-749-9235,1987-06-02,Other,2023-05-13,Active
C04317,Jackson,Gonzalez,jackson.gonzalez987@email.com,+1-904-365-4346,1951-06-11,Male,2024-11-25,Active
C04318,Elizabeth,Hernandez,elizabeth.hernandez643@email.com,+1-562-541-3204,1973-06-05,Other,2024-05-20,Active
C04319,Joseph,Taylor,joseph.taylor521@email.com,+1-722-553-7240,1964-06-07,Female,2024-01-11,Active
C04320,Andrew,Martin,andrew.martin850@email.com,+1-443-175-4375,2005-05-28,Other,2023-11-29,Active
C04321,Sofia,Lee,sofia.lee132@email.com,+1-341-963-1377,1957-06-09,Male,2024-10-02,Active
C04322,Charlotte,Moore,charlotte.moore392@email.com,+1-209-386-8896,1966-06-07,Female,2023-05-08,Active
C04323,Avery,Lewis,avery.lewis904@email.com,+1-281-871-1252,2007-05-28,Other,2024-05-26,Active
C04324,Benjamin,Hernandez,benjamin.hernandez125@email.com,+1-978-838-5200,1957-06-09,Other,2023-07-17,Active
C04325,Abigail,White,abigail.white252@email.com,+1-773-272-5748,1971-06-06,Male,2024-02-20,Active
C04326,Mason,Rodriguez,mason.rodriguez471@email.com,+1-776-848-1782,1989-06-01,Male,2023-12-27,Active
C04327,Avery,Jones,avery.jones575@email.com,+1-445-702-6872,1982-06-03,Other,2024-09-27,Active
C04328,Ella,Miller,ella.miller655@email.com,+1-257-939-6429,1966-06-07,Male,2024-05-19,Active
C04329,Matthew,Thomas,matthew.thomas9@email.com,+1-769-361-9364,1956-06-09,Female,2023-07-21,Active
C04330,Samuel,White,samuel.white789@email.com,+1-623-954-6435,1966-06-07,Other,2023-12-08,Active
C04331,William,Jackson,william.jackson913@email.com,+1-370-476-9762,1953-06-10,Male,2023-02-21,Active
C04332,Mia,Taylor,mia.taylor928@email.com,+1-368-834-9790,1975-06-05,Male,2024-12-30,Active
C04333,Benjamin,Jones,benjamin.jones252@email.com,+1-582-314-1683,1976-06-04,Other,2023-10-11,Active
C04334,Michael,Wilson,michael.wilson549@email.com,+1-944-405-7920,1968-06-06,Female,2023-08-23,Active
C04335,Joseph,Taylor,joseph.taylor19@email.com,+1-825-508-5563,1994-05-31,Other,2024-02-04,Active
C04336,Ella,Rodriguez,ella.rodriguez752@email.com,+1-487-688-6332,1987-06-02,Female,2023-05-23,Active
C04337,William,Williams,william.williams237@email.com,+1-565-751-4287,1988-06-01,Female,2024-10-09,Active
C04338,Emily,Perez,emily.perez807@email.com,+1-926-437-3599,1969-06-06,Other,2023-08-04,Active
C04339,Joseph,Rodriguez,joseph.rodriguez551@email.com,+1-925-568-5529,2004-05-28,Other,2024-10-03,Active
C04340,Evelyn,Taylor,evelyn.taylor396@email.com,+1-900-260-8021,1960-06-08,Female,2023-10-04,Active
C04341,Mason,Clark,mason.clark767@email.com,+1-867-220-9077,1987-06-02,Female,2023-10-24,Active
C04342,Amelia,Rodriguez,amelia.rodriguez628@email.com,+1-616-464-6214,1959-06-09,Female,2024-10-19,Active
C04343,Jackson,Martinez,jackson.martinez909@email.com,+1-314-726-7607,1970-06-06,Other,2023-10-07,Active
C04344,Jackson,Davis,jackson.davis958@email.com,+1-939-108-1816,1986-06-02,Male,2023-06-01,Active
C04345,Scarlett,Clark,scarlett.clark189@email.com,+1-262-955-2806,1955-06-10,Male,2023-11-22,Active
C04346,Olivia,Williams,olivia.williams777@email.com,+1-954-435-8788,1999-05-30,Other,2023-03-05,Active
C04347,James,Robinson,james.robinson288@email.com,+1-348-229-9590,1958-06-09,Other,2024-03-19,Active
C04348,Benjamin,Martinez,benjamin.martinez791@email.com,+1-878-714-3742,1982-06-03,Female,2023-08-28,Active
C04349,Sebastian,Johnson,sebastian.johnson582@email.com,+1-843-632-5162,1964-06-07,Other,2023-10-12,Active
C04350,Noah,Williams,noah.williams824@email.com,+1-848-995-9292,2008-05-27,Female,2024-11-27,Active
C04351,Benjamin,Miller,benjamin.miller932@email.com,+1-507-666-1082,1953-06-10,Female,2024-10-19,Active
C04352,Amelia,Anderson,amelia.anderson766@email.com,+1-447-483-9634,1961-06-08,Female,2023-11-19,Active
C04353,Joseph,Brown,joseph.brown951@email.com,+1-554-434-5279,1952-06-10,Female,2024-03-27,Active
C04354,Liam,Lopez,liam.lopez251@email.com,+1-799-257-7438,1952-06-10,Other,2024-11-20,Active
C04355,Jackson,Thomas,jackson.thomas877@email.com,+1-473-865-7601,2000-05-29,Other,2023-03-24,Active
C04356,Joseph,Jones,joseph.jones50@email.com,+1-844-440-4378,1954-06-10,Other,2023-11-23,Active
C04357,Alexander,Martin,alexander.martin588@email.com,+1-264-209-3509,1956-06-09,Other,2023-01-04,Active
C04358,Emily,Wilson,emily.wilson456@email.com,+1-956-741-3515,1961-06-08,Female,2023-08-06,Active
C04359,Olivia,Garcia,olivia.garcia88@email.com,+1-565-428-4563,1953-06-10,Male,2023-06-10,Active
C04360,Liam,Perez,liam.perez510@email.com,+1-664-448-6243,2003-05-29,Male,2023-06-18,Active
C04361,Mia,Gonzalez,mia.gonzalez187@email.com,+1-626-366-4564,1983-06-03,Female,2023-04-20,Active
C04362,Ella,Lee,ella.lee525@email.com,+1-473-395-7478,1973-06-05,Female,2024-12-29,Active
C04363,Andrew,Harris,andrew.harris853@email.com,+1-222-951-8872,1966-06-07,Male,2024-01-15,Active
C04364,Chloe,Thompson,chloe.thompson584@email.com,+1-302-721-9271,1978-06-04,Female,2024-10-26,Active
C04365,Daniel,Lopez,daniel.lopez71@email.com,+1-356-686-5543,1958-06-09,Male,2024-02-29,Active
C04366,Alexander,Martin,alexander.martin800@email.com,+1-369-447-4375,1981-06-03,Male,2023-02-12,Active
C04367,Henry,Martin,henry.martin555@email.com,+1-382-632-5006,1987-06-02,Other,2023-07-21,Active
C04368,Chloe,Thomas,chloe.thomas279@email.com,+1-650-555-8116,1959-06-09,Female,2024-01-08,Active
C04369,Abigail,Jackson,abigail.jackson920@email.com,+1-237-592-1307,1989-06-01,Female,2023-12-27,Active
C04370,Andrew,Rodriguez,andrew.rodriguez665@email.com,+1-925-315-6012,1974-06-05,Female,2024-05-18,Active
C04371,Ella,Perez,ella.perez505@email.com,+1-304-444-7726,1999-05-30,Male,2023-06-03,Active
C04372,Emma,Clark,emma.clark597@email.com,+1-472-886-1880,1964-06-07,Female,2023-08-21,Active
C04373,Lucas,Martinez,lucas.martinez886@email.com,+1-315-454-4448,1979-06-04,Other,2023-12-29,Active
C04374,David,Brown,david.brown53@email.com,+1-879-148-2798,1967-06-07,Female,2024-08-27,Active
C04375,Harper,Anderson,harper.anderson466@email.com,+1-434-884-5714,1993-05-31,Female,2023-04-12,Active
C04376,Ava,Clark,ava.clark916@email.com,+1-875-368-9790,1997-05-30,Male,2023-08-24,Active
C04377,Emily,Lopez,emily.lopez480@email.com,+1-712-444-7574,1994-05-31,Male,2024-04-15,Active
C04378,Michael,Rodriguez,michael.rodriguez664@email.com,+1-948-749-8992,1983-06-03,Male,2024-02-19,Active
C04379,Grace,Hernandez,grace.hernandez897@email.com,+1-864-483-8661,1966-06-07,Other,2024-05-26,Active
C04380,Abigail,Jones,abigail.jones244@email.com,+1-348-649-7008,1973-06-05,Female,2023-12-16,Active
C04381,Liam,Clark,liam.clark794@email.com,+1-890-867-6636,1970-06-06,Other,2023-08-22,Active
C04382,Alexander,Clark,alexander.clark500@email.com,+1-570-613-2601,1983-06-03,Female,2023-03-03,Active
C04383,Olivia,Jones,olivia.jones807@email.com,+1-743-891-5300,2001-05-29,Other,2023-03-29,Active
C04384,Charlotte,Wilson,charlotte.wilson172@email.com,+1-444-318-5947,1989-06-01,Male,2023-10-04,Active
C04385,Liam,Anderson,liam.anderson105@email.com,+1-457-510-8284,2002-05-29,Other,2023-03-24,Active
C04386,Harper,White,harper.white505@email.com,+1-885-704-9014,1990-06-01,Male,2023-01-21,Active
C04387,Mason,Moore,mason.moore358@email.com,+1-930-427-6571,1963-06-08,Other,2024-11-19,Active
C04388,Benjamin,Thomas,benjamin.thomas962@email.com,+1-490-481-7593,1979-06-04,Male,2024-11-24,Active
C04389,Liam,Miller,liam.miller624@email.com,+1-597-203-1316,1986-06-02,Female,2024-10-13,Active
C04390,Andrew,Perez,andrew.perez32@email.com,+1-874-966-1644,1961-06-08,Female,2024-09-15,Active
C04391,Olivia,Gonzalez,olivia.gonzalez472@email.com,+1-786-909-5418,1977-06-04,Male,2023-05-23,Active
C04392,Grace,Wilson,grace.wilson718@email.com,+1-811-282-9667,1965-06-07,Female,2024-02-15,Active
C04393,Sophia,Gonzalez,sophia.gonzalez926@email.com,+1-920-259-2799,1957-06-09,Other,2023-12-24,Active
C04394,Lucas,Perez,lucas.perez563@email.com,+1-989-910-7950,1965-06-07,Female,2023-10-03,Active
C04395,Lucas,Lopez,lucas.lopez203@email.com,+1-638-598-4934,1958-06-09,Other,2023-12-21,Active
C04396,Emily,Thompson,emily.thompson540@email.com,+1-808-517-1745,1979-06-04,Male,2023-08-19,Active
C04397,Isabella,Jones,isabella.jones547@email.com,+1-751-319-5425,1994-05-31,Male,2024-10-05,Active
C04398,Emily,Clark,emily.clark110@email.com,+1-971-298-1119,1996-05-30,Female,2024-10-16,Active
C04399,Noah,Martin,noah.martin480@email.com,+1-517-268-9069,1969-06-06,Female,2023-03-22,Active
C04400,Amelia,Wilson,amelia.wilson415@email.com,+1-888-330-6138,1959-06-09,Other,2023-08-28,Active
C04401,Chloe,Wilson,chloe.wilson453@email.com,+1-987-939-2024,1975-06-05,Female,2023-01-20,Active
C04402,Liam,Miller,liam.miller721@email.com,+1-986-974-1180,1979-06-04,Male,2023-02-20,Active
C04403,Amelia,Sanchez,amelia.sanchez373@email.com,+1-992-743-8159,1956-06-09,Other,2023-12-24,Active
C04404,William,Gonzalez,william.gonzalez845@email.com,+1-225-625-3852,1966-06-07,Male,2024-01-16,Active
C04405,Sofia,Davis,sofia.davis919@email.com,+1-946-582-5332,1999-05-30,Male,2023-01-07,Active
C04406,Scarlett,Ramirez,scarlett.ramirez782@email.com,+1-735-499-8031,2003-05-29,Male,2023-05-14,Active
C04407,Isabella,Perez,isabella.perez132@email.com,+1-400-915-3723,1968-06-06,Female,2024-10-15,Active
C04408,Mia,Hernandez,mia.hernandez888@email.com,+1-362-924-7186,1971-06-06,Male,2024-10-08,Active
C04409,Joseph,Sanchez,joseph.sanchez658@email.com,+1-759-681-3404,1953-06-10,Other,2024-01-25,Active
C04410,Alexander,Gonzalez,alexander.gonzalez777@email.com,+1-976-426-8397,1968-06-06,Other,2024-04-05,Active
C04411,Henry,Gonzalez,henry.gonzalez937@email.com,+1-581-816-4518,1965-06-07,Female,2024-06-29,Active
C04412,Abigail,Rodriguez,abigail.rodriguez294@email.com,+1-278-212-9532,1974-06-05,Other,2024-09-23,Active
C04413,Michael,Williams,michael.williams219@email.com,+1-591-560-4073,1965-06-07,Male,2023-07-27,Active
C04414,Michael,Jones,michael.jones60@email.com,+1-411-665-9845,1971-06-06,Other,2024-09-20,Active
C04415,Benjamin,Anderson,benjamin.anderson858@email.com,+1-939-539-9404,1974-06-05,Male,2024-02-27,Active
C04416,Henry,Ramirez,henry.ramirez509@email.com,+1-282-366-7258,1998-05-30,Male,2023-02-14,Active
C04417,Liam,Williams,liam.williams268@email.com,+1-877-634-4994,1988-06-01,Male,2024-06-11,Active
C04418,Henry,Johnson,henry.johnson921@email.com,+1-299-213-4024,1974-06-05,Male,2023-10-05,Active
C04419,Benjamin,Robinson,benjamin.robinson399@email.com,+1-211-300-1026,1952-06-10,Female,2023-07-30,Active
C04420,Matthew,Robinson,matthew.robinson299@email.com,+1-679-594-1757,1982-06-03,Male,2023-05-25,Active
C04421,Ella,Wilson,ella.wilson112@email.com,+1-756-342-8619,1961-06-08,Male,2023-12-11,Active
C04422,Victoria,Lopez,victoria.lopez3@email.com,+1-694-531-8909,1968-06-06,Male,2023-01-26,Active
C04423,Sofia,Garcia,sofia.garcia982@email.com,+1-296-610-3413,1974-06-05,Female,2024-11-19,Active
C04424,Samuel,Ramirez,samuel.ramirez529@email.com,+1-604-674-1808,2002-05-29,Female,2023-02-28,Active
C04425,Scarlett,Gonzalez,scarlett.gonzalez834@email.com,+1-788-327-1732,1998-05-30,Other,2024-05-14,Active
C04426,Elizabeth,Ramirez,elizabeth.ramirez305@email.com,+1-870-436-7563,1981-06-03,Other,2024-04-13,Active
C04427,David,Martinez,david.martinez112@email.com,+1-802-727-2365,1988-06-01,Male,2023-11-17,Active
C04428,Amelia,Martin,amelia.martin699@email.com,+1-220-496-5098,1972-06-05,Male,2023-05-29,Active
C04429,Joseph,Lee,joseph.lee16@email.com,+1-434-405-3141,2001-05-29,Other,2024-01-22,Active
C04430,Victoria,Anderson,victoria.anderson700@email.com,+1-254-226-2132,1972-06-05,Other,2023-12-15,Active
C04431,Sophia,Miller,sophia.miller407@email.com,+1-757-245-7410,1979-06-04,Male,2023-09-13,Active
C04432,Henry,Garcia,henry.garcia121@email.com,+1-540-352-2097,1968-06-06,Male,2023-04-29,Active
C04433,Matthew,White,matthew.white142@email.com,+1-999-995-6585,1958-06-09,Female,2024-07-09,Active
C04434,Emma,Jones,emma.jones179@email.com,+1-315-533-1410,1976-06-04,Other,2023-06-17,Active
C04435,David,Lopez,david.lopez812@email.com,+1-482-626-1171,1994-05-31,Other,2024-08-09,Active
C04436,Charlotte,Harris,charlotte.harris377@email.com,+1-758-336-9249,1965-06-07,Male,2024-03-01,Active
C04437,Andrew,Lee,andrew.lee85@email.com,+1-204-518-6932,1952-06-10,Male,2023-09-29,Active
C04438,Abigail,Ramirez,abigail.ramirez87@email.com,+1-691-418-6538,1972-06-05,Female,2024-04-16,Active
C04439,Benjamin,Harris,benjamin.harris707@email.com,+1-922-453-3000,1961-06-08,Male,2024-12-05,Active
C04440,Ethan,Martinez,ethan.martinez49@email.com,+1-983-190-3466,1996-05-30,Male,2023-06-24,Active
C04441,Ethan,Jackson,ethan.jackson339@email.com,+1-576-625-8900,2008-05-27,Other,2023-06-01,Active
C04442,Amelia,Hernandez,amelia.hernandez828@email.com,+1-976-983-8434,1977-06-04,Female,2024-09-20,Active
C04443,Ethan,Ramirez,ethan.ramirez498@email.com,+1-916-127-4149,1982-06-03,Female,2024-11-28,Active
C04444,Scarlett,Anderson,scarlett.anderson930@email.com,+1-258-686-5971,1992-05-31,Male,2024-10-17,Active
C04445,Elizabeth,Smith,elizabeth.smith338@email.com,+1-295-501-5151,1960-06-08,Male,2023-06-27,Active
C04446,Sebastian,Jackson,sebastian.jackson329@email.com,+1-413-344-8343,1992-05-31,Other,2023-12-03,Active
C04447,Mason,Harris,mason.harris571@email.com,+1-664-882-7614,1953-06-10,Female,2023-09-20,Active
C04448,Jackson,Ramirez,jackson.ramirez63@email.com,+1-209-497-5584,1988-06-01,Female,2024-05-16,Active
C04449,John,Sanchez,john.sanchez734@email.com,+1-665-792-4820,1960-06-08,Other,2024-10-11,Active
C04450,Ella,Harris,ella.harris243@email.com,+1-245-333-4699,1971-06-06,Female,2024-07-03,Active
C04451,Sofia,White,sofia.white849@email.com,+1-939-842-8392,1951-06-11,Female,2024-01-25,Active
C04452,Harper,Ramirez,harper.ramirez349@email.com,+1-319-898-1005,1991-06-01,Other,2024-02-26,Active
C04453,Grace,Ramirez,grace.ramirez45@email.com,+1-800-410-8189,1974-06-05,Male,2024-05-23,Active
C04454,Ethan,Lopez,ethan.lopez397@email.com,+1-220-977-6585,1978-06-04,Male,2024-03-10,Active
C04455,Noah,Anderson,noah.anderson609@email.com,+1-998-969-6896,1952-06-10,Other,2023-05-18,Active
C04456,Alexander,Sanchez,alexander.sanchez489@email.com,+1-623-951-2922,2005-05-28,Male,2024-09-15,Active
C04457,Ella,Jackson,ella.jackson485@email.com,+1-601-414-8365,1965-06-07,Female,2023-12-27,Active
C04458,Emily,Wilson,emily.wilson350@email.com,+1-672-253-9384,1999-05-30,Female,2023-06-02,Active
C04459,Mia,Gonzalez,mia.gonzalez700@email.com,+1-790-315-5850,1991-06-01,Female,2023-07-31,Active
C04460,Liam,Harris,liam.harris209@email.com,+1-793-110-9314,1984-06-02,Other,2024-04-11,Active
C04461,Samuel,Ramirez,samuel.ramirez358@email.com,+1-959-526-1186,1962-06-08,Female,2023-10-14,Active
C04462,John,White,john.white612@email.com,+1-386-986-7680,1975-06-05,Male,2024-10-23,Active
C04463,Isabella,Robinson,isabella.robinson420@email.com,+1-761-587-1553,1952-06-10,Female,2023-04-02,Active
C04464,Avery,Lewis,avery.lewis468@email.com,+1-649-710-7137,1960-06-08,Male,2023-09-09,Active
C04465,Benjamin,Jackson,benjamin.jackson579@email.com,+1-616-247-7164,1979-06-04,Female,2024-05-17,Active
C04466,John,Garcia,john.garcia901@email.com,+1-963-927-8275,1958-06-09,Other,2024-10-21,Active
C04467,Ethan,Johnson,ethan.johnson970@email.com,+1-648-877-4905,2000-05-29,Male,2023-12-31,Active
C04468,Sebastian,Martin,sebastian.martin430@email.com,+1-376-291-1532,1951-06-11,Other,2023-11-11,Active
C04469,Mia,Martinez,mia.martinez207@email.com,+1-367-337-4155,2005-05-28,Male,2023-01-31,Active
C04470,William,Miller,william.miller632@email.com,+1-803-335-5132,2007-05-28,Female,2024-03-20,Active
C04471,Matthew,Clark,matthew.clark726@email.com,+1-228-954-7190,1963-06-08,Female,2023-06-01,Active
C04472,Amelia,Perez,amelia.perez940@email.com,+1-202-508-6632,1996-05-30,Male,2023-03-02,Active
C04473,Michael,Anderson,michael.anderson551@email.com,+1-601-430-3303,2003-05-29,Female,2023-04-28,Active
C04474,Isabella,Taylor,isabella.taylor352@email.com,+1-448-593-1795,1953-06-10,Female,2024-11-28,Active
C04475,Harper,Rodriguez,harper.rodriguez544@email.com,+1-769-444-5706,1959-06-09,Female,2023-07-06,Active
C04476,Michael,Davis,michael.davis110@email.com,+1-319-692-9524,1998-05-30,Female,2024-12-21,Active
C04477,Daniel,Lopez,daniel.lopez987@email.com,+1-518-246-9673,1993-05-31,Female,2024-12-25,Active
C04478,Avery,Wilson,avery.wilson779@email.com,+1-509-235-6982,1978-06-04,Male,2024-01-25,Active
C04479,Sebastian,Ramirez,sebastian.ramirez995@email.com,+1-634-663-9684,1974-06-05,Female,2023-03-20,Active
C04480,Matthew,Smith,matthew.smith696@email.com,+1-384-143-4746,1998-05-30,Male,2023-05-07,Active
C04481,Mason,Davis,mason.davis910@email.com,+1-276-592-1560,1963-06-08,Other,2024-09-27,Active
C04482,Abigail,Moore,abigail.moore411@email.com,+1-624-313-3158,1972-06-05,Female,2023-06-28,Active
C04483,Samuel,Harris,samuel.harris496@email.com,+1-363-631-9143,2004-05-28,Other,2024-06-07,Active
C04484,Harper,Sanchez,harper.sanchez162@email.com,+1-517-681-6935,1972-06-05,Male,2023-11-09,Active
C04485,Mason,Thomas,mason.thomas938@email.com,+1-882-691-7427,2001-05-29,Female,2024-02-18,Active
C04486,Jackson,Smith,jackson.smith241@email.com,+1-399-878-3994,1976-06-04,Other,2023-06-26,Active
C04487,Emma,Thomas,emma.thomas5@email.com,+1-219-431-2287,1997-05-30,Male,2023-01-13,Active
C04488,Samuel,Thomas,samuel.thomas320@email.com,+1-546-801-2299,1999-05-30,Male,2024-07-31,Active
C04489,Mia,White,mia.white721@email.com,+1-871-870-1059,1952-06-10,Other,2024-10-08,Active
C04490,Joseph,Lopez,joseph.lopez305@email.com,+1-575-378-2094,1975-06-05,Female,2023-11-20,Active
C04491,Joseph,Martin,joseph.martin141@email.com,+1-874-985-2116,1983-06-03,Female,2024-11-05,Active
C04492,Sofia,Jones,sofia.jones896@email.com,+1-677-427-1293,1998-05-30,Female,2024-09-22,Active
C04493,Matthew,Perez,matthew.perez697@email.com,+1-784-558-5142,1956-06-09,Male,2024-03-24,Active
C04494,Noah,Davis,noah.davis889@email.com,+1-938-507-1907,1959-06-09,Other,2023-08-27,Active
C04495,Michael,Martinez,michael.martinez753@email.com,+1-755-924-4090,1972-06-05,Male,2024-06-08,Active
C04496,Daniel,Taylor,daniel.taylor976@email.com,+1-705-245-4897,1995-05-31,Other,2023-01-26,Active
C04497,Matthew,Moore,matthew.moore725@email.com,+1-859-110-7983,1953-06-10,Male,2024-11-11,Active
C04498,Harper,Hernandez,harper.hernandez457@email.com,+1-808-257-4753,1977-06-04,Female,2024-08-16,Active
C04499,Ava,Rodriguez,ava.rodriguez760@email.com,+1-879-644-6607,2002-05-29,Other,2023-08-07,Active
C04500,Andrew,Lee,andrew.lee472@email.com,+1-207-197-6979,2002-05-29,Other,2024-11-16,Active
C04501,Chloe,Wilson,chloe.wilson509@email.com,+1-823-967-8919,2007-05-28,Male,2023-02-15,Active
C04502,Andrew,Jones,andrew.jones359@email.com,+1-275-685-3141,1954-06-10,Male,2024-11-14,Active
C04503,Sebastian,Jones,sebastian.jones563@email.com,+1-941-838-6780,1994-05-31,Male,2024-08-24,Active
C04504,William,Jackson,william.jackson461@email.com,+1-203-951-5401,1954-06-10,Other,2023-05-22,Active
C04505,Charlotte,Harris,charlotte.harris489@email.com,+1-799-448-9282,2002-05-29,Other,2024-07-19,Active
C04506,Michael,Moore,michael.moore988@email.com,+1-846-480-6287,1981-06-03,Male,2024-08-26,Active
C04507,Benjamin,Sanchez,benjamin.sanchez619@email.com,+1-861-554-2364,1998-05-30,Other,2024-03-17,Active
C04508,Liam,Lewis,liam.lewis807@email.com,+1-677-442-8528,1954-06-10,Other,2024-02-26,Active
C04509,Mason,Sanchez,mason.sanchez987@email.com,+1-517-287-5899,1956-06-09,Female,2023-06-06,Active
C04510,Lucas,Jackson,lucas.jackson422@email.com,+1-362-494-3134,2003-05-29,Other,2024-01-12,Active
C04511,Samuel,Robinson,samuel.robinson559@email.com,+1-443-809-2148,1967-06-07,Female,2024-07-02,Active
C04512,Chloe,Sanchez,chloe.sanchez937@email.com,+1-681-845-8365,1981-06-03,Other,2024-05-04,Active
C04513,David,Thomas,david.thomas176@email.com,+1-969-364-5867,1989-06-01,Other,2024-06-19,Active
C04514,Charlotte,Lee,charlotte.lee905@email.com,+1-550-980-5985,1975-06-05,Female,2023-04-04,Active
C04515,Joseph,Garcia,joseph.garcia619@email.com,+1-585-470-8807,1951-06-11,Female,2024-09-10,Active
C04516,Matthew,Harris,matthew.harris729@email.com,+1-514-328-9495,2006-05-28,Other,2023-02-08,Active
C04517,Mia,Martin,mia.martin938@email.com,+1-785-148-4709,1967-06-07,Other,2024-03-30,Active
C04518,Liam,Lee,liam.lee304@email.com,+1-328-400-8715,2005-05-28,Female,2023-05-16,Active
C04519,Liam,White,liam.white52@email.com,+1-781-393-1155,1982-06-03,Male,2023-04-26,Active
C04520,Emily,Thomas,emily.thomas234@email.com,+1-689-525-3088,1983-06-03,Male,2024-03-12,Active
C04521,Elizabeth,Thompson,elizabeth.thompson798@email.com,+1-910-953-3267,1992-05-31,Female,2024-08-25,Active
C04522,Victoria,Jones,victoria.jones945@email.com,+1-233-326-7759,2005-05-28,Male,2023-04-28,Active
C04523,Victoria,Harris,victoria.harris87@email.com,+1-935-374-1960,1987-06-02,Other,2024-09-20,Active
C04524,William,Anderson,william.anderson248@email.com,+1-311-827-2862,1956-06-09,Male,2023-09-17,Active
C04525,James,Gonzalez,james.gonzalez319@email.com,+1-267-364-9050,1972-06-05,Female,2024-01-30,Active
C04526,Emma,Lewis,emma.lewis12@email.com,+1-849-167-9547,1969-06-06,Male,2024-04-03,Active
C04527,Amelia,Miller,amelia.miller338@email.com,+1-825-640-5471,1998-05-30,Female,2023-09-29,Active
C04528,Mia,Jackson,mia.jackson552@email.com,+1-852-348-6292,1965-06-07,Female,2023-04-10,Active
C04529,Sofia,Robinson,sofia.robinson711@email.com,+1-692-906-8809,1993-05-31,Female,2024-10-08,Active
C04530,Victoria,Smith,victoria.smith809@email.com,+1-372-270-8066,1989-06-01,Other,2024-07-17,Active
C04531,David,White,david.white799@email.com,+1-441-512-6315,1962-06-08,Male,2024-12-21,Active
C04532,Charlotte,Jones,charlotte.jones620@email.com,+1-776-116-1621,2005-05-28,Other,2023-01-11,Active
C04533,Jackson,Martinez,jackson.martinez863@email.com,+1-664-516-2106,1989-06-01,Female,2023-03-12,Active
C04534,William,Anderson,william.anderson516@email.com,+1-700-355-6322,1966-06-07,Female,2024-02-10,Active
C04535,Noah,Thompson,noah.thompson944@email.com,+1-490-280-5072,1969-06-06,Female,2024-08-26,Active
C04536,Joseph,Martin,joseph.martin148@email.com,+1-941-822-2002,1985-06-02,Female,2023-10-15,Active
C04537,Henry,Jackson,henry.jackson231@email.com,+1-836-301-6009,1972-06-05,Other,2024-05-09,Active
C04538,Matthew,Jackson,matthew.jackson20@email.com,+1-483-427-4473,1953-06-10,Other,2023-02-13,Active
C04539,James,Sanchez,james.sanchez706@email.com,+1-555-278-9411,1964-06-07,Other,2023-09-08,Active
C04540,Amelia,Hernandez,amelia.hernandez468@email.com,+1-402-354-9371,1993-05-31,Male,2024-09-22,Active
C04541,Liam,Robinson,liam.robinson493@email.com,+1-438-383-6576,1951-06-11,Other,2024-04-21,Active
C04542,Benjamin,Johnson,benjamin.johnson186@email.com,+1-435-533-6082,1999-05-30,Male,2024-09-19,Active
C04543,Evelyn,Harris,evelyn.harris488@email.com,+1-459-122-9826,1963-06-08,Male,2023-12-14,Active
C04544,David,Garcia,david.garcia57@email.com,+1-447-335-6682,2004-05-28,Female,2024-11-16,Active
C04545,Matthew,Johnson,matthew.johnson129@email.com,+1-454-941-3163,1956-06-09,Male,2024-02-01,Active
C04546,Liam,Thomas,liam.thomas726@email.com,+1-291-474-6840,1954-06-10,Other,2024-02-03,Active
C04547,Joseph,Johnson,joseph.johnson824@email.com,+1-801-373-1857,1999-05-30,Male,2024-03-27,Active
C04548,Alexander,Hernandez,alexander.hernandez403@email.com,+1-512-172-2289,1998-05-30,Other,2023-05-04,Active
C04549,Daniel,Clark,daniel.clark382@email.com,+1-289-234-6255,1957-06-09,Other,2024-05-07,Active
C04550,Olivia,Thomas,olivia.thomas790@email.com,+1-729-177-2493,1952-06-10,Other,2024-04-20,Active
C04551,Emily,Lewis,emily.lewis22@email.com,+1-557-832-4657,1969-06-06,Female,2023-01-26,Active
C04552,Harper,Robinson,harper.robinson781@email.com,+1-270-731-8707,1964-06-07,Female,2024-09-10,Active
C04553,Joseph,Ramirez,joseph.ramirez775@email.com,+1-521-466-9129,1981-06-03,Female,2024-08-29,Active
C04554,Amelia,Garcia,amelia.garcia982@email.com,+1-727-746-3153,1993-05-31,Female,2024-03-22,Active
C04555,Liam,Clark,liam.clark803@email.com,+1-640-223-7725,1966-06-07,Male,2024-08-16,Active
C04556,Grace,Perez,grace.perez374@email.com,+1-933-542-4890,2008-05-27,Male,2024-02-12,Active
C04557,Emma,Anderson,emma.anderson447@email.com,+1-274-420-1680,2005-05-28,Male,2024-03-10,Active
C04558,Abigail,Martin,abigail.martin576@email.com,+1-875-494-9207,1967-06-07,Other,2023-12-30,Active
C04559,Sofia,Martin,sofia.martin457@email.com,+1-671-998-2267,1965-06-07,Male,2024-02-22,Active
C04560,Benjamin,Thompson,benjamin.thompson988@email.com,+1-632-124-9276,1960-06-08,Other,2024-11-18,Active
C04561,John,Johnson,john.johnson112@email.com,+1-245-180-5661,2002-05-29,Other,2023-10-31,Active
C04562,Noah,White,noah.white222@email.com,+1-814-252-8955,1976-06-04,Other,2023-07-25,Active
C04563,Sebastian,Brown,sebastian.brown551@email.com,+1-808-312-1626,1966-06-07,Female,2024-03-19,Active
C04564,Mason,Gonzalez,mason.gonzalez961@email.com,+1-448-668-9568,1976-06-04,Female,2024-09-06,Active
C04565,Ella,Thompson,ella.thompson549@email.com,+1-951-460-2451,1986-06-02,Other,2023-07-10,Active
C04566,Sofia,Robinson,sofia.robinson611@email.com,+1-246-458-1576,1984-06-02,Other,2023-02-24,Active
C04567,Michael,Gonzalez,michael.gonzalez777@email.com,+1-770-649-3626,1997-05-30,Female,2023-12-08,Active
C04568,Samuel,Johnson,samuel.johnson13@email.com,+1-690-259-8999,1962-06-08,Male,2024-07-24,Active
C04569,Sebastian,Brown,sebastian.brown690@email.com,+1-884-985-5757,1968-06-06,Male,2023-09-30,Active
C04570,Charlotte,Anderson,charlotte.anderson216@email.com,+1-560-530-5632,1975-06-05,Female,2024-12-13,Active
C04571,Amelia,White,amelia.white742@email.com,+1-929-899-1471,2005-05-28,Male,2023-07-04,Active
C04572,Matthew,Martin,matthew.martin455@email.com,+1-732-878-7082,1992-05-31,Other,2024-09-17,Active
C04573,Emily,Martinez,emily.martinez623@email.com,+1-761-309-7744,1992-05-31,Male,2023-09-16,Active
C04574,Elizabeth,Thomas,elizabeth.thomas270@email.com,+1-777-136-8123,1976-06-04,Other,2023-12-09,Active
C04575,Sofia,Anderson,sofia.anderson382@email.com,+1-270-989-6531,2003-05-29,Male,2023-08-16,Active
C04576,Jackson,Martinez,jackson.martinez363@email.com,+1-641-146-6752,1958-06-09,Other,2023-02-16,Active
C04577,Daniel,Clark,daniel.clark412@email.com,+1-412-410-5078,2005-05-28,Other,2024-10-01,Active
C04578,Avery,Miller,avery.miller603@email.com,+1-350-116-1530,1975-06-05,Female,2024-08-16,Active
C04579,Emily,Wilson,emily.wilson340@email.com,+1-976-909-4504,1963-06-08,Female,2024-04-30,Active
C04580,Ella,Thomas,ella.thomas814@email.com,+1-447-118-4277,1977-06-04,Female,2024-09-21,Active
C04581,Sebastian,Thomas,sebastian.thomas111@email.com,+1-806-901-3635,1985-06-02,Male,2023-11-02,Active
C04582,Evelyn,Moore,evelyn.moore493@email.com,+1-889-257-1206,1992-05-31,Male,2024-09-17,Active
C04583,Noah,Jones,noah.jones977@email.com,+1-583-937-5752,2007-05-28,Female,2024-01-21,Active
C04584,Noah,Hernandez,noah.hernandez303@email.com,+1-804-132-9311,1972-06-05,Other,2024-11-24,Active
C04585,John,Robinson,john.robinson564@email.com,+1-413-681-9126,1979-06-04,Other,2023-11-16,Active
C04586,Lucas,Taylor,lucas.taylor523@email.com,+1-689-238-6076,1983-06-03,Male,2023-12-11,Active
C04587,Benjamin,Smith,benjamin.smith208@email.com,+1-990-388-5075,1959-06-09,Male,2023-07-12,Active
C04588,Noah,Smith,noah.smith31@email.com,+1-794-181-5768,1998-05-30,Female,2024-05-17,Active
C04589,Andrew,Martinez,andrew.martinez634@email.com,+1-431-118-9056,1991-06-01,Other,2023-01-23,Active
C04590,Sophia,Anderson,sophia.anderson582@email.com,+1-779-759-7762,1982-06-03,Female,2024-02-14,Active
C04591,Elizabeth,Jones,elizabeth.jones525@email.com,+1-834-608-4189,1975-06-05,Male,2023-12-30,Active
C04592,Victoria,Sanchez,victoria.sanchez387@email.com,+1-360-248-6518,1959-06-09,Female,2024-07-26,Active
C04593,Abigail,Lee,abigail.lee414@email.com,+1-257-104-3718,2006-05-28,Male,2024-08-23,Active
C04594,Isabella,Davis,isabella.davis919@email.com,+1-493-139-7099,1979-06-04,Other,2023-12-06,Active
C04595,Avery,Ramirez,avery.ramirez869@email.com,+1-304-288-6888,1985-06-02,Other,2024-10-12,Active
C04596,Samuel,Jackson,samuel.jackson755@email.com,+1-244-945-5299,1954-06-10,Other,2024-09-18,Active
C04597,Mia,Harris,mia.harris883@email.com,+1-719-112-6518,1983-06-03,Female,2024-10-21,Active
C04598,Jackson,Johnson,jackson.johnson727@email.com,+1-755-920-2880,1971-06-06,Male,2024-06-30,Active
C04599,Isabella,Thomas,isabella.thomas540@email.com,+1-766-400-5512,1969-06-06,Other,2023-08-22,Active
C04600,Olivia,Jackson,olivia.jackson571@email.com,+1-590-918-4173,1988-06-01,Male,2023-11-01,Active
C04601,Isabella,Thomas,isabella.thomas401@email.com,+1-826-430-5617,1999-05-30,Female,2024-02-25,Active
C04602,Emma,Jones,emma.jones164@email.com,+1-465-810-3444,1974-06-05,Other,2024-04-18,Active
C04603,Matthew,Miller,matthew.miller742@email.com,+1-272-350-8561,2004-05-28,Female,2024-05-05,Active
C04604,Alexander,Lopez,alexander.lopez43@email.com,+1-431-175-2800,1964-06-07,Male,2023-07-05,Active
C04605,William,Gonzalez,william.gonzalez696@email.com,+1-589-746-2995,1970-06-06,Male,2024-04-06,Active
C04606,Lucas,Perez,lucas.perez588@email.com,+1-618-106-7278,1992-05-31,Male,2024-10-05,Active
C04607,David,Robinson,david.robinson802@email.com,+1-294-994-9214,2001-05-29,Other,2023-05-30,Active
C04608,Sophia,Clark,sophia.clark595@email.com,+1-830-228-6166,1965-06-07,Other,2023-12-10,Active
C04609,Victoria,Jones,victoria.jones910@email.com,+1-511-843-8965,1973-06-05,Other,2023-11-08,Active
C04610,Benjamin,Martinez,benjamin.martinez65@email.com,+1-246-325-5289,2003-05-29,Female,2024-10-12,Active
C04611,Charlotte,Harris,charlotte.harris72@email.com,+1-728-206-2816,2002-05-29,Other,2023-06-05,Active
C04612,Alexander,Smith,alexander.smith972@email.com,+1-550-187-4792,1968-06-06,Female,2024-07-24,Active
C04613,Mason,Anderson,mason.anderson895@email.com,+1-801-784-1036,1980-06-03,Female,2024-02-18,Active
C04614,Olivia,Taylor,olivia.taylor370@email.com,+1-624-101-5503,1979-06-04,Female,2024-11-13,Active
C04615,Sophia,Martinez,sophia.martinez677@email.com,+1-715-569-9627,2007-05-28,Male,2024-05-28,Active
C04616,Charlotte,Brown,charlotte.brown269@email.com,+1-562-881-7385,1978-06-04,Female,2024-03-28,Active
C04617,Isabella,Harris,isabella.harris157@email.com,+1-668-435-8739,1958-06-09,Female,2023-04-27,Active
C04618,Noah,Anderson,noah.anderson744@email.com,+1-474-127-4645,1992-05-31,Female,2024-05-26,Active
C04619,Harper,Martin,harper.martin643@email.com,+1-794-728-9605,1970-06-06,Male,2023-09-28,Active
C04620,Amelia,Davis,amelia.davis624@email.com,+1-309-825-4747,1969-06-06,Other,2023-11-25,Active
C04621,Evelyn,Williams,evelyn.williams191@email.com,+1-845-514-5922,1955-06-10,Male,2024-10-20,Active
C04622,Elizabeth,Smith,elizabeth.smith230@email.com,+1-371-536-8387,2004-05-28,Male,2024-01-07,Active
C04623,Sebastian,Johnson,sebastian.johnson357@email.com,+1-700-506-4955,1955-06-10,Other,2024-10-03,Active
C04624,Olivia,Williams,olivia.williams28@email.com,+1-746-717-7652,1990-06-01,Female,2023-03-13,Active
C04625,Sofia,Sanchez,sofia.sanchez97@email.com,+1-369-429-4700,1984-06-02,Male,2023-11-22,Active
C04626,Evelyn,Smith,evelyn.smith63@email.com,+1-487-551-5761,1979-06-04,Female,2023-07-17,Active
C04627,Victoria,Martinez,victoria.martinez898@email.com,+1-774-487-9500,1976-06-04,Female,2023-05-06,Active
C04628,Harper,Taylor,harper.taylor72@email.com,+1-678-112-5037,2007-05-28,Male,2023-11-12,Active
C04629,Noah,Robinson,noah.robinson914@email.com,+1-666-917-8676,1980-06-03,Male,2024-12-27,Active
C04630,Joseph,Harris,joseph.harris883@email.com,+1-427-769-8872,1989-06-01,Other,2024-02-15,Active
C04631,Victoria,Miller,victoria.miller829@email.com,+1-406-935-1605,2002-05-29,Other,2023-10-04,Active
C04632,Mason,Robinson,mason.robinson907@email.com,+1-275-552-2746,1960-06-08,Other,2023-05-24,Active
C04633,Jackson,Clark,jackson.clark54@email.com,+1-237-384-1387,1991-06-01,Male,2024-07-10,Active
C04634,Evelyn,Martinez,evelyn.martinez89@email.com,+1-565-442-7928,1994-05-31,Female,2023-09-30,Active
C04635,Amelia,Davis,amelia.davis682@email.com,+1-877-631-5964,1962-06-08,Other,2023-02-21,Active
C04636,Sofia,Thompson,sofia.thompson948@email.com,+1-550-483-3650,2002-05-29,Other,2024-05-11,Active
C04637,Ella,Harris,ella.harris697@email.com,+1-227-938-4458,1993-05-31,Female,2024-05-06,Active
C04638,Emma,Lewis,emma.lewis960@email.com,+1-975-156-6097,1957-06-09,Other,2023-04-09,Active
C04639,John,Jackson,john.jackson185@email.com,+1-593-741-7622,1962-06-08,Male,2024-01-10,Active
C04640,Elizabeth,Thompson,elizabeth.thompson115@email.com,+1-957-728-8825,1993-05-31,Female,2023-03-09,Active
C04641,Sophia,Anderson,sophia.anderson222@email.com,+1-781-989-5971,1999-05-30,Other,2023-10-21,Active
C04642,Henry,Taylor,henry.taylor508@email.com,+1-934-840-3494,1957-06-09,Other,2024-06-14,Active
C04643,Sebastian,Clark,sebastian.clark358@email.com,+1-738-485-6399,1955-06-10,Male,2023-02-23,Active
C04644,Andrew,Jones,andrew.jones887@email.com,+1-690-774-7357,1966-06-07,Female,2023-06-14,Active
C04645,Ethan,Rodriguez,ethan.rodriguez719@email.com,+1-280-347-5480,1958-06-09,Male,2023-05-21,Active
C04646,Mason,Lewis,mason.lewis784@email.com,+1-693-723-7398,1981-06-03,Male,2023-10-08,Active
C04647,Emma,Lopez,emma.lopez373@email.com,+1-772-756-2659,1956-06-09,Male,2023-08-30,Active
C04648,Abigail,Anderson,abigail.anderson623@email.com,+1-328-221-2989,1987-06-02,Male,2023-11-30,Active
C04649,Liam,Gonzalez,liam.gonzalez715@email.com,+1-801-670-4079,1983-06-03,Female,2023-12-18,Active
C04650,Alexander,Gonzalez,alexander.gonzalez214@email.com,+1-806-647-8337,1990-06-01,Male,2024-12-16,Active
C04651,Abigail,Lopez,abigail.lopez498@email.com,+1-205-967-4781,1993-05-31,Other,2023-04-28,Active
C04652,Harper,Perez,harper.perez136@email.com,+1-686-812-2622,1983-06-03,Female,2023-06-27,Active
C04653,John,Jones,john.jones371@email.com,+1-529-229-1897,1969-06-06,Male,2024-01-29,Active
C04654,James,Gonzalez,james.gonzalez55@email.com,+1-207-149-2314,1959-06-09,Other,2024-09-09,Active
C04655,Noah,Williams,noah.williams838@email.com,+1-534-534-2209,1954-06-10,Male,2023-11-02,Active
C04656,John,Anderson,john.anderson198@email.com,+1-775-364-5134,1976-06-04,Other,2023-04-03,Active
C04657,Ethan,Jones,ethan.jones971@email.com,+1-289-975-4784,1965-06-07,Male,2024-12-30,Active
C04658,Sebastian,Taylor,sebastian.taylor144@email.com,+1-870-882-4165,1966-06-07,Female,2023-07-07,Active
C04659,Elizabeth,Clark,elizabeth.clark587@email.com,+1-839-152-7633,1996-05-30,Male,2023-08-30,Active
C04660,Benjamin,Williams,benjamin.williams63@email.com,+1-470-781-5299,1977-06-04,Male,2023-07-09,Active
C04661,David,Lee,david.lee251@email.com,+1-843-522-6944,1982-06-03,Other,2024-02-11,Active
C04662,Ava,Martin,ava.martin142@email.com,+1-329-173-9688,1952-06-10,Male,2023-06-20,Active
C04663,Isabella,Smith,isabella.smith421@email.com,+1-418-868-2337,1983-06-03,Other,2023-07-12,Active
C04664,Evelyn,Brown,evelyn.brown493@email.com,+1-593-164-4659,1996-05-30,Male,2024-12-02,Active
C04665,Sofia,Rodriguez,sofia.rodriguez783@email.com,+1-319-806-8149,1981-06-03,Male,2023-04-19,Active
C04666,Scarlett,Miller,scarlett.miller325@email.com,+1-840-724-2083,1981-06-03,Female,2023-11-04,Active
C04667,Henry,Smith,henry.smith857@email.com,+1-449-250-4691,2004-05-28,Other,2023-05-20,Active
C04668,Chloe,White,chloe.white234@email.com,+1-874-283-6624,1999-05-30,Other,2024-08-10,Active
C04669,Matthew,Sanchez,matthew.sanchez466@email.com,+1-304-279-7234,1979-06-04,Male,2023-04-25,Active
C04670,John,Rodriguez,john.rodriguez620@email.com,+1-839-681-6257,1988-06-01,Male,2024-07-15,Active
C04671,James,Robinson,james.robinson630@email.com,+1-624-879-5214,1965-06-07,Female,2024-04-11,Active
C04672,Samuel,Rodriguez,samuel.rodriguez779@email.com,+1-454-920-8032,1974-06-05,Other,2023-01-11,Active
C04673,Jackson,Taylor,jackson.taylor116@email.com,+1-318-176-6064,2006-05-28,Male,2024-05-18,Active
C04674,Jackson,Rodriguez,jackson.rodriguez25@email.com,+1-819-824-9515,1973-06-05,Female,2024-12-06,Active
C04675,Joseph,Thomas,joseph.thomas88@email.com,+1-541-424-6697,1966-06-07,Other,2023-05-03,Active
C04676,Noah,Harris,noah.harris656@email.com,+1-597-815-3734,1978-06-04,Other,2023-08-26,Active
C04677,Andrew,Johnson,andrew.johnson176@email.com,+1-564-690-2605,2007-05-28,Male,2023-01-27,Active
C04678,Henry,Gonzalez,henry.gonzalez977@email.com,+1-441-579-3757,1997-05-30,Female,2024-09-03,Active
C04679,Matthew,Gonzalez,matthew.gonzalez743@email.com,+1-223-321-3388,1976-06-04,Female,2024-06-20,Active
C04680,Alexander,Williams,alexander.williams549@email.com,+1-206-279-6234,1969-06-06,Other,2024-01-14,Active
C04681,John,Jackson,john.jackson975@email.com,+1-701-579-4725,1996-05-30,Other,2023-09-22,Active
C04682,Victoria,Clark,victoria.clark368@email.com,+1-700-973-6174,1972-06-05,Male,2024-01-12,Active
C04683,William,Rodriguez,william.rodriguez738@email.com,+1-662-375-2398,1978-06-04,Male,2024-10-17,Active
C04684,Benjamin,Gonzalez,benjamin.gonzalez987@email.com,+1-666-112-4578,1981-06-03,Other,2023-01-04,Active
C04685,William,Lopez,william.lopez403@email.com,+1-868-574-8062,1998-05-30,Male,2024-09-16,Active
C04686,Daniel,Moore,daniel.moore299@email.com,+1-947-970-3627,2007-05-28,Male,2024-06-04,Active
C04687,Emma,Moore,emma.moore44@email.com,+1-570-507-5083,1976-06-04,Other,2024-11-29,Active
C04688,William,Jackson,william.jackson988@email.com,+1-370-743-5140,2000-05-29,Other,2023-03-20,Active
C04689,Scarlett,Anderson,scarlett.anderson229@email.com,+1-375-918-2812,1965-06-07,Female,2024-11-21,Active
C04690,Samuel,Taylor,samuel.taylor208@email.com,+1-285-275-8231,1981-06-03,Other,2024-05-10,Active
C04691,Emily,Harris,emily.harris942@email.com,+1-497-657-6716,2008-05-27,Male,2024-08-01,Active
C04692,Ella,Jones,ella.jones7@email.com,+1-265-731-8359,1990-06-01,Other,2024-12-08,Active
C04693,Isabella,Moore,isabella.moore482@email.com,+1-459-949-2136,1963-06-08,Other,2023-10-11,Active
C04694,Mia,Thomas,mia.thomas628@email.com,+1-914-540-4429,1988-06-01,Female,2023-03-28,Active
C04695,Ava,Garcia,ava.garcia640@email.com,+1-948-848-6361,2003-05-29,Female,2024-01-05,Active
C04696,Liam,Smith,liam.smith980@email.com,+1-572-182-1530,1969-06-06,Male,2023-07-25,Active
C04697,Alexander,Thompson,alexander.thompson551@email.com,+1-987-362-3111,1952-06-10,Female,2024-08-22,Active
C04698,James,Miller,james.miller707@email.com,+1-248-113-4437,1980-06-03,Male,2023-10-30,Active
C04699,Isabella,Jones,isabella.jones247@email.com,+1-529-139-3515,1994-05-31,Other,2023-03-03,Active
C04700,Emma,Thompson,emma.thompson927@email.com,+1-394-785-5451,1952-06-10,Male,2023-02-01,Active
C04701,Henry,Miller,henry.miller468@email.com,+1-538-926-4353,1981-06-03,Male,2023-05-23,Active
C04702,Chloe,Jones,chloe.jones870@email.com,+1-773-130-2832,1983-06-03,Other,2023-11-02,Active
C04703,Amelia,Brown,amelia.brown433@email.com,+1-636-726-7316,1962-06-08,Female,2023-06-09,Active
C04704,Alexander,Smith,alexander.smith255@email.com,+1-411-978-1023,1991-06-01,Female,2024-04-15,Active
C04705,Harper,Williams,harper.williams966@email.com,+1-219-498-2631,1992-05-31,Female,2023-10-12,Active
C04706,John,Anderson,john.anderson5@email.com,+1-231-802-9955,1958-06-09,Female,2024-03-12,Active
C04707,Michael,Moore,michael.moore29@email.com,+1-302-437-2556,1989-06-01,Female,2023-08-18,Active
C04708,William,Jackson,william.jackson969@email.com,+1-622-950-3784,1971-06-06,Male,2023-07-22,Active
C04709,Isabella,Martinez,isabella.martinez99@email.com,+1-321-467-1099,1967-06-07,Male,2024-02-10,Active
C04710,Andrew,Sanchez,andrew.sanchez418@email.com,+1-830-686-7810,1962-06-08,Other,2024-09-21,Active
C04711,Charlotte,Brown,charlotte.brown338@email.com,+1-366-825-6429,1964-06-07,Male,2023-12-16,Active
C04712,Lucas,Thompson,lucas.thompson167@email.com,+1-336-776-1786,1955-06-10,Other,2024-02-03,Active
C04713,Sebastian,Miller,sebastian.miller467@email.com,+1-863-555-5983,1991-06-01,Female,2024-05-05,Active
C04714,Noah,Thompson,noah.thompson872@email.com,+1-930-413-9141,1987-06-02,Male,2023-11-13,Active
C04715,Charlotte,Martin,charlotte.martin373@email.com,+1-247-890-2745,1987-06-02,Male,2024-10-03,Active
C04716,Mia,Clark,mia.clark333@email.com,+1-527-618-8133,1980-06-03,Female,2024-06-29,Active
C04717,Grace,Moore,grace.moore552@email.com,+1-381-511-1661,1980-06-03,Male,2024-05-19,Active
C04718,Henry,Moore,henry.moore602@email.com,+1-219-343-1325,1957-06-09,Female,2024-04-15,Active
C04719,Grace,Lewis,grace.lewis817@email.com,+1-719-107-8715,1981-06-03,Other,2024-09-02,Active
C04720,Ava,Sanchez,ava.sanchez911@email.com,+1-516-946-3150,1951-06-11,Other,2024-07-02,Active
C04721,Amelia,Lopez,amelia.lopez981@email.com,+1-919-436-5833,1985-06-02,Other,2023-02-24,Active
C04722,Victoria,Lewis,victoria.lewis186@email.com,+1-246-433-6777,1980-06-03,Female,2023-06-03,Active
C04723,Abigail,Anderson,abigail.anderson508@email.com,+1-813-721-2446,1996-05-30,Other,2024-09-13,Active
C04724,Avery,Jackson,avery.jackson817@email.com,+1-761-328-1300,1960-06-08,Female,2023-01-06,Active
C04725,Michael,Anderson,michael.anderson422@email.com,+1-346-552-5097,2002-05-29,Other,2024-02-03,Active
C04726,Ethan,Gonzalez,ethan.gonzalez1@email.com,+1-762-683-6843,1979-06-04,Other,2023-07-07,Active
C04727,Olivia,Sanchez,olivia.sanchez775@email.com,+1-311-999-6711,1997-05-30,Male,2023-02-25,Active
C04728,Mason,Harris,mason.harris211@email.com,+1-406-488-9547,2005-05-28,Female,2023-05-02,Active
C04729,Emma,Robinson,emma.robinson527@email.com,+1-400-378-8512,1961-06-08,Other,2023-10-15,Active
C04730,Ava,Jones,ava.jones688@email.com,+1-719-750-9457,1962-06-08,Other,2023-05-11,Active
C04731,Amelia,Smith,amelia.smith704@email.com,+1-707-387-7396,2001-05-29,Other,2024-09-14,Active
C04732,Lucas,White,lucas.white858@email.com,+1-785-718-8850,2000-05-29,Other,2023-05-20,Active
C04733,David,Brown,david.brown649@email.com,+1-536-812-7454,1995-05-31,Male,2024-11-12,Active
C04734,Samuel,Perez,samuel.perez498@email.com,+1-966-653-9504,1952-06-10,Female,2023-02-08,Active
C04735,William,Taylor,william.taylor375@email.com,+1-951-758-9390,1967-06-07,Other,2023-11-21,Active
C04736,Sophia,Moore,sophia.moore792@email.com,+1-985-364-4847,1983-06-03,Female,2023-05-22,Active
C04737,Lucas,Johnson,lucas.johnson729@email.com,+1-782-108-1066,1977-06-04,Male,2023-09-07,Active
C04738,John,Martinez,john.martinez631@email.com,+1-796-726-5869,1979-06-04,Female,2024-03-23,Active
C04739,Harper,Ramirez,harper.ramirez820@email.com,+1-517-383-2807,1983-06-03,Female,2024-11-17,Active
C04740,John,Lewis,john.lewis849@email.com,+1-374-861-7980,1968-06-06,Female,2024-08-15,Active
C04741,Michael,Martinez,michael.martinez670@email.com,+1-437-404-8404,2002-05-29,Other,2024-01-03,Active
C04742,Matthew,Smith,matthew.smith960@email.com,+1-951-365-5087,1967-06-07,Other,2024-01-17,Active
C04743,Scarlett,Miller,scarlett.miller944@email.com,+1-825-628-6396,1963-06-08,Other,2023-03-31,Active
C04744,Chloe,White,chloe.white56@email.com,+1-673-931-8031,1954-06-10,Other,2023-12-25,Active
C04745,Abigail,Anderson,abigail.anderson520@email.com,+1-974-328-9140,1966-06-07,Female,2024-01-29,Active
C04746,Sebastian,Williams,sebastian.williams388@email.com,+1-688-638-6069,1965-06-07,Female,2024-05-22,Active
C04747,Olivia,Thomas,olivia.thomas862@email.com,+1-910-315-1930,1966-06-07,Other,2023-10-05,Active
C04748,Sophia,Sanchez,sophia.sanchez704@email.com,+1-677-576-7355,1968-06-06,Other,2024-09-26,Active
C04749,Charlotte,Hernandez,charlotte.hernandez674@email.com,+1-226-757-1042,1974-06-05,Other,2023-08-16,Active
C04750,Benjamin,Gonzalez,benjamin.gonzalez598@email.com,+1-360-252-4125,1963-06-08,Other,2024-06-12,Active
C04751,Scarlett,Hernandez,scarlett.hernandez290@email.com,+1-213-341-4098,1971-06-06,Other,2023-11-09,Active
C04752,Victoria,Hernandez,victoria.hernandez134@email.com,+1-767-441-1708,2003-05-29,Male,2024-06-23,Active
C04753,Isabella,Robinson,isabella.robinson842@email.com,+1-899-920-7432,1998-05-30,Male,2024-02-13,Active
C04754,David,Davis,david.davis322@email.com,+1-911-787-6423,1969-06-06,Female,2024-09-01,Active
C04755,Avery,Jones,avery.jones269@email.com,+1-808-806-1878,2000-05-29,Male,2024-06-22,Active
C04756,Lucas,Rodriguez,lucas.rodriguez494@email.com,+1-698-176-5784,1987-06-02,Other,2023-10-24,Active
C04757,Olivia,Jackson,olivia.jackson249@email.com,+1-927-465-6143,1964-06-07,Female,2023-12-21,Active
C04758,Avery,Johnson,avery.johnson936@email.com,+1-352-137-1670,1978-06-04,Male,2023-11-07,Active
C04759,Harper,Williams,harper.williams200@email.com,+1-628-416-5349,1991-06-01,Other,2023-12-28,Active
C04760,Ella,Sanchez,ella.sanchez402@email.com,+1-313-884-3623,1972-06-05,Other,2024-09-12,Active
C04761,Lucas,Robinson,lucas.robinson679@email.com,+1-811-195-3416,1962-06-08,Other,2023-08-30,Active
C04762,Emma,Clark,emma.clark429@email.com,+1-532-130-8169,1951-06-11,Male,2023-11-13,Active
C04763,William,Garcia,william.garcia891@email.com,+1-353-654-4880,1968-06-06,Other,2023-03-01,Active
C04764,Liam,Lopez,liam.lopez396@email.com,+1-503-390-7868,1986-06-02,Other,2023-06-10,Active
C04765,Lucas,Perez,lucas.perez5@email.com,+1-462-479-7057,1971-06-06,Female,2024-02-04,Active
C04766,Michael,Johnson,michael.johnson130@email.com,+1-617-317-6453,1977-06-04,Male,2023-10-20,Active
C04767,Joseph,Thomas,joseph.thomas787@email.com,+1-751-720-6105,1967-06-07,Male,2024-05-24,Active
C04768,Isabella,Thomas,isabella.thomas420@email.com,+1-396-690-2011,1956-06-09,Other,2024-04-06,Active
C04769,Sofia,Johnson,sofia.johnson30@email.com,+1-732-282-5000,1984-06-02,Other,2023-11-18,Active
C04770,William,Wilson,william.wilson912@email.com,+1-776-117-4010,1999-05-30,Male,2023-01-29,Active
C04771,Noah,Jackson,noah.jackson455@email.com,+1-583-445-1382,1979-06-04,Male,2023-11-17,Active
C04772,Victoria,Johnson,victoria.johnson443@email.com,+1-858-573-1389,1965-06-07,Female,2024-10-24,Active
C04773,Sophia,Garcia,sophia.garcia40@email.com,+1-257-312-4420,1969-06-06,Female,2024-04-17,Active
C04774,Olivia,Anderson,olivia.anderson447@email.com,+1-813-587-3680,1997-05-30,Female,2024-09-05,Active
C04775,Ava,Moore,ava.moore665@email.com,+1-398-802-4893,1971-06-06,Male,2023-01-29,Active
C04776,Ava,White,ava.white611@email.com,+1-361-691-7191,1999-05-30,Other,2023-03-08,Active
C04777,Mason,Smith,mason.smith871@email.com,+1-545-329-1407,1998-05-30,Male,2023-08-28,Active
C04778,James,Robinson,james.robinson428@email.com,+1-243-986-1911,1952-06-10,Male,2023-06-08,Active
C04779,William,Taylor,william.taylor239@email.com,+1-868-574-8282,1979-06-04,Male,2024-03-20,Active
C04780,Noah,Hernandez,noah.hernandez293@email.com,+1-835-673-6310,1974-06-05,Other,2023-08-17,Active
C04781,Grace,Lewis,grace.lewis456@email.com,+1-370-660-3380,1996-05-30,Female,2024-10-29,Active
C04782,William,Garcia,william.garcia710@email.com,+1-876-630-1422,1982-06-03,Male,2024-10-11,Active
C04783,Chloe,Moore,chloe.moore55@email.com,+1-498-364-7815,1985-06-02,Female,2023-01-11,Active
C04784,Scarlett,Jackson,scarlett.jackson332@email.com,+1-340-858-5435,2008-05-27,Female,2023-08-17,Active
C04785,Chloe,Wilson,chloe.wilson839@email.com,+1-909-941-1318,1952-06-10,Female,2023-03-10,Active
C04786,Harper,Anderson,harper.anderson160@email.com,+1-911-742-5211,1985-06-02,Male,2024-01-16,Active
C04787,David,Miller,david.miller464@email.com,+1-763-576-5105,1973-06-05,Female,2023-09-08,Active
C04788,Grace,Rodriguez,grace.rodriguez15@email.com,+1-652-103-5466,1978-06-04,Female,2023-11-01,Active
C04789,David,Anderson,david.anderson795@email.com,+1-254-544-2415,1976-06-04,Other,2024-08-08,Active
C04790,Scarlett,Martin,scarlett.martin465@email.com,+1-356-658-6018,1975-06-05,Female,2024-07-26,Active
C04791,Noah,Sanchez,noah.sanchez614@email.com,+1-339-624-3402,1962-06-08,Other,2023-11-17,Active
C04792,Ava,Thompson,ava.thompson660@email.com,+1-974-486-5213,2007-05-28,Female,2024-08-31,Active
C04793,Emma,Hernandez,emma.hernandez201@email.com,+1-704-176-9453,1987-06-02,Male,2023-10-24,Active
C04794,Elizabeth,White,elizabeth.white735@email.com,+1-607-655-9442,2004-05-28,Male,2024-12-21,Active
C04795,Matthew,Gonzalez,matthew.gonzalez313@email.com,+1-683-990-7024,1999-05-30,Male,2023-03-21,Active
C04796,David,Jackson,david.jackson537@email.com,+1-395-226-3854,1973-06-05,Male,2024-04-07,Active
C04797,Daniel,Davis,daniel.davis383@email.com,+1-888-802-5424,1958-06-09,Female,2024-10-07,Active
C04798,Liam,Williams,liam.williams591@email.com,+1-818-187-5287,1975-06-05,Male,2023-06-11,Active
C04799,Avery,Smith,avery.smith954@email.com,+1-919-221-8721,1976-06-04,Other,2024-12-30,Active
C04800,Matthew,Thomas,matthew.thomas894@email.com,+1-305-475-3794,1979-06-04,Female,2024-11-21,Active
C04801,Sophia,White,sophia.white972@email.com,+1-256-582-5673,1994-05-31,Female,2024-11-02,Active
C04802,Amelia,Wilson,amelia.wilson999@email.com,+1-761-692-7111,1984-06-02,Other,2023-10-05,Active
C04803,Avery,Thompson,avery.thompson156@email.com,+1-863-400-7754,2005-05-28,Other,2024-10-07,Active
C04804,Abigail,Williams,abigail.williams94@email.com,+1-235-948-1008,1978-06-04,Other,2024-11-09,Active
C04805,Noah,Clark,noah.clark109@email.com,+1-708-668-6932,1997-05-30,Other,2024-12-03,Active
C04806,Emma,Lopez,emma.lopez50@email.com,+1-352-456-5735,1998-05-30,Female,2023-06-02,Active
C04807,Amelia,Thompson,amelia.thompson700@email.com,+1-832-279-1536,1965-06-07,Male,2024-10-09,Active
C04808,James,Martin,james.martin923@email.com,+1-681-473-8755,1979-06-04,Other,2024-03-31,Active
C04809,Michael,Lee,michael.lee236@email.com,+1-813-532-6264,1980-06-03,Other,2023-05-02,Active
C04810,Alexander,Rodriguez,alexander.rodriguez852@email.com,+1-978-271-6677,1966-06-07,Female,2024-07-30,Active
C04811,Andrew,Harris,andrew.harris760@email.com,+1-464-785-3715,2003-05-29,Female,2024-11-04,Active
C04812,Matthew,Martinez,matthew.martinez116@email.com,+1-557-897-4460,2006-05-28,Female,2023-10-07,Active
C04813,Daniel,Williams,daniel.williams923@email.com,+1-392-344-8513,1953-06-10,Male,2023-04-14,Active
C04814,Avery,Sanchez,avery.sanchez434@email.com,+1-969-504-8328,2001-05-29,Other,2023-12-09,Active
C04815,Elizabeth,Harris,elizabeth.harris940@email.com,+1-204-957-9686,1977-06-04,Female,2024-02-08,Active
C04816,Ethan,Sanchez,ethan.sanchez815@email.com,+1-668-408-1760,1989-06-01,Other,2023-12-26,Active
C04817,Andrew,White,andrew.white401@email.com,+1-728-621-2291,1971-06-06,Female,2024-03-25,Active
C04818,Andrew,Johnson,andrew.johnson528@email.com,+1-259-316-6528,1998-05-30,Female,2023-08-04,Active
C04819,Evelyn,White,evelyn.white47@email.com,+1-890-464-8277,1987-06-02,Female,2024-04-14,Active
C04820,Liam,Jackson,liam.jackson633@email.com,+1-791-671-8155,1992-05-31,Male,2024-05-31,Active
C04821,Daniel,Harris,daniel.harris250@email.com,+1-524-248-8231,2002-05-29,Male,2023-05-06,Active
C04822,Mason,Williams,mason.williams709@email.com,+1-258-817-9488,1953-06-10,Other,2023-12-17,Active
C04823,Ava,Moore,ava.moore257@email.com,+1-620-793-7951,1973-06-05,Other,2023-07-27,Active
C04824,Abigail,Martin,abigail.martin228@email.com,+1-369-178-4977,1982-06-03,Other,2024-01-01,Active
C04825,Mason,Taylor,mason.taylor682@email.com,+1-414-153-8437,1967-06-07,Male,2023-01-20,Active
C04826,Henry,Thompson,henry.thompson960@email.com,+1-744-108-1653,1966-06-07,Male,2024-07-25,Active
C04827,Sofia,Rodriguez,sofia.rodriguez159@email.com,+1-554-730-9115,2008-05-27,Male,2023-02-22,Active
C04828,Michael,Ramirez,michael.ramirez340@email.com,+1-503-659-3686,1953-06-10,Other,2023-05-23,Active
C04829,Ella,Robinson,ella.robinson811@email.com,+1-761-985-2670,2004-05-28,Male,2023-04-17,Active
C04830,Evelyn,Thomas,evelyn.thomas996@email.com,+1-899-361-9844,1989-06-01,Female,2024-03-20,Active
C04831,Elizabeth,Smith,elizabeth.smith302@email.com,+1-378-697-5061,1978-06-04,Male,2023-09-22,Active
C04832,Sebastian,Robinson,sebastian.robinson259@email.com,+1-898-585-3953,1981-06-03,Female,2024-10-10,Active
C04833,Ethan,Anderson,ethan.anderson188@email.com,+1-711-444-9770,1986-06-02,Female,2024-11-13,Active
C04834,William,Martin,william.martin853@email.com,+1-385-533-8307,1976-06-04,Other,2023-10-20,Active
C04835,Samuel,Lee,samuel.lee634@email.com,+1-665-703-9876,1978-06-04,Female,2023-07-13,Active
C04836,Michael,Martinez,michael.martinez286@email.com,+1-537-625-5226,2004-05-28,Female,2023-09-26,Active
C04837,Lucas,Rodriguez,lucas.rodriguez5@email.com,+1-318-725-3231,1995-05-31,Other,2023-05-16,Active
C04838,Sofia,Lewis,sofia.lewis939@email.com,+1-203-807-6378,1997-05-30,Female,2023-04-25,Active
C04839,David,Hernandez,david.hernandez680@email.com,+1-265-815-4420,1951-06-11,Female,2024-04-18,Active
C04840,Lucas,Taylor,lucas.taylor618@email.com,+1-227-213-3509,1990-06-01,Other,2024-03-21,Active
C04841,Evelyn,Thomas,evelyn.thomas619@email.com,+1-448-532-6725,1952-06-10,Male,2023-11-11,Active
C04842,Ava,Lopez,ava.lopez420@email.com,+1-767-922-7587,2000-05-29,Other,2024-08-14,Active
C04843,Lucas,Ramirez,lucas.ramirez918@email.com,+1-263-930-8624,1982-06-03,Other,2024-12-03,Active
C04844,Michael,Martin,michael.martin259@email.com,+1-730-130-6178,1984-06-02,Male,2024-05-08,Active
C04845,Olivia,Jones,olivia.jones724@email.com,+1-333-560-5907,2005-05-28,Male,2024-04-28,Active
C04846,Benjamin,Clark,benjamin.clark451@email.com,+1-891-280-9061,1982-06-03,Other,2024-10-23,Active
C04847,Mia,Martinez,mia.martinez306@email.com,+1-667-993-6769,1953-06-10,Male,2023-10-30,Active
C04848,Ava,Sanchez,ava.sanchez826@email.com,+1-307-233-2253,1964-06-07,Other,2024-05-31,Active
C04849,Emma,Thomas,emma.thomas558@email.com,+1-390-670-8999,1951-06-11,Male,2023-06-28,Active
C04850,Matthew,Wilson,matthew.wilson80@email.com,+1-526-813-5895,1953-06-10,Other,2024-01-11,Active
C04851,Scarlett,Hernandez,scarlett.hernandez526@email.com,+1-610-485-4795,1988-06-01,Female,2024-01-04,Active
C04852,Evelyn,Williams,evelyn.williams536@email.com,+1-229-269-9556,2000-05-29,Female,2024-07-04,Active
C04853,Ava,Garcia,ava.garcia937@email.com,+1-878-635-9852,1971-06-06,Female,2023-12-07,Active
C04854,Olivia,Robinson,olivia.robinson948@email.com,+1-523-954-5464,1963-06-08,Other,2023-11-28,Active
C04855,Victoria,Taylor,victoria.taylor780@email.com,+1-517-279-9795,1964-06-07,Male,2023-08-06,Active
C04856,Grace,Martinez,grace.martinez460@email.com,+1-236-436-3525,2003-05-29,Male,2024-11-16,Active
C04857,Amelia,Clark,amelia.clark691@email.com,+1-371-934-9853,2003-05-29,Female,2023-06-12,Active
C04858,Mia,Miller,mia.miller764@email.com,+1-363-117-4407,1975-06-05,Female,2023-10-16,Active
C04859,Jackson,Martinez,jackson.martinez130@email.com,+1-653-993-8873,2000-05-29,Female,2023-06-22,Active
C04860,Jackson,Moore,jackson.moore720@email.com,+1-879-896-6536,1999-05-30,Female,2024-06-24,Active
C04861,Samuel,Anderson,samuel.anderson757@email.com,+1-587-129-4984,1976-06-04,Male,2024-07-31,Active
C04862,Ella,Anderson,ella.anderson575@email.com,+1-431-951-5401,1961-06-08,Male,2023-10-10,Active
C04863,Emma,Wilson,emma.wilson187@email.com,+1-881-649-4728,1968-06-06,Female,2024-05-18,Active
C04864,Emily,Clark,emily.clark891@email.com,+1-972-874-7033,1987-06-02,Male,2023-08-28,Active
C04865,Jackson,Garcia,jackson.garcia198@email.com,+1-865-232-8420,1963-06-08,Other,2023-08-08,Active
C04866,Olivia,Johnson,olivia.johnson261@email.com,+1-538-318-6564,1963-06-08,Female,2023-07-07,Active
C04867,John,Thomas,john.thomas224@email.com,+1-262-228-8574,1968-06-06,Other,2024-05-20,Active
C04868,Isabella,Garcia,isabella.garcia564@email.com,+1-552-935-8342,1963-06-08,Female,2024-12-08,Active
C04869,Mia,Sanchez,mia.sanchez261@email.com,+1-242-881-3496,1987-06-02,Female,2024-01-27,Active
C04870,Evelyn,Robinson,evelyn.robinson421@email.com,+1-733-718-4652,1951-06-11,Female,2023-05-19,Active
C04871,David,Lee,david.lee40@email.com,+1-500-206-2703,1973-06-05,Female,2023-11-02,Active
C04872,Grace,Ramirez,grace.ramirez978@email.com,+1-270-468-7903,1983-06-03,Female,2023-03-20,Active
C04873,David,Davis,david.davis541@email.com,+1-600-961-6624,2008-05-27,Other,2023-12-08,Active
C04874,Alexander,Rodriguez,alexander.rodriguez528@email.com,+1-887-370-8065,1994-05-31,Other,2023-08-08,Active
C04875,Benjamin,Garcia,benjamin.garcia729@email.com,+1-382-738-2155,1990-06-01,Male,2023-01-25,Active
C04876,Grace,Martin,grace.martin339@email.com,+1-560-647-8622,2007-05-28,Female,2023-01-25,Active
C04877,Emma,Perez,emma.perez870@email.com,+1-633-265-4918,1992-05-31,Other,2023-02-07,Active
C04878,Abigail,Jackson,abigail.jackson861@email.com,+1-807-793-5571,1991-06-01,Female,2024-07-21,Active
C04879,Olivia,Thomas,olivia.thomas423@email.com,+1-224-751-6292,2003-05-29,Male,2024-06-03,Active
C04880,Isabella,Thompson,isabella.thompson49@email.com,+1-430-980-5013,2007-05-28,Other,2023-05-22,Active
C04881,Mason,Davis,mason.davis739@email.com,+1-716-610-2492,1974-06-05,Male,2023-12-13,Active
C04882,Amelia,Davis,amelia.davis365@email.com,+1-634-662-1873,1959-06-09,Other,2024-02-07,Active
C04883,Ava,Johnson,ava.johnson554@email.com,+1-889-117-2916,1995-05-31,Male,2023-12-23,Active
C04884,David,Rodriguez,david.rodriguez858@email.com,+1-402-433-7614,2000-05-29,Male,2023-09-19,Active
C04885,Avery,Thomas,avery.thomas170@email.com,+1-723-885-8549,1984-06-02,Female,2024-10-20,Active
C04886,Daniel,Martin,daniel.martin442@email.com,+1-875-735-7030,1971-06-06,Other,2023-09-15,Active
C04887,Evelyn,Lopez,evelyn.lopez984@email.com,+1-706-448-6623,1985-06-02,Other,2023-04-15,Active
C04888,Daniel,Smith,daniel.smith913@email.com,+1-550-431-4932,1984-06-02,Other,2023-01-27,Active
C04889,Isabella,Jackson,isabella.jackson728@email.com,+1-846-184-8259,1976-06-04,Female,2024-09-05,Active
C04890,Daniel,Lewis,daniel.lewis912@email.com,+1-493-176-4674,1998-05-30,Female,2023-04-02,Active
C04891,Abigail,Jones,abigail.jones757@email.com,+1-878-475-3349,1951-06-11,Female,2024-10-29,Active
C04892,Samuel,Lee,samuel.lee513@email.com,+1-367-893-2217,1988-06-01,Other,2023-11-24,Active
C04893,Sophia,Ramirez,sophia.ramirez69@email.com,+1-824-744-4030,1955-06-10,Female,2024-09-28,Active
C04894,Daniel,Thomas,daniel.thomas303@email.com,+1-927-402-6237,1957-06-09,Male,2024-08-01,Active
C04895,Benjamin,Johnson,benjamin.johnson809@email.com,+1-880-238-8759,1960-06-08,Female,2023-03-27,Active
C04896,Andrew,Lewis,andrew.lewis269@email.com,+1-674-307-1421,1959-06-09,Other,2023-07-25,Active
C04897,Sebastian,Jones,sebastian.jones308@email.com,+1-258-293-6937,1997-05-30,Male,2023-02-01,Active
C04898,Ethan,Sanchez,ethan.sanchez173@email.com,+1-955-391-5681,1964-06-07,Other,2024-12-22,Active
C04899,James,Jackson,james.jackson206@email.com,+1-991-546-4826,1955-06-10,Other,2024-03-10,Active
C04900,Liam,Jackson,liam.jackson257@email.com,+1-292-280-2450,1985-06-02,Male,2023-06-16,Active
C04901,Mia,Lopez,mia.lopez490@email.com,+1-785-424-2001,1990-06-01,Male,2023-01-07,Active
C04902,Ella,Martin,ella.martin936@email.com,+1-458-190-3233,1951-06-11,Male,2023-03-01,Active
C04903,William,Hernandez,william.hernandez310@email.com,+1-616-108-2414,2003-05-29,Other,2023-06-14,Active
C04904,Mason,Miller,mason.miller820@email.com,+1-509-858-4821,1963-06-08,Other,2024-04-07,Active
C04905,Daniel,Thomas,daniel.thomas71@email.com,+1-406-319-8084,1951-06-11,Male,2023-01-23,Active
C04906,David,Wilson,david.wilson560@email.com,+1-625-189-4041,1990-06-01,Male,2023-08-14,Active
C04907,Isabella,Brown,isabella.brown787@email.com,+1-319-254-1424,2003-05-29,Other,2024-07-15,Active
C04908,Benjamin,Taylor,benjamin.taylor86@email.com,+1-429-140-2511,1954-06-10,Other,2024-03-10,Active
C04909,Alexander,Moore,alexander.moore36@email.com,+1-366-732-9612,1973-06-05,Male,2023-04-25,Active
C04910,Grace,Lee,grace.lee541@email.com,+1-928-171-7223,1989-06-01,Female,2023-02-07,Active
C04911,Daniel,Garcia,daniel.garcia193@email.com,+1-319-944-2764,1953-06-10,Other,2023-02-08,Active
C04912,John,Johnson,john.johnson526@email.com,+1-357-171-4554,1983-06-03,Female,2024-06-18,Active
C04913,Sebastian,White,sebastian.white837@email.com,+1-912-311-2541,1994-05-31,Male,2023-10-06,Active
C04914,Jackson,Lewis,jackson.lewis884@email.com,+1-841-508-9012,1963-06-08,Female,2024-11-06,Active
C04915,Ava,Robinson,ava.robinson496@email.com,+1-287-111-4566,1951-06-11,Other,2023-01-24,Active
C04916,Chloe,Williams,chloe.williams634@email.com,+1-317-618-8850,1988-06-01,Male,2024-03-09,Active
C04917,Liam,Brown,liam.brown245@email.com,+1-939-310-3603,1991-06-01,Male,2024-12-08,Active
C04918,Harper,Jackson,harper.jackson377@email.com,+1-640-128-9078,1951-06-11,Female,2024-10-14,Active
C04919,Samuel,Thomas,samuel.thomas789@email.com,+1-600-453-1950,1986-06-02,Female,2023-08-12,Active
C04920,William,Lopez,william.lopez725@email.com,+1-868-570-3490,1956-06-09,Male,2024-05-14,Active
C04921,Elizabeth,Harris,elizabeth.harris765@email.com,+1-413-220-7461,1966-06-07,Male,2024-12-05,Active
C04922,Joseph,Lee,joseph.lee516@email.com,+1-945-178-2520,1961-06-08,Other,2023-03-05,Active
C04923,Noah,Hernandez,noah.hernandez790@email.com,+1-906-873-8200,1960-06-08,Male,2024-11-30,Active
C04924,Chloe,Martin,chloe.martin389@email.com,+1-990-310-1990,1953-06-10,Female,2023-10-24,Active
C04925,David,Smith,david.smith14@email.com,+1-553-708-5602,1953-06-10,Other,2023-11-15,Active
C04926,Matthew,Gonzalez,matthew.gonzalez703@email.com,+1-819-351-3243,1964-06-07,Male,2024-04-22,Active
C04927,David,Johnson,david.johnson30@email.com,+1-704-210-6214,1958-06-09,Male,2023-07-15,Active
C04928,Liam,Jackson,liam.jackson508@email.com,+1-267-380-1795,1996-05-30,Female,2023-06-08,Active
C04929,Lucas,Garcia,lucas.garcia222@email.com,+1-505-320-1501,1952-06-10,Female,2023-11-12,Active
C04930,Grace,Harris,grace.harris503@email.com,+1-500-392-9875,1973-06-05,Other,2023-01-21,Active
C04931,Charlotte,Martin,charlotte.martin897@email.com,+1-866-275-4987,1970-06-06,Female,2023-09-09,Active
C04932,Emma,Clark,emma.clark592@email.com,+1-704-290-3328,1974-06-05,Female,2023-07-13,Active
C04933,William,Perez,william.perez383@email.com,+1-763-445-5494,1953-06-10,Female,2024-01-02,Active
C04934,Mason,Miller,mason.miller636@email.com,+1-987-217-7894,1989-06-01,Male,2024-12-07,Active
C04935,Samuel,Ramirez,samuel.ramirez170@email.com,+1-996-869-4853,1974-06-05,Female,2023-10-20,Active
C04936,Sebastian,Robinson,sebastian.robinson212@email.com,+1-760-827-9012,1952-06-10,Female,2024-06-14,Active
C04937,Chloe,Clark,chloe.clark651@email.com,+1-397-248-4940,2006-05-28,Male,2023-07-06,Active
C04938,Harper,Thompson,harper.thompson242@email.com,+1-621-361-8192,1989-06-01,Other,2023-12-25,Active
C04939,Sofia,Wilson,sofia.wilson921@email.com,+1-480-629-8057,1991-06-01,Other,2023-08-28,Active
C04940,Sophia,Gonzalez,sophia.gonzalez237@email.com,+1-702-885-2447,1983-06-03,Male,2024-08-20,Active
C04941,Amelia,Brown,amelia.brown469@email.com,+1-540-453-3763,1978-06-04,Female,2023-05-23,Active
C04942,Matthew,Johnson,matthew.johnson125@email.com,+1-466-466-9411,1976-06-04,Male,2024-02-26,Active
C04943,Sophia,Brown,sophia.brown768@email.com,+1-994-375-5146,1980-06-03,Female,2024-10-11,Active
C04944,James,Moore,james.moore116@email.com,+1-923-419-4509,1951-06-11,Female,2023-01-12,Active
C04945,Ava,Williams,ava.williams425@email.com,+1-751-490-2937,1984-06-02,Female,2024-09-18,Active
C04946,Liam,Ramirez,liam.ramirez204@email.com,+1-584-177-2463,1998-05-30,Other,2023-07-22,Active
C04947,Matthew,White,matthew.white767@email.com,+1-222-901-6453,1963-06-08,Female,2024-01-17,Active
C04948,Henry,Gonzalez,henry.gonzalez995@email.com,+1-559-364-3874,1993-05-31,Other,2023-11-20,Active
C04949,Elizabeth,Taylor,elizabeth.taylor772@email.com,+1-461-969-4792,2003-05-29,Female,2023-08-08,Active
C04950,Henry,Sanchez,henry.sanchez28@email.com,+1-403-397-5467,1988-06-01,Other,2023-03-25,Active
C04951,Henry,Hernandez,henry.hernandez868@email.com,+1-780-462-7721,2008-05-27,Male,2023-10-24,Active
C04952,Amelia,Smith,amelia.smith872@email.com,+1-288-194-7777,1999-05-30,Male,2023-03-14,Active
C04953,Joseph,Harris,joseph.harris154@email.com,+1-425-635-7167,1991-06-01,Female,2023-05-10,Active
C04954,Isabella,Thompson,isabella.thompson102@email.com,+1-867-977-8291,1957-06-09,Female,2024-06-02,Active
C04955,Samuel,Davis,samuel.davis548@email.com,+1-576-773-1906,1955-06-10,Female,2023-05-17,Active
C04956,Avery,Smith,avery.smith809@email.com,+1-799-298-5237,1970-06-06,Other,2024-12-01,Active
C04957,Chloe,Williams,chloe.williams417@email.com,+1-899-469-1543,2004-05-28,Male,2023-06-24,Active
C04958,Charlotte,Wilson,charlotte.wilson823@email.com,+1-909-909-5253,1991-06-01,Male,2024-12-12,Active
C04959,Samuel,Lee,samuel.lee258@email.com,+1-775-378-4093,2006-05-28,Female,2023-09-03,Active
C04960,Emma,Thompson,emma.thompson431@email.com,+1-376-929-8979,1963-06-08,Female,2023-05-27,Active
C04961,Chloe,Hernandez,chloe.hernandez898@email.com,+1-926-227-5995,1986-06-02,Other,2024-06-29,Active
C04962,Harper,Martinez,harper.martinez628@email.com,+1-966-496-8008,1990-06-01,Female,2023-05-22,Active
C04963,Isabella,Clark,isabella.clark87@email.com,+1-959-869-8798,1986-06-02,Other,2023-01-19,Active
C04964,Jackson,Jones,jackson.jones487@email.com,+1-551-272-9200,2001-05-29,Male,2024-12-24,Active
C04965,Sofia,Robinson,sofia.robinson761@email.com,+1-935-985-2095,1995-05-31,Female,2023-03-09,Active
C04966,Henry,Martinez,henry.martinez473@email.com,+1-793-778-5662,1971-06-06,Female,2023-01-18,Active
C04967,James,Davis,james.davis321@email.com,+1-890-220-7705,1973-06-05,Male,2023-01-03,Active
C04968,Amelia,Clark,amelia.clark167@email.com,+1-632-385-9427,1963-06-08,Female,2023-04-21,Active
C04969,Ethan,Perez,ethan.perez979@email.com,+1-899-972-1756,1980-06-03,Male,2024-11-07,Active
C04970,Emma,Anderson,emma.anderson570@email.com,+1-305-228-5650,1987-06-02,Other,2023-03-21,Active
C04971,Avery,Gonzalez,avery.gonzalez975@email.com,+1-276-855-4922,1953-06-10,Female,2024-11-20,Active
C04972,Chloe,Martinez,chloe.martinez573@email.com,+1-488-192-5725,1963-06-08,Other,2024-07-07,Active
C04973,Lucas,Hernandez,lucas.hernandez731@email.com,+1-559-892-3453,1968-06-06,Male,2023-06-26,Active
C04974,Benjamin,Thomas,benjamin.thomas174@email.com,+1-890-647-8731,1953-06-10,Female,2023-01-01,Active
C04975,Matthew,Perez,matthew.perez504@email.com,+1-787-668-3042,2005-05-28,Male,2023-02-25,Active
C04976,Isabella,Wilson,isabella.wilson907@email.com,+1-533-487-5487,1963-06-08,Female,2023-03-20,Active
C04977,Ella,Brown,ella.brown848@email.com,+1-284-449-9481,1952-06-10,Male,2023-06-07,Active
C04978,Ava,Clark,ava.clark538@email.com,+1-679-138-9548,2004-05-28,Female,2023-05-03,Active
C04979,Emma,Thomas,emma.thomas746@email.com,+1-790-223-2900,2004-05-28,Male,2023-11-01,Active
C04980,Alexander,Robinson,alexander.robinson411@email.com,+1-463-360-7255,2003-05-29,Other,2023-01-02,Active
C04981,Sophia,Jackson,sophia.jackson877@email.com,+1-716-346-1988,1985-06-02,Female,2023-05-21,Active
C04982,Alexander,Garcia,alexander.garcia750@email.com,+1-985-409-9019,1956-06-09,Other,2024-05-28,Active
C04983,Samuel,Robinson,samuel.robinson560@email.com,+1-867-883-6512,1993-05-31,Male,2023-01-04,Active
C04984,Joseph,White,joseph.white686@email.com,+1-694-399-9119,2005-05-28,Male,2023-09-19,Active
C04985,Ella,Moore,ella.moore574@email.com,+1-323-747-3408,1997-05-30,Male,2024-01-18,Active
C04986,Michael,Robinson,michael.robinson98@email.com,+1-360-188-1504,1960-06-08,Male,2023-06-17,Active
C04987,Mia,Gonzalez,mia.gonzalez495@email.com,+1-785-699-1989,1966-06-07,Female,2023-04-12,Active
C04988,Matthew,Wilson,matthew.wilson746@email.com,+1-219-251-9866,1962-06-08,Female,2023-10-18,Active
C04989,Benjamin,Moore,benjamin.moore221@email.com,+1-784-762-6914,1982-06-03,Male,2023-09-18,Active
C04990,Alexander,Gonzalez,alexander.gonzalez777@email.com,+1-884-642-3188,2008-05-27,Other,2024-09-11,Active
C04991,Emma,Miller,emma.miller700@email.com,+1-962-583-1157,1980-06-03,Male,2023-05-04,Active
C04992,Olivia,Sanchez,olivia.sanchez252@email.com,+1-699-632-1995,1976-06-04,Other,2023-07-10,Active
C04993,Sofia,Robinson,sofia.robinson731@email.com,+1-921-882-8121,1998-05-30,Male,2023-05-18,Active
C04994,Olivia,Thomas,olivia.thomas820@email.com,+1-970-823-1575,1993-05-31,Other,2023-05-27,Active
C04995,Henry,Taylor,henry.taylor278@email.com,+1-808-258-8130,1989-06-01,Other,2023-08-16,Active
C04996,Grace,Anderson,grace.anderson886@email.com,+1-619-800-3883,1986-06-02,Female,2023-04-11,Active
C04997,Noah,Ramirez,noah.ramirez487@email.com,+1-493-789-5407,1988-06-01,Female,2024-01-18,Active
C04998,Avery,Jones,avery.jones438@email.com,+1-682-504-6905,2003-05-29,Female,2023-02-07,Active
C04999,Victoria,Taylor,victoria.taylor165@email.com,+1-714-205-8319,1977-06-04,Female,2023-05-11,Active
C05000,Ella,Jackson,ella.jackson359@email.com,+1-203-979-1661,1987-06-02,Female,2024-06-16,Active
